#include <stdio.h>
#include <stdlib.h>
//#include <conio.h>
//#include <dpmi.h>
//#include <sys/nearptr.h>
//#include <pc.h>
#include <malloc.h>
#include <string.h>
#include <time.h>
#include <math.h>
#include <libdragon.h>
//#include <dj.h>

//n64 - libdragon
extern void* __safe_buffer[];
#define __get_buffer(x) __safe_buffer[(x)-1]
#define __set_pixel(buffer, x, y, color) (buffer)[(x) + ((y) * 320)] = color //__width
uint16_t* buffer;
display_context_t _dc;
struct controller_data gKeys;
struct SI_condat Pressed1;
struct SI_condat Pressed2;
struct SI_condat Pressed3;
struct SI_condat Pressed4;

sprite_t *SprMenu;
sprite_t *SprLevel;
sprite_t *GobFont;
sprite_t *GobNumbers;
sprite_t *GobObjects;
sprite_t *GobRabbit;

int GHandle;

#define KEY_PL1_LEFT Pressed1.left //0xcb
#define KEY_PL1_RIGHT Pressed1.right		//0xcd
#define KEY_PL1_JUMP Pressed1.A	//0xc8
#define KEY_PL1_START Pressed1.start	//0xc8
#define KEY_PL2_LEFT Pressed2.left //gKeys[0].left	//0x1e
#define KEY_PL2_RIGHT Pressed2.right //gKeys[0].right		//0x20
#define KEY_PL2_JUMP Pressed2.A //gKeys[0].A	//0x11


#define NUM_POBS 100 //200
#define NUM_OBJECTS 100 //200
#define NUM_FLIES 20
#define NUM_LEFTOVERS 50

#define OBJ_SPRING 0
#define OBJ_SPLASH 1
#define OBJ_SMOKE 2
#define OBJ_YEL_BUTFLY 3
#define OBJ_PINK_BUTFLY 4
#define OBJ_FUR 5
#define OBJ_FLESH 6
#define OBJ_FLESH_TRACE 7

#define OBJ_ANIM_SPRING 0
#define OBJ_ANIM_SPLASH 1
#define OBJ_ANIM_SMOKE 2
#define OBJ_ANIM_YEL_BUTFLY_RIGHT 3
#define OBJ_ANIM_YEL_BUTFLY_LEFT 4
#define OBJ_ANIM_PINK_BUTFLY_RIGHT 5
#define OBJ_ANIM_PINK_BUTFLY_LEFT 6
#define OBJ_ANIM_FLESH_TRACE 7

#define MOD_MENU 0
#define MOD_GAME 1
#define MOD_SCORES 2

#define SFX_JUMP 0
#define SFX_LAND 1
#define SFX_DEATH 2
#define SFX_SPRING 3
#define SFX_SPLASH 4
#define SFX_FLY 5

#define SFX_JUMP_FREQ 15000
#define SFX_LAND_FREQ 15000
#define SFX_DEATH_FREQ 20000
#define SFX_SPRING_FREQ 15000
#define SFX_SPLASH_FREQ 12000
#define SFX_FLY_FREQ 12000



struct {
	char joy_enabled, mouse_enabled, num_mouse_buttons;
	char no_sound, no_gore, fireworks;
	char error_str[256];
  char draw_page, view_page;
	struct {
		int num_pobs;
		struct {
			int x, y;
			int image;
			char *pob_data;
			int back_buf_ofs;
		} pobs[NUM_POBS];
	} page_info[2];
	char *pob_backbuf[2];
} main_info;

struct {
	char enabled, dead_flag;
	int bumps;
	int bumped[4];
	int x, y;
  int x_add, y_add;
  char direction, jump_ready, jump_abort, in_water;
  int anim, frame, frame_tick, image;
} player[4];

struct {
	int num_frames;
  int restart_frame;
  struct {
  	int image;
    int ticks;
  } frame[4];
} player_anims[7];

struct {
	char used, type;
	int x, y;
  int x_add, y_add;
	int x_acc, y_acc;
  int anim;
  int frame, ticks;
  int image;
} objects[200]; //[300]

struct {
	int x, y;
	int raw_x, raw_y;
	char but1, but2;
	struct {
		int x1, x2, x3;
		int y1, y2, y3;
	} calib_data;
} joy;

struct {
	char but1, but2, but3;
} mouse;

char datfile_name[256];

//char *background_pic;
sprite_t *background_pic;
sprite_t* BackSpr[40];
signed char* data;

char *mask_pic;
char *object_gobs;
char *number_gobs;
char *rabbit_gobs;
char *font_gobs;

//#ifndef GOBD
//
//char rabbit_gob[] = {
//	0x48, 0x00, 0x22, 0x01, 0x00, 0x00, 0xED, 0x01, 0x00, 0x00, 0xB9, 0x02, 0x00, 0x00, 0xA1, 0x03, 0x00, 0x00, 0x79, 0x04, 0x00, 0x00, 0x45, 0x05, 0x00, 0x00, 0x1F, 0x06, 0x00, 0x00, 0x27, 0x07, 0x00, 0x00, 0x3F, 0x08, 0x00, 0x00, 0x24, 0x09, 0x00, 0x00, 0xEF, 0x09, 0x00, 0x00, 0xBB, 0x0A, 0x00, 0x00, 0xA3, 0x0B, 0x00, 0x00, 0x7B, 0x0C, 0x00, 0x00, 0x47, 0x0D, 0x00, 0x00, 0x21, 0x0E, 0x00, 0x00, 0x29, 0x0F, 0x00, 0x00, 0x41, 0x10, 0x00, 0x00, 0x26, 0x11, 0x00, 0x00, 0xF1, 0x11, 0x00, 0x00, 0xBD, 0x12, 0x00, 0x00, 0xA5, 0x13, 0x00, 0x00, 0x7D, 0x14, 0x00, 0x00, 0x49, 0x15, 0x00, 0x00, 0x23, 0x16, 0x00, 0x00, 0x2B, 0x17, 0x00, 0x00, 0x43, 0x18, 0x00, 0x00, 0x28, 0x19, 0x00, 0x00, 0xF3, 0x19, 0x00, 0x00, 0xBF, 0x1A, 0x00, 0x00, 0xA7, 0x1B, 0x00, 0x00, 0x7F, 0x1C, 0x00, 0x00, 0x4B, 0x1D, 0x00, 0x00, 0x25, 0x1E, 0x00, 0x00, 0x2D, 0x1F, 0x00, 0x00, 0x45, 0x20, 0x00, 0x00, 0x2A, 0x21, 0x00, 0x00, 0xF5, 0x21, 0x00, 0x00, 0xC1, 0x22, 0x00, 0x00, 0xA9, 0x23, 0x00, 0x00, 0x81, 0x24, 0x00, 0x00, 0x4D, 0x25, 0x00, 0x00, 0x27, 0x26, 0x00, 0x00, 0x2F, 0x27, 0x00, 0x00, 0x47, 0x28, 0x00, 0x00, 0x2C, 0x29, 0x00, 0x00, 0xF7, 0x29, 0x00, 0x00, 0xC3, 0x2A, 0x00, 0x00, 0xAB, 0x2B, 0x00, 0x00, 0x83, 0x2C, 0x00, 0x00, 0x4F, 0x2D, 0x00, 0x00, 0x29, 0x2E, 0x00, 0x00, 0x31, 0x2F, 0x00, 0x00, 0x49, 0x30, 0x00, 0x00, 0x2E, 0x31, 0x00, 0x00, 0xF9, 0x31, 0x00, 0x00, 0xC5, 0x32, 0x00, 0x00, 0xAD, 0x33, 0x00, 0x00, 0x85, 0x34, 0x00, 0x00, 0x51, 0x35, 0x00, 0x00, 0x2B, 0x36, 0x00, 0x00, 0x33, 0x37, 0x00, 0x00, 0x4B, 0x38, 0x00, 0x00, 0x30, 0x39, 0x00, 0x00, 0xFB, 0x39, 0x00, 0x00, 0xC7, 0x3A, 0x00, 0x00, 0xAF, 0x3B, 0x00, 0x00, 0x87, 0x3C, 0x00, 0x00, 0x53, 0x3D, 0x00, 0x00, 0x2D, 0x3E, 0x00, 0x00, 0x35, 0x3F, 0x00, 0x00, 0x4D, 0x40, 0x00, 0x00, 0x0D, 0x00, 0x0F, 0x00, 0xFE, 0xFF, 0xFF, 0xFF, 0x00, 0x00, 0xC4, 0xC4, 0xC2, 0x00, 0x00, 0x00, 0x00, 0xC2, 0xC1, 0xC1, 0x00, 0x00, 0xC4, 0xC1, 0xC1, 0xC1, 0xC1, 0x00, 0x00, 0xC2, 0xC2, 0xC2, 0xC1, 0xC1, 0x00, 0xC4, 0xC4, 0xC4, 0xC2, 0xC1, 0xC1, 0x00, 0xC3, 0xC3, 0x00, 0x00, 0x00, 0x00, 0x00, 0x00, 0x00, 0x00, 0xC4, 0xC1, 0x00, 0xC4, 0xC4, 0x00, 0x00, 0x00, 0x00, 0x00, 0x00, 0x00, 0xC4, 0xC2, 0xC2, 0xC2, 0xC1, 0xC1, 0xC3, 0x00, 0x00, 0x00, 0x00, 0x00, 0xC4, 0xC4, 0xC2, 0xC0, 0xC6, 0xC0, 0xC6, 0xC1, 0xC2, 0x00, 0x00, 0x00, 0x00, 0xC4, 0xC2, 0xC1, 0xC0, 0xC6, 0xC0, 0xC6, 0xC0, 0xC1, 0x00, 0x00, 0x00, 0x00, 0xC5, 0xC3, 0xC3, 0xC2, 0xC1, 0xC0, 0xC0, 0xC1, 0xC2, 0xC3, 0x00, 0x00, 0x00, 0xC5, 0xC4, 0xC1, 0xC0, 0xC0, 0xC1, 0xE0, 0xC0, 0xC0, 0xC2, 0x00, 0x00, 0x00, 0x00, 0xC5, 0xC4, 0xC1, 0xC1, 0xC4, 0xC2, 0xC0, 0xC2, 0x00, 0x00, 0xC2, 0xC3, 0xC4, 0xC5, 0xC5, 0xC4, 0xC4, 0xC0, 0xC0, 0x00, 0x00, 0x00, 0xC3, 0xC1, 0xC5, 0xC3, 0xC2, 0xC0, 0xC2, 0xC3, 0xC0, 0xC0, 0x00, 0x00, 0x00, 0x00, 0xC4, 0xC5, 0xC2, 0xC0, 0xC0, 0xC3, 0xC1, 0xC3, 0x00, 0x00, 0x00, 0x00, 0x00, 0x00, 0xC5, 0xC4, 0xC3, 0xC2, 0xC6, 0xC2, 0xC3, 0xC3, 0xC3, 0x00, 0x00, 0x00, 0xC4, 0xC1, 0xC0, 0xC4, 0xC0, 0xC4, 0xC0, 0xC3, 0xC2, 0xC0, 0xC3, 0x00, 0x0E, 0x00, 0x0E, 0x00, 0xFE, 0xFF, 0x00, 0x00, 0x00, 0x00, 0x00, 0xC4, 0xC4, 0xC2, 0xC1, 0x00, 0x00, 0xC2, 0xC2, 0xC1, 0xC1, 0x00, 0x00, 0x00, 0xC4, 0xC1, 0xC1, 0xC1, 0xC1, 0xC1, 0x00, 0xC3, 0xC3, 0xC2, 0xC1, 0xC1, 0x00, 0x00, 0xC4, 0xC4, 0xC4, 0x00, 0xC4, 0xC1, 0x00, 0xC4, 0xC4, 0x00, 0x00, 0x00, 0x00, 0x00, 0x00, 0x00, 0x00, 0xC4, 0xC2, 0xC2, 0xC2, 0xC1, 0xC1, 0xC3, 0x00, 0x00, 0x00, 0x00, 0x00, 0x00, 0xC4, 0xC4, 0xC2, 0xC0, 0xC6, 0xC0, 0xC6, 0xC1, 0xC2, 0x00, 0x00, 0x00, 0x00, 0x00, 0xC4, 0xC2, 0xC1, 0xC0, 0xC6, 0xC0, 0xC6, 0xC0, 0xC1, 0x00, 0x00, 0x00, 0x00, 0x00, 0xC5, 0xC3, 0xC3, 0xC2, 0xC1, 0xC0, 0xC0, 0xC1, 0xC2, 0xC3, 0x00, 0x00, 0x00, 0x00, 0x00, 0xC4, 0xC1, 0xC0, 0xC0, 0xC1, 0xE0, 0xC0, 0xC0, 0xC2, 0x00, 0x00, 0x00, 0xC3, 0xC4, 0xC5, 0xC4, 0xC1, 0xC1, 0xC4, 0xC2, 0xC0, 0xC2, 0x00, 0x00, 0xC3, 0xC1, 0xC5, 0xC3, 0xC4, 0xC4, 0xC4, 0xC4, 0xC0, 0xC0, 0x00, 0x00, 0x00, 0x00, 0x00, 0xC3, 0xC5, 0xC2, 0xC1, 0xC1, 0xC1, 0xC4, 0xC0, 0xC0, 0x00, 0x00, 0x00, 0x00, 0x00, 0x00, 0xC2, 0xC2, 0xC3, 0xC0, 0xC4, 0xC4, 0xC0, 0xC4, 0x00, 0x00, 0x00, 0x00, 0xC5, 0xC4, 0xC1, 0xC2, 0xC3, 0xC4, 0xC0, 0xC3, 0xC4, 0xC0, 0xC3, 0x00, 0x00, 0xC4, 0xC1, 0xC0, 0xC4, 0x00, 0x00, 0xC3, 0xC3, 0xC3, 0xC1, 0x00, 0x00, 0x00, 0x00, 0x0E, 0x00, 0x10, 0x00, 0xFE, 0xFF, 0x02, 0x00, 0x00, 0x00, 0x00, 0xC4, 0xC4, 0xC2, 0x00, 0x00, 0x00, 0x00, 0xC2, 0xC1, 0xC1, 0x00, 0x00, 0x00, 0xC4, 0xC1, 0xC1, 0xC1, 0xC1, 0x00, 0x00, 0xC2, 0xC2, 0xC2, 0xC1, 0xC2, 0x00, 0x00, 0xC4, 0xC4, 0xC4, 0xC2, 0xC1, 0xC1, 0x00, 0xC3, 0xC3, 0x00, 0x00, 0x00, 0x00, 0x00, 0x00, 0x00, 0x00, 0x00, 0xC4, 0xC1, 0x00, 0xC4, 0xC4, 0x00, 0x00, 0x00, 0x00, 0x00, 0x00, 0x00, 0x00, 0xC4, 0xC2, 0xC2, 0xC2, 0xC1, 0xC1, 0xC3, 0x00, 0x00, 0x00, 0x00, 0x00, 0x00, 0xC4, 0xC4, 0xC2, 0xC0, 0xC6, 0xC0, 0xC6, 0xC1, 0xC2, 0x00, 0x00, 0x00, 0x00, 0x00, 0xC4, 0xC2, 0xC1, 0xC0, 0xC6, 0xC0, 0xC6, 0xC0, 0xC1, 0x00, 0x00, 0x00, 0x00, 0x00, 0xC5, 0xC3, 0xC3, 0xC2, 0xC1, 0xC0, 0xC0, 0xC1, 0xC2, 0xC3, 0x00, 0x00, 0x00, 0x00, 0xC5, 0xC4, 0xC1, 0xC0, 0xC0, 0xC1, 0xE0, 0xC0, 0xC0, 0xC2, 0x00, 0x00, 0x00, 0x00, 0x00, 0xC5, 0xC4, 0xC1, 0xC1, 0xC4, 0xC2, 0xC0, 0xC2, 0x00, 0x00, 0x00, 0xC3, 0xC3, 0x00, 0xC5, 0xC5, 0xC4, 0xC4, 0xC0, 0xC0, 0x00, 0x00, 0x00, 0x00, 0xC3, 0xC1, 0xC4, 0xC4, 0xC4, 0xC2, 0xC4, 0x00, 0xC0, 0xC0, 0x00, 0x00, 0x00, 0x00, 0x00, 0xC4, 0xC5, 0xC2, 0xC1, 0xC0, 0xC2, 0xC4, 0x00, 0x00, 0x00, 0x00, 0x00, 0x00, 0x00, 0xC5, 0xC5, 0xC3, 0xC1, 0xC0, 0xC1, 0xC3, 0xC1, 0xC3, 0x00, 0x00, 0x00, 0xC3, 0xC1, 0xC1, 0xC3, 0x00, 0xC3, 0xC3, 0xC4, 0xC1, 0xC3, 0xC1, 0xC3, 0x00, 0x00, 0x00, 0xC4, 0xC4, 0x00, 0x00, 0x00, 0x00, 0x00, 0x00, 0x00, 0x00, 0x00, 0x00, 0x00, 0x0D, 0x00, 0x10, 0x00, 0xFD, 0xFF, 0x02, 0x00, 0x00, 0x00, 0xC4, 0xC4, 0x00, 0x00, 0x00, 0x00, 0x00, 0x00, 0xC2, 0xC2, 0x00, 0x00, 0x00, 0xC4, 0xC1, 0xC2, 0x00, 0x00, 0x00, 0x00, 0xC2, 0xC2, 0xC1, 0x00, 0x00, 0x00, 0x00, 0xC4, 0xC1, 0xC1, 0x00, 0x00, 0xC2, 0xC2, 0x00, 0x00, 0x00, 0x00, 0x00, 0x00, 0x00, 0x00, 0xC1, 0xC1, 0x00, 0xC3, 0xC3, 0x00, 0x00, 0x00, 0x00, 0x00, 0x00, 0x00, 0x00, 0xC4, 0xC1, 0x00, 0xC4, 0xC4, 0x00, 0x00, 0x00, 0x00, 0x00, 0x00, 0x00, 0xC4, 0xC2, 0xC2, 0xC2, 0xC1, 0xC1, 0xC3, 0x00, 0x00, 0x00, 0x00, 0x00, 0xC4, 0xC4, 0xC2, 0xC0, 0xC6, 0xC0, 0xC6, 0xC1, 0xC2, 0x00, 0x00, 0x00, 0x00, 0xC4, 0xC2, 0xC1, 0xC0, 0xC6, 0xC0, 0xC6, 0xC0, 0xC1, 0x00, 0x00, 0x00, 0x00, 0xC5, 0xC3, 0xC3, 0xC2, 0xC1, 0xC0, 0xC0, 0xC1, 0xC2, 0xC3, 0x00, 0x00, 0x00, 0xC5, 0xC4, 0xC1, 0xC0, 0xC0, 0xC1, 0xE0, 0xC0, 0xC0, 0xC2, 0x00, 0xC2, 0xC3, 0xC4, 0xC5, 0xC4, 0xC1, 0xC1, 0xC4, 0xC2, 0xC0, 0xC2, 0x00, 0xC3, 0xC1, 0xC5, 0xC3, 0xC4, 0xC4, 0xC4, 0xC4, 0xC0, 0xC0, 0x00, 0x00, 0x00, 0x00, 0xC4, 0xC5, 0xC2, 0xC1, 0xC1, 0xC1, 0xC4, 0xC0, 0xC0, 0x00, 0x00, 0x00, 0x00, 0xC5, 0xC4, 0xC1, 0xC2, 0xC2, 0xC0, 0xC1, 0xC4, 0x00, 0x00, 0x00, 0x00, 0xC3, 0xC1, 0xC0, 0xC4, 0x00, 0xC2, 0xC2, 0xC0, 0xC3, 0xC4, 0xC3, 0x00, 0x00, 0x00, 0x00, 0x00, 0x00, 0x00, 0x00, 0x00, 0xC3, 0xC0, 0xC3, 0xC0, 0xC3, 0x00, 0x0E, 0x00, 0x0E, 0x00, 0xFD, 0xFF, 0xFE, 0xFF, 0x00, 0xC4, 0xC1, 0xC1, 0xC1, 0x00, 0x00, 0x00, 0x00, 0x00, 0xC2, 0xC1, 0x00, 0x00, 0xC4, 0xC1, 0xC1, 0xC1, 0xC1, 0xC1, 0x00, 0x00, 0x00, 0xC2, 0xC2, 0xC2, 0xC1, 0x00, 0x00, 0xC1, 0xC1, 0x00, 0x00, 0xC2, 0xC2, 0xC2, 0xC1, 0xC1, 0x00, 0x00, 0xC1, 0xC1, 0x00, 0x00, 0x00, 0x00, 0xC4, 0xC2, 0xC2, 0xC6, 0xC1, 0xC6, 0xC3, 0x00, 0x00, 0x00, 0x00, 0x00, 0x00, 0xC4, 0xC4, 0xC2, 0xC0, 0xC6, 0xC0, 0xC6, 0xC1, 0xC1, 0x00, 0x00, 0x00, 0x00, 0x00, 0xC4, 0xC2, 0xC1, 0xC2, 0xC2, 0xC0, 0xC0, 0xC2, 0xC0, 0xC1, 0x00, 0x00, 0x00, 0x00, 0xC5, 0xC3, 0xC1, 0xC0, 0xC0, 0xC0, 0xE0, 0xC0, 0xC1, 0xC1, 0x00, 0x00, 0x00, 0x00, 0xC5, 0xC4, 0xC2, 0xC2, 0xC2, 0xC2, 0xC0, 0xC0, 0xC2, 0x00, 0x00, 0x00, 0x00, 0x00, 0xC4, 0xC4, 0xC4, 0xC2, 0xC4, 0xC4, 0xC0, 0xC0, 0x00, 0x00, 0x00, 0x00, 0xC3, 0xC1, 0xC4, 0xC3, 0xC2, 0xC0, 0xC2, 0xC4, 0xC0, 0xC0, 0x00, 0x00, 0x00, 0x00, 0x00, 0xC3, 0xC4, 0xC1, 0xC0, 0xC0, 0xC1, 0xC1, 0xC2, 0xC1, 0x00, 0x00, 0x00, 0x00, 0x00, 0x00, 0xC1, 0xC2, 0xC3, 0xC3, 0xC3, 0x00, 0x00, 0x00, 0x00, 0x00, 0x00, 0x00, 0xC0, 0xC1, 0xC3, 0xC3, 0xC1, 0xC3, 0x00, 0x00, 0x00, 0x00, 0x00, 0x00, 0x00, 0xC0, 0xC1, 0xC3, 0xC3, 0xC1, 0xC3, 0x00, 0x00, 0x00, 0x00, 0x00, 0x00, 0x00, 0x00, 0x0F, 0x00, 0x0E, 0x00, 0xFF, 0xFF, 0x00, 0x00, 0x00, 0x00, 0x00, 0x00, 0xC4, 0xC4, 0xC2, 0x00, 0x00, 0x00, 0x00, 0xC2, 0xC1, 0xC1, 0x00, 0x00, 0x00, 0x00, 0xC4, 0xC1, 0xC1, 0xC1, 0xC1, 0x00, 0x00, 0xC2, 0xC2, 0xC2, 0xC1, 0xC1, 0x00, 0x00, 0x00, 0xC4, 0xC4, 0xC4, 0xC2, 0xC1, 0xC1, 0x00, 0xC3, 0xC3, 0x00, 0x00, 0x00, 0x00, 0x00, 0x00, 0x00, 0x00, 0x00, 0x00, 0xC4, 0xC1, 0x00, 0xC4, 0xC4, 0x00, 0x00, 0x00, 0x00, 0x00, 0x00, 0x00, 0x00, 0x00, 0xC4, 0xC2, 0xC2, 0xC2, 0xC1, 0xC1, 0xC3, 0x00, 0x00, 0x00, 0x00, 0x00, 0x00, 0x00, 0xC4, 0xC4, 0xC2, 0xC0, 0xC6, 0xC0, 0xC6, 0xC1, 0xC2, 0x00, 0x00, 0x00, 0x00, 0x00, 0x00, 0xC4, 0xC2, 0xC1, 0xC0, 0xC6, 0xC0, 0xC6, 0xC0, 0xC1, 0x00, 0x00, 0x00, 0x00, 0x00, 0x00, 0xC5, 0xC3, 0xC3, 0xC2, 0xC1, 0xC0, 0xC0, 0xC1, 0xC2, 0xC3, 0x00, 0x00, 0x00, 0x00, 0x00, 0xC5, 0xC4, 0xC1, 0xC0, 0xC0, 0xC1, 0xE0, 0xC0, 0xC0, 0xC2, 0x00, 0x00, 0x00, 0x00, 0x00, 0x00, 0xC5, 0xC4, 0xC1, 0xC1, 0xC4, 0xC2, 0xC0, 0xC2, 0x00, 0x00, 0x00, 0xC3, 0xC1, 0xC4, 0xC4, 0xC4, 0xC2, 0xC4, 0xC4, 0xC0, 0xC0, 0x00, 0x00, 0x00, 0x00, 0x00, 0x00, 0xC4, 0xC5, 0xC2, 0xC1, 0xC0, 0xC2, 0xC4, 0xC0, 0xC0, 0x00, 0x00, 0x00, 0x00, 0x00, 0xC1, 0xC2, 0xC3, 0xC1, 0xC2, 0xC0, 0xC1, 0xC3, 0xC1, 0x00, 0x00, 0x00, 0x00, 0xC1, 0xC1, 0xC1, 0xC3, 0xC1, 0xC1, 0xC3, 0xC3, 0xC1, 0xC1, 0xC3, 0xC1, 0x00, 0x00, 0x00, 0x10, 0x00, 0x10, 0x00, 0x00, 0x00, 0x00, 0x00, 0x00, 0x00, 0x00, 0x00, 0x00, 0x00, 0xC1, 0xC1, 0xC1, 0x00, 0x00, 0x00, 0x00, 0xC1, 0xC1, 0x00, 0x00, 0x00, 0x00, 0x00, 0x00, 0x00, 0xC4, 0xC1, 0xC1, 0xC1, 0x00, 0xC1, 0xC1, 0xC1, 0xC1, 0x00, 0x00, 0x00, 0x00, 0x00, 0x00, 0x00, 0x00, 0xC4, 0xC1, 0xC1, 0x00, 0xC1, 0xC1, 0x00, 0x00, 0x00, 0x00, 0x00, 0x00, 0x00, 0x00, 0x00, 0x00, 0x00, 0xC1, 0xC1, 0x00, 0xC2, 0xC2, 0x00, 0x00, 0x00, 0x00, 0x00, 0x00, 0x00, 0x00, 0x00, 0x00, 0x00, 0xC2, 0xC1, 0x00, 0xC4, 0xC4, 0x00, 0x00, 0x00, 0x00, 0x00, 0x00, 0x00, 0x00, 0x00, 0x00, 0xC4, 0xC2, 0xC2, 0xC2, 0xC1, 0xC1, 0x00, 0x00, 0x00, 0x00, 0x00, 0x00, 0x00, 0x00, 0x00, 0xC4, 0xC4, 0xC2, 0xC0, 0xC0, 0xC0, 0xC0, 0xC1, 0x00, 0x00, 0x00, 0x00, 0x00, 0x00, 0x00, 0x00, 0xC4, 0xC2, 0xC1, 0xC0, 0xC6, 0xC0, 0xC6, 0xC0, 0xC1, 0x00, 0x00, 0x00, 0x00, 0x00, 0xC1, 0xC0, 0xC5, 0xC3, 0xC1, 0xC0, 0xC6, 0xC0, 0xC6, 0xC0, 0xC0, 0x00, 0xC2, 0xC0, 0xC0, 0x00, 0x00, 0xC0, 0xC5, 0xC4, 0xC1, 0xC1, 0xC1, 0xC0, 0xC0, 0xC2, 0xC2, 0x00, 0x00, 0xC2, 0xC0, 0xC0, 0x00, 0xC3, 0xC5, 0xC5, 0xC1, 0xC0, 0xC0, 0xC1, 0xE0, 0xC0, 0xC1, 0xC2, 0x00, 0x00, 0xC3, 0xC3, 0xC4, 0xC2, 0xC4, 0xC5, 0xC4, 0xC1, 0xC1, 0xC2, 0xC2, 0xC2, 0xC2, 0x00, 0x00, 0x00, 0x00, 0xC0, 0xC4, 0xC0, 0xC2, 0xC2, 0xC2, 0xC2, 0x00, 0xC0, 0xC0, 0x00, 0x00, 0x00, 0x00, 0x00, 0x00, 0x00, 0xC4, 0xC2, 0xC0, 0xC2, 0xC4, 0xC4, 0xC2, 0xC0, 0xC0, 0x00, 0x00, 0x00, 0x00, 0x00, 0x00, 0x00, 0x00, 0xC4, 0xC4, 0xC3, 0xC0, 0xC2, 0xC4, 0xC3, 0x00, 0x00, 0x00, 0x00, 0x00, 0x00, 0x00, 0x00, 0x00, 0x00, 0x00, 0x00, 0xC3, 0xC0, 0x00, 0xC3, 0xC0, 0x00, 0x00, 0x00, 0x11, 0x00, 0x10, 0x00, 0x01, 0x00, 0x00, 0x00, 0x00, 0x00, 0x00, 0x00, 0x00, 0x00, 0x00, 0x00, 0xC1, 0xC1, 0x00, 0x00, 0x00, 0xC1, 0x00, 0x00, 0x00, 0x00, 0x00, 0x00, 0x00, 0x00, 0x00, 0x00, 0xC4, 0xC1, 0xC1, 0xC1, 0x00, 0xC1, 0xC1, 0xC1, 0x00, 0x00, 0x00, 0x00, 0x00, 0x00, 0x00, 0x00, 0x00, 0x00, 0xC4, 0xC1, 0xC1, 0x00, 0xC1, 0xC1, 0x00, 0x00, 0x00, 0x00, 0x00, 0x00, 0x00, 0x00, 0x00, 0x00, 0x00, 0xC1, 0xC1, 0x00, 0x00, 0xC2, 0xC1, 0xC2, 0x00, 0x00, 0x00, 0x00, 0x00, 0x00, 0x00, 0x00, 0x00, 0x00, 0xC1, 0xC2, 0x00, 0x00, 0xC4, 0xC1, 0xC2, 0x00, 0x00, 0x00, 0x00, 0x00, 0x00, 0x00, 0x00, 0x00, 0x00, 0xC4, 0xC2, 0xC2, 0xC2, 0xC1, 0xC1, 0x00, 0x00, 0x00, 0x00, 0x00, 0x00, 0x00, 0x00, 0x00, 0x00, 0xC4, 0xC4, 0xC2, 0xC0, 0xC0, 0xC0, 0xC0, 0xC1, 0x00, 0x00, 0x00, 0x00, 0x00, 0x00, 0x00, 0x00, 0x00, 0xC4, 0xC2, 0xC1, 0xC0, 0xC6, 0xC0, 0xC6, 0xC0, 0xC1, 0x00, 0x00, 0x00, 0x00, 0x00, 0x00, 0x00, 0xC2, 0xC5, 0xC3, 0xC1, 0xC0, 0xC6, 0xC0, 0xC6, 0xC0, 0xC0, 0x00, 0xC2, 0xC0, 0xC0, 0x00, 0x00, 0x00, 0x00, 0xC5, 0xC4, 0xC1, 0xC1, 0xC1, 0xC0, 0xC0, 0xC2, 0xC2, 0x00, 0x00, 0xC2, 0xC0, 0xC0, 0x00, 0x00, 0xC3, 0xC5, 0xC5, 0xC1, 0xC0, 0xC0, 0xC1, 0xE0, 0xC0, 0xC1, 0xC2, 0x00, 0x00, 0x00, 0xC3, 0xC3, 0xC4, 0xC2, 0xC4, 0xC5, 0xC4, 0xC1, 0xC1, 0xC2, 0xC2, 0xC2, 0xC2, 0x00, 0x00, 0x00, 0x00, 0x00, 0xC0, 0xC4, 0xC0, 0xC2, 0xC2, 0xC2, 0xC2, 0x00, 0xC0, 0xC0, 0x00, 0x00, 0x00, 0x00, 0x00, 0x00, 0x00, 0x00, 0xC4, 0xC2, 0xC0, 0xC2, 0xC4, 0xC4, 0xC2, 0xC0, 0xC0, 0x00, 0x00, 0x00, 0x00, 0x00, 0x00, 0x00, 0x00, 0x00, 0xC4, 0xC4, 0xC2, 0xC2, 0x00, 0xC4, 0xC3, 0xC0, 0x00, 0x00, 0x00, 0x00, 0x00, 0x00, 0x00, 0x00, 0x00, 0x00, 0x00, 0xC2, 0xC0, 0x00, 0x00, 0xC3, 0xC3, 0xC0, 0x00, 0x00, 0x11, 0x00, 0x0D, 0x00, 0xFF, 0xFF, 0xFD, 0xFF, 0x00, 0x00, 0x00, 0x00, 0x00, 0x00, 0x00, 0x00, 0xC1, 0x00, 0x00, 0x00, 0x00, 0x00, 0x00, 0x00, 0x00, 0x00, 0x00, 0x00, 0x00, 0x00, 0xC1, 0x00, 0x00, 0xC1, 0x00, 0x00, 0xC1, 0x00, 0x00, 0x00, 0x00, 0x00, 0x00, 0x00, 0xC4, 0x00, 0x00, 0x00, 0xC1, 0x00, 0x00, 0x00, 0xC1, 0x00, 0x00, 0x00, 0x00, 0x00, 0x00, 0x00, 0xC4, 0xC1, 0xC1, 0xC2, 0x00, 0x00, 0x00, 0x00, 0x00, 0x00, 0x00, 0x00, 0xC1, 0xC1, 0xC1, 0xC4, 0x00, 0xC4, 0xC4, 0xC2, 0xC2, 0xC1, 0xC1, 0xC2, 0x00, 0x00, 0xC4, 0xC2, 0xC2, 0xC2, 0xC2, 0xC4, 0xC4, 0x00, 0x00, 0x00, 0x00, 0xC4, 0xC4, 0xC2, 0xC2, 0xC1, 0xC1, 0xC1, 0xC2, 0xC3, 0x00, 0x00, 0x00, 0x00, 0x00, 0x00, 0x00, 0x00, 0xC4, 0xC2, 0xC1, 0xC1, 0xC1, 0xC1, 0xC1, 0xC2, 0xC1, 0x00, 0x00, 0x00, 0x00, 0x00, 0x00, 0xC3, 0xC3, 0xC5, 0xC3, 0xC1, 0xC3, 0xC6, 0xC0, 0xC6, 0xC3, 0xC2, 0x00, 0x00, 0x00, 0x00, 0x00, 0xC3, 0xC1, 0xC3, 0xC5, 0xC4, 0xC1, 0xC0, 0xC0, 0xC1, 0xE0, 0xC0, 0xC0, 0xC2, 0x00, 0x00, 0x00, 0x00, 0x00, 0xC3, 0xC5, 0xC3, 0xC5, 0xC4, 0xC1, 0xC1, 0xC4, 0xC2, 0xC2, 0xC2, 0xC3, 0x00, 0x00, 0x00, 0x00, 0x00, 0x00, 0xC5, 0xC2, 0xC0, 0xC0, 0xC3, 0xC4, 0xC0, 0xC0, 0x00, 0x00, 0x00, 0x00, 0x00, 0x00, 0x00, 0x00, 0x00, 0xC5, 0xC4, 0xC3, 0xC2, 0xC6, 0xC3, 0xC0, 0xC0, 0xC3, 0xC3, 0xC3, 0x00, 0x00, 0x00, 0xC4, 0xC1, 0xC0, 0xC2, 0xC4, 0xC4, 0xC4, 0xC0, 0xC4, 0xC3, 0xC0, 0xC2, 0xC2, 0xC0, 0xC3, 0x00, 0x00, 0x0D, 0x00, 0x0F, 0x00, 0xFF, 0xFF, 0xFF, 0xFF, 0x00, 0xC1, 0xC1, 0xC2, 0x00, 0x00, 0x00, 0x00, 0xC2, 0xC4, 0xC4, 0x00, 0x00, 0xC1, 0xC1, 0xC2, 0xC2, 0xC2, 0x00, 0x00, 0xC1, 0xC1, 0xC1, 0xC1, 0xC4, 0x00, 0x00, 0x00, 0x00, 0xC3, 0xC3, 0x00, 0xC1, 0xC1, 0xC2, 0xC4, 0xC4, 0xC4, 0x00, 0x00, 0x00, 0x00, 0xC4, 0xC4, 0x00, 0xC1, 0xC4, 0x00, 0x00, 0x00, 0x00, 0x00, 0x00, 0x00, 0xC3, 0xC1, 0xC1, 0xC2, 0xC2, 0xC2, 0xC4, 0x00, 0x00, 0x00, 0x00, 0x00, 0xC2, 0xC1, 0xC6, 0xC0, 0xC6, 0xC0, 0xC2, 0xC4, 0xC4, 0x00, 0x00, 0x00, 0x00, 0xC1, 0xC0, 0xC6, 0xC0, 0xC6, 0xC0, 0xC1, 0xC2, 0xC4, 0x00, 0x00, 0x00, 0xC3, 0xC2, 0xC1, 0xC0, 0xC0, 0xC1, 0xC2, 0xC3, 0xC3, 0xC5, 0x00, 0x00, 0x00, 0xC2, 0xC0, 0xC0, 0xE0, 0xC1, 0xC0, 0xC0, 0xC1, 0xC4, 0xC5, 0x00, 0x00, 0x00, 0x00, 0xC2, 0xC0, 0xC2, 0xC4, 0xC1, 0xC1, 0xC4, 0xC5, 0x00, 0x00, 0x00, 0x00, 0x00, 0x00, 0x00, 0xC0, 0xC0, 0xC4, 0xC4, 0xC5, 0xC5, 0xC4, 0xC3, 0xC2, 0x00, 0x00, 0x00, 0x00, 0xC0, 0xC0, 0xC3, 0xC2, 0xC0, 0xC2, 0xC3, 0xC5, 0xC1, 0xC3, 0x00, 0x00, 0x00, 0x00, 0xC3, 0xC1, 0xC3, 0xC0, 0xC0, 0xC2, 0xC5, 0xC4, 0x00, 0x00, 0x00, 0xC3, 0xC3, 0xC3, 0xC2, 0xC6, 0xC2, 0xC3, 0xC4, 0xC5, 0x00, 0x00, 0x00, 0xC3, 0xC0, 0xC2, 0xC3, 0xC0, 0xC4, 0xC0, 0xC4, 0xC0, 0xC1, 0xC4, 0x00, 0x0E, 0x00, 0x0E, 0x00, 0x00, 0x00, 0x00, 0x00, 0x00, 0xC1, 0xC1, 0xC2, 0xC2, 0x00, 0x00, 0xC1, 0xC2, 0xC4, 0xC4, 0x00, 0x00, 0x00, 0xC1, 0xC1, 0xC2, 0xC3, 0xC3, 0x00, 0xC1, 0xC1, 0xC1, 0xC1, 0xC1, 0xC4, 0x00, 0x00, 0x00, 0x00, 0x00, 0xC4, 0xC4, 0x00, 0xC1, 0xC4, 0x00, 0xC4, 0xC4, 0xC4, 0x00, 0x00, 0x00, 0x00, 0xC3, 0xC1, 0xC1, 0xC2, 0xC2, 0xC2, 0xC4, 0x00, 0x00, 0x00, 0x00, 0x00, 0x00, 0xC2, 0xC1, 0xC6, 0xC0, 0xC6, 0xC0, 0xC2, 0xC4, 0xC4, 0x00, 0x00, 0x00, 0x00, 0x00, 0xC1, 0xC0, 0xC6, 0xC0, 0xC6, 0xC0, 0xC1, 0xC2, 0xC4, 0x00, 0x00, 0x00, 0x00, 0xC3, 0xC2, 0xC1, 0xC0, 0xC0, 0xC1, 0xC2, 0xC3, 0xC3, 0xC5, 0x00, 0x00, 0x00, 0x00, 0xC2, 0xC0, 0xC0, 0xE0, 0xC1, 0xC0, 0xC0, 0xC1, 0xC4, 0x00, 0x00, 0x00, 0x00, 0x00, 0x00, 0xC2, 0xC0, 0xC2, 0xC4, 0xC1, 0xC1, 0xC4, 0xC5, 0xC4, 0xC3, 0x00, 0x00, 0x00, 0x00, 0x00, 0x00, 0xC0, 0xC0, 0xC4, 0xC4, 0xC4, 0xC4, 0xC3, 0xC5, 0xC1, 0xC3, 0x00, 0x00, 0x00, 0x00, 0xC0, 0xC0, 0xC4, 0xC1, 0xC1, 0xC1, 0xC2, 0xC5, 0xC3, 0x00, 0x00, 0x00, 0x00, 0x00, 0xC4, 0xC0, 0xC4, 0xC4, 0xC0, 0xC3, 0xC2, 0xC2, 0x00, 0x00, 0x00, 0x00, 0x00, 0xC3, 0xC0, 0xC4, 0xC3, 0xC0, 0xC4, 0xC3, 0xC2, 0xC1, 0xC4, 0xC5, 0x00, 0x00, 0x00, 0x00, 0x00, 0xC1, 0xC3, 0xC3, 0xC3, 0x00, 0x00, 0xC4, 0xC0, 0xC1, 0xC4, 0x0E, 0x00, 0x10, 0x00, 0x00, 0x00, 0x02, 0x00, 0x00, 0xC1, 0xC1, 0xC2, 0x00, 0x00, 0x00, 0x00, 0xC2, 0xC4, 0xC4, 0x00, 0x00, 0x00, 0xC2, 0xC1, 0xC2, 0xC2, 0xC2, 0x00, 0x00, 0xC1, 0xC1, 0xC1, 0xC1, 0xC4, 0x00, 0x00, 0x00, 0x00, 0x00, 0xC3, 0xC3, 0x00, 0xC1, 0xC1, 0xC2, 0xC4, 0xC4, 0xC4, 0x00, 0x00, 0x00, 0x00, 0x00, 0xC4, 0xC4, 0x00, 0xC1, 0xC4, 0x00, 0x00, 0x00, 0x00, 0x00, 0x00, 0x00, 0x00, 0xC3, 0xC1, 0xC1, 0xC2, 0xC2, 0xC2, 0xC4, 0x00, 0x00, 0x00, 0x00, 0x00, 0x00, 0xC2, 0xC1, 0xC6, 0xC0, 0xC6, 0xC0, 0xC2, 0xC4, 0xC4, 0x00, 0x00, 0x00, 0x00, 0x00, 0xC1, 0xC0, 0xC6, 0xC0, 0xC6, 0xC0, 0xC1, 0xC2, 0xC4, 0x00, 0x00, 0x00, 0x00, 0xC3, 0xC2, 0xC1, 0xC0, 0xC0, 0xC1, 0xC2, 0xC3, 0xC3, 0xC5, 0x00, 0x00, 0x00, 0x00, 0xC2, 0xC0, 0xC0, 0xE0, 0xC1, 0xC0, 0xC0, 0xC1, 0xC4, 0xC5, 0x00, 0x00, 0x00, 0x00, 0x00, 0xC2, 0xC0, 0xC2, 0xC4, 0xC1, 0xC1, 0xC4, 0xC5, 0x00, 0x00, 0x00, 0x00, 0x00, 0x00, 0x00, 0x00, 0xC0, 0xC0, 0xC4, 0xC4, 0xC5, 0xC5, 0x00, 0xC3, 0xC3, 0x00, 0x00, 0x00, 0x00, 0x00, 0xC0, 0xC0, 0x00, 0xC4, 0xC2, 0xC4, 0xC4, 0xC4, 0xC1, 0xC3, 0x00, 0x00, 0x00, 0x00, 0x00, 0x00, 0xC4, 0xC2, 0xC0, 0xC1, 0xC2, 0xC5, 0xC4, 0x00, 0x00, 0x00, 0x00, 0x00, 0xC3, 0xC1, 0xC3, 0xC1, 0xC0, 0xC1, 0xC3, 0xC5, 0xC5, 0x00, 0x00, 0x00, 0x00, 0xC3, 0xC1, 0xC3, 0xC1, 0xC4, 0xC3, 0xC3, 0x00, 0xC3, 0xC1, 0xC1, 0xC3, 0x00, 0x00, 0x00, 0x00, 0x00, 0x00, 0x00, 0x00, 0x00, 0x00, 0x00, 0xC4, 0xC4, 0x00, 0x0D, 0x00, 0x10, 0x00, 0x00, 0x00, 0x02, 0x00, 0x00, 0xC2, 0xC2, 0x00, 0x00, 0x00, 0x00, 0x00, 0x00, 0xC4, 0xC4, 0x00, 0x00, 0x00, 0xC1, 0xC2, 0xC2, 0x00, 0x00, 0x00, 0x00, 0xC2, 0xC1, 0xC4, 0x00, 0x00, 0x00, 0x00, 0x00, 0xC2, 0xC2, 0x00, 0x00, 0xC1, 0xC1, 0xC4, 0x00, 0x00, 0x00, 0x00, 0x00, 0x00, 0xC3, 0xC3, 0x00, 0xC1, 0xC1, 0x00, 0x00, 0x00, 0x00, 0x00, 0x00, 0x00, 0x00, 0xC4, 0xC4, 0x00, 0xC1, 0xC4, 0x00, 0x00, 0x00, 0x00, 0x00, 0x00, 0x00, 0xC3, 0xC1, 0xC1, 0xC2, 0xC2, 0xC2, 0xC4, 0x00, 0x00, 0x00, 0x00, 0x00, 0xC2, 0xC1, 0xC6, 0xC0, 0xC6, 0xC0, 0xC2, 0xC4, 0xC4, 0x00, 0x00, 0x00, 0x00, 0xC1, 0xC0, 0xC6, 0xC0, 0xC6, 0xC0, 0xC1, 0xC2, 0xC4, 0x00, 0x00, 0x00, 0xC3, 0xC2, 0xC1, 0xC0, 0xC0, 0xC1, 0xC2, 0xC3, 0xC3, 0xC5, 0x00, 0x00, 0x00, 0xC2, 0xC0, 0xC0, 0xE0, 0xC1, 0xC0, 0xC0, 0xC1, 0xC4, 0xC5, 0x00, 0x00, 0x00, 0x00, 0xC2, 0xC0, 0xC2, 0xC4, 0xC1, 0xC1, 0xC4, 0xC5, 0xC4, 0xC3, 0xC2, 0x00, 0x00, 0x00, 0x00, 0xC0, 0xC0, 0xC4, 0xC4, 0xC4, 0xC4, 0xC3, 0xC5, 0xC1, 0xC3, 0x00, 0x00, 0x00, 0xC0, 0xC0, 0xC4, 0xC1, 0xC1, 0xC1, 0xC2, 0xC5, 0xC4, 0x00, 0x00, 0x00, 0x00, 0x00, 0xC4, 0xC1, 0xC0, 0xC2, 0xC2, 0xC1, 0xC4, 0xC5, 0x00, 0x00, 0x00, 0xC3, 0xC4, 0xC3, 0xC0, 0xC2, 0xC2, 0x00, 0xC4, 0xC0, 0xC1, 0xC3, 0x00, 0xC3, 0xC0, 0xC3, 0xC0, 0xC3, 0x00, 0x00, 0x00, 0x00, 0x00, 0x00, 0x00, 0x0E, 0x00, 0x0E, 0x00, 0x01, 0x00, 0xFF, 0xFF, 0x00, 0x00, 0xC1, 0xC2, 0x00, 0x00, 0x00, 0x00, 0x00, 0xC1, 0xC1, 0xC1, 0xC4, 0x00, 0x00, 0xC1, 0xC2, 0xC2, 0xC2, 0x00, 0x00, 0x00, 0xC1, 0xC1, 0xC1, 0xC1, 0xC1, 0xC4, 0xC1, 0xC1, 0x00, 0x00, 0xC1, 0xC1, 0xC2, 0xC2, 0xC2, 0x00, 0x00, 0xC1, 0xC1, 0x00, 0x00, 0x00, 0x00, 0xC3, 0xC6, 0xC1, 0xC6, 0xC2, 0xC2, 0xC4, 0x00, 0x00, 0x00, 0x00, 0x00, 0x00, 0xC1, 0xC1, 0xC6, 0xC0, 0xC6, 0xC0, 0xC2, 0xC4, 0xC4, 0x00, 0x00, 0x00, 0x00, 0xC1, 0xC0, 0xC2, 0xC0, 0xC0, 0xC2, 0xC2, 0xC1, 0xC2, 0xC4, 0x00, 0x00, 0x00, 0x00, 0xC1, 0xC1, 0xC0, 0xE0, 0xC0, 0xC0, 0xC0, 0xC1, 0xC3, 0xC5, 0x00, 0x00, 0x00, 0x00, 0x00, 0xC2, 0xC2, 0xC2, 0xC2, 0xC2, 0xC2, 0xC2, 0xC4, 0xC5, 0x00, 0x00, 0x00, 0x00, 0x00, 0x00, 0xC0, 0xC0, 0xC4, 0xC4, 0xC2, 0xC4, 0xC4, 0xC4, 0x00, 0x00, 0x00, 0x00, 0x00, 0x00, 0xC0, 0xC0, 0xC4, 0xC2, 0xC0, 0xC2, 0xC3, 0xC4, 0xC1, 0xC3, 0x00, 0x00, 0x00, 0x00, 0xC1, 0xC2, 0xC1, 0xC1, 0xC0, 0xC0, 0xC1, 0xC4, 0xC3, 0x00, 0x00, 0x00, 0x00, 0x00, 0x00, 0x00, 0x00, 0xC3, 0xC3, 0xC3, 0xC2, 0xC1, 0x00, 0x00, 0x00, 0x00, 0x00, 0x00, 0x00, 0x00, 0x00, 0x00, 0xC3, 0xC1, 0xC3, 0xC3, 0xC1, 0xC0, 0x00, 0x00, 0x00, 0x00, 0x00, 0x00, 0x00, 0x00, 0x00, 0xC3, 0xC1, 0xC3, 0xC3, 0xC1, 0xC0, 0x0F, 0x00, 0x0E, 0x00, 0x00, 0x00, 0x01, 0x00, 0x00, 0xC1, 0xC1, 0xC2, 0x00, 0x00, 0x00, 0x00, 0xC2, 0xC4, 0xC4, 0x00, 0x00, 0x00, 0x00, 0xC1, 0xC1, 0xC2, 0xC2, 0xC2, 0x00, 0x00, 0xC1, 0xC1, 0xC1, 0xC1, 0xC4, 0x00, 0x00, 0x00, 0x00, 0x00, 0x00, 0xC3, 0xC3, 0x00, 0xC1, 0xC1, 0xC2, 0xC4, 0xC4, 0xC4, 0x00, 0x00, 0x00, 0x00, 0x00, 0x00, 0xC4, 0xC4, 0x00, 0xC1, 0xC4, 0x00, 0x00, 0x00, 0x00, 0x00, 0x00, 0x00, 0x00, 0x00, 0xC3, 0xC1, 0xC1, 0xC2, 0xC2, 0xC2, 0xC4, 0x00, 0x00, 0x00, 0x00, 0x00, 0x00, 0x00, 0x00, 0xC1, 0xC6, 0xC0, 0xC6, 0xC0, 0xC2, 0xC4, 0xC4, 0x00, 0x00, 0x00, 0x00, 0x00, 0x00, 0xC2, 0xC0, 0xC6, 0xC0, 0xC6, 0xC0, 0xC1, 0xC2, 0xC4, 0x00, 0x00, 0x00, 0x00, 0x00, 0xC3, 0xC2, 0xC1, 0xC0, 0xC0, 0xC1, 0xC2, 0xC3, 0xC3, 0xC5, 0x00, 0x00, 0x00, 0x00, 0x00, 0xC2, 0xC0, 0xC0, 0xE0, 0xC1, 0xC0, 0xC0, 0xC1, 0xC4, 0xC5, 0x00, 0x00, 0x00, 0x00, 0x00, 0x00, 0xC2, 0xC0, 0xC2, 0xC4, 0xC1, 0xC1, 0xC4, 0xC5, 0x00, 0x00, 0x00, 0x00, 0x00, 0x00, 0x00, 0x00, 0x00, 0xC0, 0xC0, 0xC4, 0xC4, 0xC2, 0xC4, 0xC4, 0xC4, 0xC1, 0xC3, 0x00, 0x00, 0x00, 0x00, 0x00, 0xC0, 0xC0, 0xC4, 0xC2, 0xC0, 0xC1, 0xC2, 0xC5, 0xC4, 0x00, 0x00, 0x00, 0x00, 0x00, 0x00, 0x00, 0xC1, 0xC3, 0xC1, 0xC0, 0xC2, 0xC1, 0xC3, 0xC2, 0xC1, 0x00, 0x00, 0x00, 0x00, 0x00, 0xC1, 0xC3, 0xC1, 0xC1, 0xC3, 0xC3, 0xC1, 0xC1, 0xC3, 0xC1, 0xC1, 0xC1, 0x10, 0x00, 0x10, 0x00, 0x00, 0x00, 0x02, 0x00, 0x00, 0xC1, 0xC1, 0x00, 0x00, 0x00, 0x00, 0xC1, 0xC1, 0xC1, 0x00, 0x00, 0x00, 0x00, 0x00, 0x00, 0x00, 0xC1, 0xC1, 0xC1, 0xC1, 0x00, 0xC1, 0xC1, 0xC1, 0xC4, 0x00, 0x00, 0x00, 0x00, 0x00, 0x00, 0x00, 0x00, 0x00, 0xC1, 0xC1, 0x00, 0xC1, 0xC1, 0xC4, 0x00, 0x00, 0x00, 0x00, 0x00, 0x00, 0x00, 0x00, 0x00, 0x00, 0xC2, 0xC2, 0x00, 0xC1, 0xC1, 0x00, 0x00, 0x00, 0x00, 0x00, 0x00, 0x00, 0x00, 0x00, 0x00, 0x00, 0xC4, 0xC4, 0x00, 0xC1, 0xC2, 0x00, 0x00, 0x00, 0x00, 0x00, 0x00, 0x00, 0x00, 0x00, 0x00, 0x00, 0xC1, 0xC1, 0xC2, 0xC2, 0xC2, 0xC4, 0x00, 0x00, 0x00, 0x00, 0x00, 0x00, 0x00, 0x00, 0x00, 0xC1, 0xC0, 0xC0, 0xC0, 0xC0, 0xC2, 0xC4, 0xC4, 0x00, 0x00, 0x00, 0x00, 0x00, 0x00, 0x00, 0xC1, 0xC0, 0xC6, 0xC0, 0xC6, 0xC0, 0xC1, 0xC2, 0xC4, 0x00, 0x00, 0x00, 0x00, 0x00, 0x00, 0x00, 0xC0, 0xC0, 0xC6, 0xC0, 0xC6, 0xC0, 0xC1, 0xC3, 0xC5, 0xC0, 0xC1, 0x00, 0x00, 0x00, 0x00, 0x00, 0xC2, 0xC2, 0xC0, 0xC0, 0xC1, 0xC1, 0xC1, 0xC4, 0xC5, 0xC0, 0x00, 0x00, 0xC0, 0xC0, 0xC2, 0xC2, 0xC1, 0xC0, 0xE0, 0xC1, 0xC0, 0xC0, 0xC1, 0xC5, 0xC5, 0xC3, 0x00, 0xC0, 0xC0, 0xC2, 0x00, 0x00, 0xC2, 0xC2, 0xC2, 0xC2, 0xC1, 0xC1, 0xC4, 0xC5, 0xC4, 0xC2, 0xC4, 0xC3, 0xC3, 0x00, 0x00, 0x00, 0x00, 0x00, 0xC0, 0xC0, 0x00, 0xC2, 0xC2, 0xC2, 0xC2, 0xC0, 0xC4, 0xC0, 0x00, 0x00, 0x00, 0x00, 0x00, 0x00, 0xC0, 0xC0, 0xC2, 0xC4, 0xC4, 0xC2, 0xC0, 0xC2, 0xC4, 0x00, 0x00, 0x00, 0x00, 0x00, 0x00, 0x00, 0x00, 0xC3, 0xC4, 0xC2, 0xC0, 0xC3, 0xC4, 0xC4, 0x00, 0x00, 0x00, 0x00, 0x00, 0x00, 0x00, 0x00, 0xC0, 0xC3, 0x00, 0xC0, 0xC3, 0x00, 0x00, 0x00, 0x00, 0x00, 0x00, 0x00, 0x00, 0x11, 0x00, 0x10, 0x00, 0x00, 0x00, 0x02, 0x00, 0x00, 0x00, 0x00, 0xC1, 0x00, 0x00, 0x00, 0xC1, 0xC1, 0x00, 0x00, 0x00, 0x00, 0x00, 0x00, 0x00, 0x00, 0x00, 0x00, 0xC1, 0xC1, 0xC1, 0x00, 0xC1, 0xC1, 0xC1, 0xC4, 0x00, 0x00, 0x00, 0x00, 0x00, 0x00, 0x00, 0x00, 0x00, 0x00, 0xC1, 0xC1, 0x00, 0xC1, 0xC1, 0xC4, 0x00, 0x00, 0x00, 0x00, 0x00, 0x00, 0x00, 0x00, 0x00, 0x00, 0xC2, 0xC1, 0xC2, 0x00, 0x00, 0xC1, 0xC1, 0x00, 0x00, 0x00, 0x00, 0x00, 0x00, 0x00, 0x00, 0x00, 0x00, 0xC2, 0xC1, 0xC4, 0x00, 0x00, 0xC2, 0xC1, 0x00, 0x00, 0x00, 0x00, 0x00, 0x00, 0x00, 0x00, 0x00, 0x00, 0x00, 0xC1, 0xC1, 0xC2, 0xC2, 0xC2, 0xC4, 0x00, 0x00, 0x00, 0x00, 0x00, 0x00, 0x00, 0x00, 0x00, 0x00, 0xC1, 0xC0, 0xC0, 0xC0, 0xC0, 0xC2, 0xC4, 0xC4, 0x00, 0x00, 0x00, 0x00, 0x00, 0x00, 0x00, 0x00, 0xC1, 0xC0, 0xC6, 0xC0, 0xC6, 0xC0, 0xC1, 0xC2, 0xC4, 0x00, 0x00, 0x00, 0x00, 0x00, 0x00, 0x00, 0x00, 0xC0, 0xC0, 0xC6, 0xC0, 0xC6, 0xC0, 0xC1, 0xC3, 0xC5, 0xC2, 0x00, 0x00, 0x00, 0x00, 0x00, 0x00, 0x00, 0xC2, 0xC2, 0xC0, 0xC0, 0xC1, 0xC1, 0xC1, 0xC4, 0xC5, 0x00, 0x00, 0x00, 0x00, 0xC0, 0xC0, 0xC2, 0xC2, 0xC1, 0xC0, 0xE0, 0xC1, 0xC0, 0xC0, 0xC1, 0xC5, 0xC5, 0xC3, 0x00, 0x00, 0xC0, 0xC0, 0xC2, 0x00, 0x00, 0xC2, 0xC2, 0xC2, 0xC2, 0xC1, 0xC1, 0xC4, 0xC5, 0xC4, 0xC2, 0xC4, 0xC3, 0xC3, 0x00, 0x00, 0x00, 0x00, 0x00, 0x00, 0xC0, 0xC0, 0x00, 0xC2, 0xC2, 0xC2, 0xC2, 0xC0, 0xC4, 0xC0, 0x00, 0x00, 0x00, 0x00, 0x00, 0x00, 0x00, 0xC0, 0xC0, 0xC2, 0xC4, 0xC4, 0xC2, 0xC0, 0xC2, 0xC4, 0x00, 0x00, 0x00, 0x00, 0x00, 0x00, 0x00, 0x00, 0xC0, 0xC3, 0xC4, 0x00, 0xC2, 0xC2, 0xC4, 0xC4, 0x00, 0x00, 0x00, 0x00, 0x00, 0x00, 0x00, 0x00, 0xC0, 0xC3, 0xC3, 0x00, 0x00, 0xC0, 0xC2, 0x00, 0x00, 0x00, 0x00, 0x00, 0x00, 0x00, 0x00, 0x11, 0x00, 0x0D, 0x00, 0x02, 0x00, 0xFC, 0xFF, 0x00, 0x00, 0x00, 0x00, 0x00, 0x00, 0x00, 0x00, 0xC1, 0x00, 0x00, 0x00, 0x00, 0x00, 0x00, 0x00, 0x00, 0x00, 0x00, 0x00, 0x00, 0x00, 0xC1, 0x00, 0x00, 0xC1, 0x00, 0x00, 0xC1, 0x00, 0x00, 0x00, 0x00, 0x00, 0x00, 0x00, 0x00, 0x00, 0x00, 0x00, 0xC1, 0x00, 0x00, 0x00, 0xC1, 0x00, 0x00, 0x00, 0xC4, 0x00, 0x00, 0xC4, 0xC1, 0xC1, 0xC1, 0x00, 0x00, 0x00, 0x00, 0x00, 0x00, 0x00, 0x00, 0xC2, 0xC1, 0xC1, 0xC4, 0x00, 0xC4, 0xC4, 0xC2, 0xC2, 0xC2, 0xC2, 0xC4, 0x00, 0x00, 0xC2, 0xC1, 0xC1, 0xC2, 0xC2, 0xC4, 0xC4, 0x00, 0x00, 0x00, 0x00, 0x00, 0xC3, 0xC2, 0xC1, 0xC1, 0xC1, 0xC2, 0xC2, 0xC4, 0xC4, 0x00, 0x00, 0x00, 0x00, 0x00, 0x00, 0x00, 0x00, 0xC1, 0xC2, 0xC1, 0xC1, 0xC1, 0xC1, 0xC1, 0xC2, 0xC4, 0x00, 0x00, 0x00, 0x00, 0x00, 0x00, 0x00, 0x00, 0xC2, 0xC3, 0xC6, 0xC0, 0xC6, 0xC3, 0xC1, 0xC3, 0xC5, 0xC3, 0xC3, 0x00, 0x00, 0x00, 0x00, 0x00, 0xC2, 0xC0, 0xC0, 0xE0, 0xC1, 0xC0, 0xC0, 0xC1, 0xC4, 0xC5, 0xC3, 0xC1, 0xC3, 0x00, 0x00, 0x00, 0x00, 0xC3, 0xC2, 0xC2, 0xC2, 0xC4, 0xC1, 0xC1, 0xC4, 0xC5, 0xC3, 0xC5, 0xC3, 0x00, 0x00, 0x00, 0x00, 0x00, 0x00, 0x00, 0x00, 0xC0, 0xC0, 0xC4, 0xC3, 0xC0, 0xC0, 0xC2, 0xC5, 0x00, 0x00, 0x00, 0x00, 0x00, 0x00, 0xC3, 0xC3, 0xC3, 0xC0, 0xC0, 0xC3, 0xC6, 0xC2, 0xC3, 0xC4, 0xC5, 0x00, 0x00, 0x00, 0x00, 0x00, 0xC3, 0xC0, 0xC2, 0xC2, 0xC0, 0xC3, 0xC4, 0xC0, 0xC4, 0xC4, 0xC4, 0xC2, 0xC0, 0xC1, 0xC4, 0x0D, 0x00, 0x0F, 0x00, 0xFE, 0xFF, 0xFF, 0xFF, 0x00, 0x00, 0xCC, 0xCC, 0xCA, 0x00, 0x00, 0x00, 0x00, 0xCA, 0xC9, 0xC9, 0x00, 0x00, 0xCC, 0xC9, 0xC9, 0xC9, 0xC9, 0x00, 0x00, 0xCA, 0xCA, 0xCA, 0xC9, 0xC9, 0x00, 0xCC, 0xCC, 0xCC, 0xCA, 0xC9, 0xC9, 0x00, 0xCB, 0xCB, 0x00, 0x00, 0x00, 0x00, 0x00, 0x00, 0x00, 0x00, 0xCC, 0xC9, 0x00, 0xCC, 0xCC, 0x00, 0x00, 0x00, 0x00, 0x00, 0x00, 0x00, 0xCC, 0xCA, 0xCA, 0xCA, 0xC9, 0xC9, 0xCB, 0x00, 0x00, 0x00, 0x00, 0x00, 0xCC, 0xCC, 0xCA, 0xC8, 0xCE, 0xC8, 0xCE, 0xC9, 0xCA, 0x00, 0x00, 0x00, 0x00, 0xCC, 0xCA, 0xC9, 0xC8, 0xCE, 0xC8, 0xCE, 0xC8, 0xC9, 0x00, 0x00, 0x00, 0x00, 0xCD, 0xCB, 0xCB, 0xCA, 0xC9, 0xC8, 0xC8, 0xC9, 0xCA, 0xCB, 0x00, 0x00, 0x00, 0xCD, 0xCC, 0xC9, 0xC8, 0xC8, 0xC9, 0xE0, 0xC8, 0xC8, 0xCA, 0x00, 0x00, 0x00, 0x00, 0xCD, 0xCC, 0xC9, 0xC9, 0xCC, 0xCA, 0xC8, 0xCA, 0x00, 0x00, 0xCA, 0xCB, 0xCC, 0xCD, 0xCD, 0xCC, 0xCC, 0xC0, 0xC0, 0x00, 0x00, 0x00, 0xCB, 0xC9, 0xCD, 0xCB, 0xCA, 0xC8, 0xCA, 0xCB, 0xC0, 0xC0, 0x00, 0x00, 0x00, 0x00, 0xCC, 0xCD, 0xCA, 0xC8, 0xC8, 0xCB, 0xC9, 0xCB, 0x00, 0x00, 0x00, 0x00, 0x00, 0x00, 0xCD, 0xCC, 0xCB, 0xCA, 0xCE, 0xCA, 0xCB, 0xCB, 0xCB, 0x00, 0x00, 0x00, 0xCC, 0xC9, 0xC8, 0xCC, 0xC8, 0xCC, 0xC8, 0xCB, 0xCA, 0xC8, 0xCB, 0x00, 0x0E, 0x00, 0x0E, 0x00, 0xFE, 0xFF, 0x00, 0x00, 0x00, 0x00, 0x00, 0xCC, 0xCC, 0xCA, 0xC9, 0x00, 0x00, 0xCA, 0xCA, 0xC9, 0xC9, 0x00, 0x00, 0x00, 0xCC, 0xC9, 0xC9, 0xC9, 0xC9, 0xC9, 0x00, 0xCB, 0xCB, 0xCA, 0xC9, 0xC9, 0x00, 0x00, 0xCC, 0xCC, 0xCC, 0x00, 0xCC, 0xC9, 0x00, 0xCC, 0xCC, 0x00, 0x00, 0x00, 0x00, 0x00, 0x00, 0x00, 0x00, 0xCC, 0xCA, 0xCA, 0xCA, 0xC9, 0xC9, 0xCB, 0x00, 0x00, 0x00, 0x00, 0x00, 0x00, 0xCC, 0xCC, 0xCA, 0xC8, 0xCE, 0xC8, 0xCE, 0xC9, 0xCA, 0x00, 0x00, 0x00, 0x00, 0x00, 0xCC, 0xCA, 0xC9, 0xC8, 0xCE, 0xC8, 0xCE, 0xC8, 0xC9, 0x00, 0x00, 0x00, 0x00, 0x00, 0xCD, 0xCB, 0xCB, 0xCA, 0xC9, 0xC8, 0xC8, 0xC9, 0xCA, 0xCB, 0x00, 0x00, 0x00, 0x00, 0x00, 0xCC, 0xC9, 0xC8, 0xC8, 0xC9, 0xE0, 0xC8, 0xC8, 0xCA, 0x00, 0x00, 0x00, 0xCB, 0xCC, 0xCD, 0xCC, 0xC9, 0xC9, 0xCC, 0xCA, 0xC8, 0xCA, 0x00, 0x00, 0xCB, 0xC9, 0xCD, 0xCB, 0xCC, 0xCC, 0xCC, 0xCC, 0xC0, 0xC0, 0x00, 0x00, 0x00, 0x00, 0x00, 0xCB, 0xCD, 0xCA, 0xC9, 0xC9, 0xC9, 0xCC, 0xC0, 0xC0, 0x00, 0x00, 0x00, 0x00, 0x00, 0x00, 0xCA, 0xCA, 0xCB, 0xC8, 0xCC, 0xCC, 0xC8, 0xCC, 0x00, 0x00, 0x00, 0x00, 0xCD, 0xCC, 0xC9, 0xCA, 0xCB, 0xCC, 0xC8, 0xCB, 0xCC, 0xC8, 0xCB, 0x00, 0x00, 0xCC, 0xC9, 0xC8, 0xCC, 0x00, 0x00, 0xCB, 0xCB, 0xCB, 0xC9, 0x00, 0x00, 0x00, 0x00, 0x0E, 0x00, 0x10, 0x00, 0xFE, 0xFF, 0x02, 0x00, 0x00, 0x00, 0x00, 0xCC, 0xCC, 0xCA, 0x00, 0x00, 0x00, 0x00, 0xCA, 0xC9, 0xC9, 0x00, 0x00, 0x00, 0xCC, 0xC9, 0xC9, 0xC9, 0xC9, 0x00, 0x00, 0xCA, 0xCA, 0xCA, 0xC9, 0xCA, 0x00, 0x00, 0xCC, 0xCC, 0xCC, 0xCA, 0xC9, 0xC9, 0x00, 0xCB, 0xCB, 0x00, 0x00, 0x00, 0x00, 0x00, 0x00, 0x00, 0x00, 0x00, 0xCC, 0xC9, 0x00, 0xCC, 0xCC, 0x00, 0x00, 0x00, 0x00, 0x00, 0x00, 0x00, 0x00, 0xCC, 0xCA, 0xCA, 0xCA, 0xC9, 0xC9, 0xCB, 0x00, 0x00, 0x00, 0x00, 0x00, 0x00, 0xCC, 0xCC, 0xCA, 0xC8, 0xCE, 0xC8, 0xCE, 0xC9, 0xCA, 0x00, 0x00, 0x00, 0x00, 0x00, 0xCC, 0xCA, 0xC9, 0xC8, 0xCE, 0xC8, 0xCE, 0xC8, 0xC9, 0x00, 0x00, 0x00, 0x00, 0x00, 0xCD, 0xCB, 0xCB, 0xCA, 0xC9, 0xC8, 0xC8, 0xC9, 0xCA, 0xCB, 0x00, 0x00, 0x00, 0x00, 0xCD, 0xCC, 0xC9, 0xC8, 0xC8, 0xC9, 0xE0, 0xC8, 0xC8, 0xCA, 0x00, 0x00, 0x00, 0x00, 0x00, 0xCD, 0xCC, 0xC9, 0xC9, 0xCC, 0xCA, 0xC8, 0xCA, 0x00, 0x00, 0x00, 0xCB, 0xCB, 0x00, 0xCD, 0xCD, 0xCC, 0xCC, 0xC0, 0xC0, 0x00, 0x00, 0x00, 0x00, 0xCB, 0xC9, 0xCC, 0xCC, 0xCC, 0xCA, 0xCC, 0x00, 0xC0, 0xC0, 0x00, 0x00, 0x00, 0x00, 0x00, 0xCC, 0xCD, 0xCA, 0xC9, 0xC8, 0xCA, 0xCC, 0x00, 0x00, 0x00, 0x00, 0x00, 0x00, 0x00, 0xCD, 0xCD, 0xCB, 0xC9, 0xC8, 0xC9, 0xCB, 0xC9, 0xCB, 0x00, 0x00, 0x00, 0xCB, 0xC9, 0xC9, 0xCB, 0x00, 0xCB, 0xCB, 0xCC, 0xC9, 0xCB, 0xC9, 0xCB, 0x00, 0x00, 0x00, 0xCC, 0xCC, 0x00, 0x00, 0x00, 0x00, 0x00, 0x00, 0x00, 0x00, 0x00, 0x00, 0x00, 0x0D, 0x00, 0x10, 0x00, 0xFD, 0xFF, 0x02, 0x00, 0x00, 0x00, 0xCC, 0xCC, 0x00, 0x00, 0x00, 0x00, 0x00, 0x00, 0xCA, 0xCA, 0x00, 0x00, 0x00, 0xCC, 0xC9, 0xCA, 0x00, 0x00, 0x00, 0x00, 0xCA, 0xCA, 0xC9, 0x00, 0x00, 0x00, 0x00, 0xCC, 0xC9, 0xC9, 0x00, 0x00, 0xCA, 0xCA, 0x00, 0x00, 0x00, 0x00, 0x00, 0x00, 0x00, 0x00, 0xC9, 0xC9, 0x00, 0xCB, 0xCB, 0x00, 0x00, 0x00, 0x00, 0x00, 0x00, 0x00, 0x00, 0xCC, 0xC9, 0x00, 0xCC, 0xCC, 0x00, 0x00, 0x00, 0x00, 0x00, 0x00, 0x00, 0xCC, 0xCA, 0xCA, 0xCA, 0xC9, 0xC9, 0xCB, 0x00, 0x00, 0x00, 0x00, 0x00, 0xCC, 0xCC, 0xCA, 0xC8, 0xCE, 0xC8, 0xCE, 0xC9, 0xCA, 0x00, 0x00, 0x00, 0x00, 0xCC, 0xCA, 0xC9, 0xC8, 0xCE, 0xC8, 0xCE, 0xC8, 0xC9, 0x00, 0x00, 0x00, 0x00, 0xCD, 0xCB, 0xCB, 0xCA, 0xC9, 0xC8, 0xC8, 0xC9, 0xCA, 0xCB, 0x00, 0x00, 0x00, 0xCD, 0xCC, 0xC9, 0xC8, 0xC8, 0xC9, 0xE0, 0xC8, 0xC8, 0xCA, 0x00, 0xCA, 0xCB, 0xCC, 0xCD, 0xCC, 0xC9, 0xC9, 0xCC, 0xCA, 0xC8, 0xCA, 0x00, 0xCB, 0xC9, 0xCD, 0xCB, 0xCC, 0xCC, 0xCC, 0xCC, 0xC0, 0xC0, 0x00, 0x00, 0x00, 0x00, 0xCC, 0xCD, 0xCA, 0xC9, 0xC9, 0xC9, 0xCC, 0xC0, 0xC0, 0x00, 0x00, 0x00, 0x00, 0xCD, 0xCC, 0xC9, 0xCA, 0xCA, 0xC8, 0xC9, 0xCC, 0x00, 0x00, 0x00, 0x00, 0xCB, 0xC9, 0xC8, 0xCC, 0x00, 0xCA, 0xCA, 0xC8, 0xCB, 0xCC, 0xCB, 0x00, 0x00, 0x00, 0x00, 0x00, 0x00, 0x00, 0x00, 0x00, 0xCB, 0xC8, 0xCB, 0xC8, 0xCB, 0x00, 0x0E, 0x00, 0x0E, 0x00, 0xFD, 0xFF, 0xFE, 0xFF, 0x00, 0xCC, 0xC9, 0xC9, 0xC9, 0x00, 0x00, 0x00, 0x00, 0x00, 0xCA, 0xC9, 0x00, 0x00, 0xCC, 0xC9, 0xC9, 0xC9, 0xC9, 0xC9, 0x00, 0x00, 0x00, 0xCA, 0xCA, 0xCA, 0xC9, 0x00, 0x00, 0xC9, 0xC9, 0x00, 0x00, 0xCA, 0xCA, 0xCA, 0xC9, 0xC9, 0x00, 0x00, 0xC9, 0xC9, 0x00, 0x00, 0x00, 0x00, 0xCC, 0xCA, 0xCA, 0xCE, 0xC9, 0xCE, 0xCB, 0x00, 0x00, 0x00, 0x00, 0x00, 0x00, 0xCC, 0xCC, 0xCA, 0xC8, 0xCE, 0xC8, 0xCE, 0xC9, 0xC9, 0x00, 0x00, 0x00, 0x00, 0x00, 0xCC, 0xCA, 0xC9, 0xCA, 0xCA, 0xC8, 0xC8, 0xCA, 0xC8, 0xC9, 0x00, 0x00, 0x00, 0x00, 0xCD, 0xCB, 0xC9, 0xC8, 0xC8, 0xC8, 0xE0, 0xC8, 0xC9, 0xC9, 0x00, 0x00, 0x00, 0x00, 0xCD, 0xCC, 0xCA, 0xCA, 0xCA, 0xCA, 0xC8, 0xC8, 0xCA, 0x00, 0x00, 0x00, 0x00, 0x00, 0xCC, 0xCC, 0xCC, 0xCA, 0xCC, 0xCC, 0xC0, 0xC0, 0x00, 0x00, 0x00, 0x00, 0xCB, 0xC9, 0xCC, 0xCB, 0xCA, 0xC8, 0xCA, 0xCC, 0xC0, 0xC0, 0x00, 0x00, 0x00, 0x00, 0x00, 0xCB, 0xCC, 0xC9, 0xC8, 0xC8, 0xC9, 0xC9, 0xCA, 0xC9, 0x00, 0x00, 0x00, 0x00, 0x00, 0x00, 0xC9, 0xCA, 0xCB, 0xCB, 0xCB, 0x00, 0x00, 0x00, 0x00, 0x00, 0x00, 0x00, 0xC8, 0xC9, 0xCB, 0xCB, 0xC9, 0xCB, 0x00, 0x00, 0x00, 0x00, 0x00, 0x00, 0x00, 0xC8, 0xC9, 0xCB, 0xCB, 0xC9, 0xCB, 0x00, 0x00, 0x00, 0x00, 0x00, 0x00, 0x00, 0x00, 0x0F, 0x00, 0x0E, 0x00, 0xFF, 0xFF, 0x00, 0x00, 0x00, 0x00, 0x00, 0x00, 0xCC, 0xCC, 0xCA, 0x00, 0x00, 0x00, 0x00, 0xCA, 0xC9, 0xC9, 0x00, 0x00, 0x00, 0x00, 0xCC, 0xC9, 0xC9, 0xC9, 0xC9, 0x00, 0x00, 0xCA, 0xCA, 0xCA, 0xC9, 0xC9, 0x00, 0x00, 0x00, 0xCC, 0xCC, 0xCC, 0xCA, 0xC9, 0xC9, 0x00, 0xCB, 0xCB, 0x00, 0x00, 0x00, 0x00, 0x00, 0x00, 0x00, 0x00, 0x00, 0x00, 0xCC, 0xC9, 0x00, 0xCC, 0xCC, 0x00, 0x00, 0x00, 0x00, 0x00, 0x00, 0x00, 0x00, 0x00, 0xCC, 0xCA, 0xCA, 0xCA, 0xC9, 0xC9, 0xCB, 0x00, 0x00, 0x00, 0x00, 0x00, 0x00, 0x00, 0xCC, 0xCC, 0xCA, 0xC8, 0xCE, 0xC8, 0xCE, 0xC9, 0xCA, 0x00, 0x00, 0x00, 0x00, 0x00, 0x00, 0xCC, 0xCA, 0xC9, 0xC8, 0xCE, 0xC8, 0xCE, 0xC8, 0xC9, 0x00, 0x00, 0x00, 0x00, 0x00, 0x00, 0xCD, 0xCB, 0xCB, 0xCA, 0xC9, 0xC8, 0xC8, 0xC9, 0xCA, 0xCB, 0x00, 0x00, 0x00, 0x00, 0x00, 0xCD, 0xCC, 0xC9, 0xC8, 0xC8, 0xC9, 0xE0, 0xC8, 0xC8, 0xCA, 0x00, 0x00, 0x00, 0x00, 0x00, 0x00, 0xCD, 0xCC, 0xC9, 0xC9, 0xCC, 0xCA, 0xC8, 0xCA, 0x00, 0x00, 0x00, 0xCB, 0xC9, 0xCC, 0xCC, 0xCC, 0xCA, 0xCC, 0xCC, 0xC0, 0xC0, 0x00, 0x00, 0x00, 0x00, 0x00, 0x00, 0xCC, 0xCD, 0xCA, 0xC9, 0xC8, 0xCA, 0xCC, 0xC0, 0xC0, 0x00, 0x00, 0x00, 0x00, 0x00, 0xC9, 0xCA, 0xCB, 0xC9, 0xCA, 0xC8, 0xC9, 0xCB, 0xC9, 0x00, 0x00, 0x00, 0x00, 0xC9, 0xC9, 0xC9, 0xCB, 0xC9, 0xC9, 0xCB, 0xCB, 0xC9, 0xC9, 0xCB, 0xC9, 0x00, 0x00, 0x00, 0x10, 0x00, 0x10, 0x00, 0x00, 0x00, 0x00, 0x00, 0x00, 0x00, 0x00, 0x00, 0x00, 0x00, 0xC9, 0xC9, 0xC9, 0x00, 0x00, 0x00, 0x00, 0xC9, 0xC9, 0x00, 0x00, 0x00, 0x00, 0x00, 0x00, 0x00, 0xCC, 0xC9, 0xC9, 0xC9, 0x00, 0xC9, 0xC9, 0xC9, 0xC9, 0x00, 0x00, 0x00, 0x00, 0x00, 0x00, 0x00, 0x00, 0xCC, 0xC9, 0xC9, 0x00, 0xC9, 0xC9, 0x00, 0x00, 0x00, 0x00, 0x00, 0x00, 0x00, 0x00, 0x00, 0x00, 0x00, 0xC9, 0xC9, 0x00, 0xCA, 0xCA, 0x00, 0x00, 0x00, 0x00, 0x00, 0x00, 0x00, 0x00, 0x00, 0x00, 0x00, 0xCA, 0xC9, 0x00, 0xCC, 0xCC, 0x00, 0x00, 0x00, 0x00, 0x00, 0x00, 0x00, 0x00, 0x00, 0x00, 0xCC, 0xCA, 0xCA, 0xCA, 0xC9, 0xC9, 0x00, 0x00, 0x00, 0x00, 0x00, 0x00, 0x00, 0x00, 0x00, 0xCC, 0xCC, 0xCA, 0xC8, 0xC8, 0xC8, 0xC8, 0xC9, 0x00, 0x00, 0x00, 0x00, 0x00, 0x00, 0x00, 0x00, 0xCC, 0xCA, 0xC9, 0xC8, 0xCE, 0xC8, 0xCE, 0xC8, 0xC9, 0x00, 0x00, 0x00, 0x00, 0x00, 0xC9, 0xC8, 0xCD, 0xCB, 0xC9, 0xC8, 0xCE, 0xC8, 0xCE, 0xC8, 0xC8, 0x00, 0xCA, 0xC8, 0xC8, 0x00, 0x00, 0xC8, 0xCD, 0xCC, 0xC9, 0xC9, 0xC9, 0xC8, 0xC8, 0xCA, 0xCA, 0x00, 0x00, 0xCA, 0xC8, 0xC8, 0x00, 0xCB, 0xCD, 0xCD, 0xC9, 0xC8, 0xC8, 0xC9, 0xE0, 0xC8, 0xC9, 0xCA, 0x00, 0x00, 0xCB, 0xCB, 0xCC, 0xCA, 0xCC, 0xCD, 0xCC, 0xC9, 0xC9, 0xCA, 0xCA, 0xCA, 0xCA, 0x00, 0x00, 0x00, 0x00, 0xC8, 0xCC, 0xC8, 0xCA, 0xCA, 0xCA, 0xCA, 0x00, 0xC0, 0xC0, 0x00, 0x00, 0x00, 0x00, 0x00, 0x00, 0x00, 0xCC, 0xCA, 0xC8, 0xCA, 0xCC, 0xCC, 0xCA, 0xC0, 0xC0, 0x00, 0x00, 0x00, 0x00, 0x00, 0x00, 0x00, 0x00, 0xCC, 0xCC, 0xCB, 0xC8, 0xCA, 0xCC, 0xCB, 0x00, 0x00, 0x00, 0x00, 0x00, 0x00, 0x00, 0x00, 0x00, 0x00, 0x00, 0x00, 0xCB, 0xC8, 0x00, 0xCB, 0xC8, 0x00, 0x00, 0x00, 0x11, 0x00, 0x10, 0x00, 0x01, 0x00, 0x00, 0x00, 0x00, 0x00, 0x00, 0x00, 0x00, 0x00, 0x00, 0x00, 0xC9, 0xC9, 0x00, 0x00, 0x00, 0xC9, 0x00, 0x00, 0x00, 0x00, 0x00, 0x00, 0x00, 0x00, 0x00, 0x00, 0xCC, 0xC9, 0xC9, 0xC9, 0x00, 0xC9, 0xC9, 0xC9, 0x00, 0x00, 0x00, 0x00, 0x00, 0x00, 0x00, 0x00, 0x00, 0x00, 0xCC, 0xC9, 0xC9, 0x00, 0xC9, 0xC9, 0x00, 0x00, 0x00, 0x00, 0x00, 0x00, 0x00, 0x00, 0x00, 0x00, 0x00, 0xC9, 0xC9, 0x00, 0x00, 0xCA, 0xC9, 0xCA, 0x00, 0x00, 0x00, 0x00, 0x00, 0x00, 0x00, 0x00, 0x00, 0x00, 0xC9, 0xCA, 0x00, 0x00, 0xCC, 0xC9, 0xCA, 0x00, 0x00, 0x00, 0x00, 0x00, 0x00, 0x00, 0x00, 0x00, 0x00, 0xCC, 0xCA, 0xCA, 0xCA, 0xC9, 0xC9, 0x00, 0x00, 0x00, 0x00, 0x00, 0x00, 0x00, 0x00, 0x00, 0x00, 0xCC, 0xCC, 0xCA, 0xC8, 0xC8, 0xC8, 0xC8, 0xC9, 0x00, 0x00, 0x00, 0x00, 0x00, 0x00, 0x00, 0x00, 0x00, 0xCC, 0xCA, 0xC9, 0xC8, 0xCE, 0xC8, 0xCE, 0xC8, 0xC9, 0x00, 0x00, 0x00, 0x00, 0x00, 0x00, 0x00, 0xCA, 0xCD, 0xCB, 0xC9, 0xC8, 0xCE, 0xC8, 0xCE, 0xC8, 0xC8, 0x00, 0xCA, 0xC8, 0xC8, 0x00, 0x00, 0x00, 0x00, 0xCD, 0xCC, 0xC9, 0xC9, 0xC9, 0xC8, 0xC8, 0xCA, 0xCA, 0x00, 0x00, 0xCA, 0xC8, 0xC8, 0x00, 0x00, 0xCB, 0xCD, 0xCD, 0xC9, 0xC8, 0xC8, 0xC9, 0xE0, 0xC8, 0xC9, 0xCA, 0x00, 0x00, 0x00, 0xCB, 0xCB, 0xCC, 0xCA, 0xCC, 0xCD, 0xCC, 0xC9, 0xC9, 0xCA, 0xCA, 0xCA, 0xCA, 0x00, 0x00, 0x00, 0x00, 0x00, 0xC8, 0xCC, 0xC8, 0xCA, 0xCA, 0xCA, 0xCA, 0x00, 0xC0, 0xC0, 0x00, 0x00, 0x00, 0x00, 0x00, 0x00, 0x00, 0x00, 0xCC, 0xCA, 0xC8, 0xCA, 0xCC, 0xCC, 0xCA, 0xC0, 0xC0, 0x00, 0x00, 0x00, 0x00, 0x00, 0x00, 0x00, 0x00, 0x00, 0xCC, 0xCC, 0xCA, 0xCA, 0x00, 0xCC, 0xCB, 0xC8, 0x00, 0x00, 0x00, 0x00, 0x00, 0x00, 0x00, 0x00, 0x00, 0x00, 0x00, 0xCA, 0xC8, 0x00, 0x00, 0xCB, 0xCB, 0xC8, 0x00, 0x00, 0x11, 0x00, 0x0D, 0x00, 0xFF, 0xFF, 0xFD, 0xFF, 0x00, 0x00, 0x00, 0x00, 0x00, 0x00, 0x00, 0x00, 0xC9, 0x00, 0x00, 0x00, 0x00, 0x00, 0x00, 0x00, 0x00, 0x00, 0x00, 0x00, 0x00, 0x00, 0xC9, 0x00, 0x00, 0xC9, 0x00, 0x00, 0xC9, 0x00, 0x00, 0x00, 0x00, 0x00, 0x00, 0x00, 0xCC, 0x00, 0x00, 0x00, 0xC9, 0x00, 0x00, 0x00, 0xC9, 0x00, 0x00, 0x00, 0x00, 0x00, 0x00, 0x00, 0xCC, 0xC9, 0xC9, 0xCA, 0x00, 0x00, 0x00, 0x00, 0x00, 0x00, 0x00, 0x00, 0xC9, 0xC9, 0xC9, 0xCC, 0x00, 0xCC, 0xCC, 0xCA, 0xCA, 0xC9, 0xC9, 0xCA, 0x00, 0x00, 0xCC, 0xCA, 0xCA, 0xCA, 0xCA, 0xCC, 0xCC, 0x00, 0x00, 0x00, 0x00, 0xCC, 0xCC, 0xCA, 0xCA, 0xC9, 0xC9, 0xC9, 0xCA, 0xCB, 0x00, 0x00, 0x00, 0x00, 0x00, 0x00, 0x00, 0x00, 0xCC, 0xCA, 0xC9, 0xC9, 0xC9, 0xC9, 0xC9, 0xCA, 0xC9, 0x00, 0x00, 0x00, 0x00, 0x00, 0x00, 0xCB, 0xCB, 0xCD, 0xCB, 0xC9, 0xCB, 0xCE, 0xC8, 0xCE, 0xCB, 0xCA, 0x00, 0x00, 0x00, 0x00, 0x00, 0xCB, 0xC9, 0xCB, 0xCD, 0xCC, 0xC9, 0xC8, 0xC8, 0xC9, 0xE0, 0xC8, 0xC8, 0xCA, 0x00, 0x00, 0x00, 0x00, 0x00, 0xCB, 0xCD, 0xCB, 0xCD, 0xCC, 0xC9, 0xC9, 0xCC, 0xCA, 0xCA, 0xCA, 0xCB, 0x00, 0x00, 0x00, 0x00, 0x00, 0x00, 0xCD, 0xCA, 0xC8, 0xC8, 0xCB, 0xCC, 0xC0, 0xC0, 0x00, 0x00, 0x00, 0x00, 0x00, 0x00, 0x00, 0x00, 0x00, 0xCD, 0xCC, 0xCB, 0xCA, 0xCE, 0xCB, 0xC0, 0xC0, 0xCB, 0xCB, 0xCB, 0x00, 0x00, 0x00, 0xCC, 0xC9, 0xC8, 0xCA, 0xCC, 0xCC, 0xCC, 0xC8, 0xCC, 0xCB, 0xC8, 0xCA, 0xCA, 0xC8, 0xCB, 0x00, 0x00, 0x0D, 0x00, 0x0F, 0x00, 0xFF, 0xFF, 0xFF, 0xFF, 0x00, 0xC9, 0xC9, 0xCA, 0x00, 0x00, 0x00, 0x00, 0xCA, 0xCC, 0xCC, 0x00, 0x00, 0xC9, 0xC9, 0xCA, 0xCA, 0xCA, 0x00, 0x00, 0xC9, 0xC9, 0xC9, 0xC9, 0xCC, 0x00, 0x00, 0x00, 0x00, 0xCB, 0xCB, 0x00, 0xC9, 0xC9, 0xCA, 0xCC, 0xCC, 0xCC, 0x00, 0x00, 0x00, 0x00, 0xCC, 0xCC, 0x00, 0xC9, 0xCC, 0x00, 0x00, 0x00, 0x00, 0x00, 0x00, 0x00, 0xCB, 0xC9, 0xC9, 0xCA, 0xCA, 0xCA, 0xCC, 0x00, 0x00, 0x00, 0x00, 0x00, 0xCA, 0xC9, 0xCE, 0xC8, 0xCE, 0xC8, 0xCA, 0xCC, 0xCC, 0x00, 0x00, 0x00, 0x00, 0xC9, 0xC8, 0xCE, 0xC8, 0xCE, 0xC8, 0xC9, 0xCA, 0xCC, 0x00, 0x00, 0x00, 0xCB, 0xCA, 0xC9, 0xC8, 0xC8, 0xC9, 0xCA, 0xCB, 0xCB, 0xCD, 0x00, 0x00, 0x00, 0xCA, 0xC8, 0xC8, 0xE0, 0xC9, 0xC8, 0xC8, 0xC9, 0xCC, 0xCD, 0x00, 0x00, 0x00, 0x00, 0xCA, 0xC8, 0xCA, 0xCC, 0xC9, 0xC9, 0xCC, 0xCD, 0x00, 0x00, 0x00, 0x00, 0x00, 0x00, 0x00, 0xC0, 0xC0, 0xCC, 0xCC, 0xCD, 0xCD, 0xCC, 0xCB, 0xCA, 0x00, 0x00, 0x00, 0x00, 0xC0, 0xC0, 0xCB, 0xCA, 0xC8, 0xCA, 0xCB, 0xCD, 0xC9, 0xCB, 0x00, 0x00, 0x00, 0x00, 0xCB, 0xC9, 0xCB, 0xC8, 0xC8, 0xCA, 0xCD, 0xCC, 0x00, 0x00, 0x00, 0xCB, 0xCB, 0xCB, 0xCA, 0xCE, 0xCA, 0xCB, 0xCC, 0xCD, 0x00, 0x00, 0x00, 0xCB, 0xC8, 0xCA, 0xCB, 0xC8, 0xCC, 0xC8, 0xCC, 0xC8, 0xC9, 0xCC, 0x00, 0x0E, 0x00, 0x0E, 0x00, 0x00, 0x00, 0x00, 0x00, 0x00, 0xC9, 0xC9, 0xCA, 0xCA, 0x00, 0x00, 0xC9, 0xCA, 0xCC, 0xCC, 0x00, 0x00, 0x00, 0xC9, 0xC9, 0xCA, 0xCB, 0xCB, 0x00, 0xC9, 0xC9, 0xC9, 0xC9, 0xC9, 0xCC, 0x00, 0x00, 0x00, 0x00, 0x00, 0xCC, 0xCC, 0x00, 0xC9, 0xCC, 0x00, 0xCC, 0xCC, 0xCC, 0x00, 0x00, 0x00, 0x00, 0xCB, 0xC9, 0xC9, 0xCA, 0xCA, 0xCA, 0xCC, 0x00, 0x00, 0x00, 0x00, 0x00, 0x00, 0xCA, 0xC9, 0xCE, 0xC8, 0xCE, 0xC8, 0xCA, 0xCC, 0xCC, 0x00, 0x00, 0x00, 0x00, 0x00, 0xC9, 0xC8, 0xCE, 0xC8, 0xCE, 0xC8, 0xC9, 0xCA, 0xCC, 0x00, 0x00, 0x00, 0x00, 0xCB, 0xCA, 0xC9, 0xC8, 0xC8, 0xC9, 0xCA, 0xCB, 0xCB, 0xCD, 0x00, 0x00, 0x00, 0x00, 0xCA, 0xC8, 0xC8, 0xE0, 0xC9, 0xC8, 0xC8, 0xC9, 0xCC, 0x00, 0x00, 0x00, 0x00, 0x00, 0x00, 0xCA, 0xC8, 0xCA, 0xCC, 0xC9, 0xC9, 0xCC, 0xCD, 0xCC, 0xCB, 0x00, 0x00, 0x00, 0x00, 0x00, 0x00, 0xC0, 0xC0, 0xCC, 0xCC, 0xCC, 0xCC, 0xCB, 0xCD, 0xC9, 0xCB, 0x00, 0x00, 0x00, 0x00, 0xC0, 0xC0, 0xCC, 0xC9, 0xC9, 0xC9, 0xCA, 0xCD, 0xCB, 0x00, 0x00, 0x00, 0x00, 0x00, 0xCC, 0xC8, 0xCC, 0xCC, 0xC8, 0xCB, 0xCA, 0xCA, 0x00, 0x00, 0x00, 0x00, 0x00, 0xCB, 0xC8, 0xCC, 0xCB, 0xC8, 0xCC, 0xCB, 0xCA, 0xC9, 0xCC, 0xCD, 0x00, 0x00, 0x00, 0x00, 0x00, 0xC9, 0xCB, 0xCB, 0xCB, 0x00, 0x00, 0xCC, 0xC8, 0xC9, 0xCC, 0x0E, 0x00, 0x10, 0x00, 0x00, 0x00, 0x02, 0x00, 0x00, 0xC9, 0xC9, 0xCA, 0x00, 0x00, 0x00, 0x00, 0xCA, 0xCC, 0xCC, 0x00, 0x00, 0x00, 0xCA, 0xC9, 0xCA, 0xCA, 0xCA, 0x00, 0x00, 0xC9, 0xC9, 0xC9, 0xC9, 0xCC, 0x00, 0x00, 0x00, 0x00, 0x00, 0xCB, 0xCB, 0x00, 0xC9, 0xC9, 0xCA, 0xCC, 0xCC, 0xCC, 0x00, 0x00, 0x00, 0x00, 0x00, 0xCC, 0xCC, 0x00, 0xC9, 0xCC, 0x00, 0x00, 0x00, 0x00, 0x00, 0x00, 0x00, 0x00, 0xCB, 0xC9, 0xC9, 0xCA, 0xCA, 0xCA, 0xCC, 0x00, 0x00, 0x00, 0x00, 0x00, 0x00, 0xCA, 0xC9, 0xCE, 0xC8, 0xCE, 0xC8, 0xCA, 0xCC, 0xCC, 0x00, 0x00, 0x00, 0x00, 0x00, 0xC9, 0xC8, 0xCE, 0xC8, 0xCE, 0xC8, 0xC9, 0xCA, 0xCC, 0x00, 0x00, 0x00, 0x00, 0xCB, 0xCA, 0xC9, 0xC8, 0xC8, 0xC9, 0xCA, 0xCB, 0xCB, 0xCD, 0x00, 0x00, 0x00, 0x00, 0xCA, 0xC8, 0xC8, 0xE0, 0xC9, 0xC8, 0xC8, 0xC9, 0xCC, 0xCD, 0x00, 0x00, 0x00, 0x00, 0x00, 0xCA, 0xC8, 0xCA, 0xCC, 0xC9, 0xC9, 0xCC, 0xCD, 0x00, 0x00, 0x00, 0x00, 0x00, 0x00, 0x00, 0x00, 0xC0, 0xC0, 0xCC, 0xCC, 0xCD, 0xCD, 0x00, 0xCB, 0xCB, 0x00, 0x00, 0x00, 0x00, 0x00, 0xC0, 0xC0, 0x00, 0xCC, 0xCA, 0xCC, 0xCC, 0xCC, 0xC9, 0xCB, 0x00, 0x00, 0x00, 0x00, 0x00, 0x00, 0xCC, 0xCA, 0xC8, 0xC9, 0xCA, 0xCD, 0xCC, 0x00, 0x00, 0x00, 0x00, 0x00, 0xCB, 0xC9, 0xCB, 0xC9, 0xC8, 0xC9, 0xCB, 0xCD, 0xCD, 0x00, 0x00, 0x00, 0x00, 0xCB, 0xC9, 0xCB, 0xC9, 0xCC, 0xCB, 0xCB, 0x00, 0xCB, 0xC9, 0xC9, 0xCB, 0x00, 0x00, 0x00, 0x00, 0x00, 0x00, 0x00, 0x00, 0x00, 0x00, 0x00, 0xCC, 0xCC, 0x00, 0x0D, 0x00, 0x10, 0x00, 0x00, 0x00, 0x02, 0x00, 0x00, 0xCA, 0xCA, 0x00, 0x00, 0x00, 0x00, 0x00, 0x00, 0xCC, 0xCC, 0x00, 0x00, 0x00, 0xC9, 0xCA, 0xCA, 0x00, 0x00, 0x00, 0x00, 0xCA, 0xC9, 0xCC, 0x00, 0x00, 0x00, 0x00, 0x00, 0xCA, 0xCA, 0x00, 0x00, 0xC9, 0xC9, 0xCC, 0x00, 0x00, 0x00, 0x00, 0x00, 0x00, 0xCB, 0xCB, 0x00, 0xC9, 0xC9, 0x00, 0x00, 0x00, 0x00, 0x00, 0x00, 0x00, 0x00, 0xCC, 0xCC, 0x00, 0xC9, 0xCC, 0x00, 0x00, 0x00, 0x00, 0x00, 0x00, 0x00, 0xCB, 0xC9, 0xC9, 0xCA, 0xCA, 0xCA, 0xCC, 0x00, 0x00, 0x00, 0x00, 0x00, 0xCA, 0xC9, 0xCE, 0xC8, 0xCE, 0xC8, 0xCA, 0xCC, 0xCC, 0x00, 0x00, 0x00, 0x00, 0xC9, 0xC8, 0xCE, 0xC8, 0xCE, 0xC8, 0xC9, 0xCA, 0xCC, 0x00, 0x00, 0x00, 0xCB, 0xCA, 0xC9, 0xC8, 0xC8, 0xC9, 0xCA, 0xCB, 0xCB, 0xCD, 0x00, 0x00, 0x00, 0xCA, 0xC8, 0xC8, 0xE0, 0xC9, 0xC8, 0xC8, 0xC9, 0xCC, 0xCD, 0x00, 0x00, 0x00, 0x00, 0xCA, 0xC8, 0xCA, 0xCC, 0xC9, 0xC9, 0xCC, 0xCD, 0xCC, 0xCB, 0xCA, 0x00, 0x00, 0x00, 0x00, 0xC0, 0xC0, 0xCC, 0xCC, 0xCC, 0xCC, 0xCB, 0xCD, 0xC9, 0xCB, 0x00, 0x00, 0x00, 0xC0, 0xC0, 0xCC, 0xC9, 0xC9, 0xC9, 0xCA, 0xCD, 0xCC, 0x00, 0x00, 0x00, 0x00, 0x00, 0xCC, 0xC9, 0xC8, 0xCA, 0xCA, 0xC9, 0xCC, 0xCD, 0x00, 0x00, 0x00, 0xCB, 0xCC, 0xCB, 0xC8, 0xCA, 0xCA, 0x00, 0xCC, 0xC8, 0xC9, 0xCB, 0x00, 0xCB, 0xC8, 0xCB, 0xC8, 0xCB, 0x00, 0x00, 0x00, 0x00, 0x00, 0x00, 0x00, 0x0E, 0x00, 0x0E, 0x00, 0x01, 0x00, 0xFF, 0xFF, 0x00, 0x00, 0xC9, 0xCA, 0x00, 0x00, 0x00, 0x00, 0x00, 0xC9, 0xC9, 0xC9, 0xCC, 0x00, 0x00, 0xC9, 0xCA, 0xCA, 0xCA, 0x00, 0x00, 0x00, 0xC9, 0xC9, 0xC9, 0xC9, 0xC9, 0xCC, 0xC9, 0xC9, 0x00, 0x00, 0xC9, 0xC9, 0xCA, 0xCA, 0xCA, 0x00, 0x00, 0xC9, 0xC9, 0x00, 0x00, 0x00, 0x00, 0xCB, 0xCE, 0xC9, 0xCE, 0xCA, 0xCA, 0xCC, 0x00, 0x00, 0x00, 0x00, 0x00, 0x00, 0xC9, 0xC9, 0xCE, 0xC8, 0xCE, 0xC8, 0xCA, 0xCC, 0xCC, 0x00, 0x00, 0x00, 0x00, 0xC9, 0xC8, 0xCA, 0xC8, 0xC8, 0xCA, 0xCA, 0xC9, 0xCA, 0xCC, 0x00, 0x00, 0x00, 0x00, 0xC9, 0xC9, 0xC8, 0xE0, 0xC8, 0xC8, 0xC8, 0xC9, 0xCB, 0xCD, 0x00, 0x00, 0x00, 0x00, 0x00, 0xCA, 0xCA, 0xCA, 0xCA, 0xCA, 0xCA, 0xCA, 0xCC, 0xCD, 0x00, 0x00, 0x00, 0x00, 0x00, 0x00, 0xC0, 0xC0, 0xCC, 0xCC, 0xCA, 0xCC, 0xCC, 0xCC, 0x00, 0x00, 0x00, 0x00, 0x00, 0x00, 0xC0, 0xC0, 0xCC, 0xCA, 0xC8, 0xCA, 0xCB, 0xCC, 0xC9, 0xCB, 0x00, 0x00, 0x00, 0x00, 0xC9, 0xCA, 0xC9, 0xC9, 0xC8, 0xC8, 0xC9, 0xCC, 0xCB, 0x00, 0x00, 0x00, 0x00, 0x00, 0x00, 0x00, 0x00, 0xCB, 0xCB, 0xCB, 0xCA, 0xC9, 0x00, 0x00, 0x00, 0x00, 0x00, 0x00, 0x00, 0x00, 0x00, 0x00, 0xCB, 0xC9, 0xCB, 0xCB, 0xC9, 0xC8, 0x00, 0x00, 0x00, 0x00, 0x00, 0x00, 0x00, 0x00, 0x00, 0xCB, 0xC9, 0xCB, 0xCB, 0xC9, 0xC8, 0x0F, 0x00, 0x0E, 0x00, 0x00, 0x00, 0x01, 0x00, 0x00, 0xC9, 0xC9, 0xCA, 0x00, 0x00, 0x00, 0x00, 0xCA, 0xCC, 0xCC, 0x00, 0x00, 0x00, 0x00, 0xC9, 0xC9, 0xCA, 0xCA, 0xCA, 0x00, 0x00, 0xC9, 0xC9, 0xC9, 0xC9, 0xCC, 0x00, 0x00, 0x00, 0x00, 0x00, 0x00, 0xCB, 0xCB, 0x00, 0xC9, 0xC9, 0xCA, 0xCC, 0xCC, 0xCC, 0x00, 0x00, 0x00, 0x00, 0x00, 0x00, 0xCC, 0xCC, 0x00, 0xC9, 0xCC, 0x00, 0x00, 0x00, 0x00, 0x00, 0x00, 0x00, 0x00, 0x00, 0xCB, 0xC9, 0xC9, 0xCA, 0xCA, 0xCA, 0xCC, 0x00, 0x00, 0x00, 0x00, 0x00, 0x00, 0x00, 0x00, 0xC9, 0xCE, 0xC8, 0xCE, 0xC8, 0xCA, 0xCC, 0xCC, 0x00, 0x00, 0x00, 0x00, 0x00, 0x00, 0xCA, 0xC8, 0xCE, 0xC8, 0xCE, 0xC8, 0xC9, 0xCA, 0xCC, 0x00, 0x00, 0x00, 0x00, 0x00, 0xCB, 0xCA, 0xC9, 0xC8, 0xC8, 0xC9, 0xCA, 0xCB, 0xCB, 0xCD, 0x00, 0x00, 0x00, 0x00, 0x00, 0xCA, 0xC8, 0xC8, 0xE0, 0xC9, 0xC8, 0xC8, 0xC9, 0xCC, 0xCD, 0x00, 0x00, 0x00, 0x00, 0x00, 0x00, 0xCA, 0xC8, 0xE0, 0xCC, 0xC9, 0xC9, 0xCC, 0xCD, 0x00, 0x00, 0x00, 0x00, 0x00, 0x00, 0x00, 0x00, 0x00, 0xC0, 0xC0, 0xCC, 0xCC, 0xCA, 0xCC, 0xCC, 0xCC, 0xC9, 0xCB, 0x00, 0x00, 0x00, 0x00, 0x00, 0xC0, 0xC0, 0xCC, 0xCA, 0xC8, 0xC9, 0xCA, 0xCD, 0xCC, 0x00, 0x00, 0x00, 0x00, 0x00, 0x00, 0x00, 0xC9, 0xCB, 0xC9, 0xC8, 0xCA, 0xC9, 0xCB, 0xCA, 0xC9, 0x00, 0x00, 0x00, 0x00, 0x00, 0xC9, 0xCB, 0xC9, 0xC9, 0xCB, 0xCB, 0xC9, 0xC9, 0xCB, 0xC9, 0xC9, 0xC9, 0x10, 0x00, 0x10, 0x00, 0x00, 0x00, 0x02, 0x00, 0x00, 0xC9, 0xC9, 0x00, 0x00, 0x00, 0x00, 0xC9, 0xC9, 0xC9, 0x00, 0x00, 0x00, 0x00, 0x00, 0x00, 0x00, 0xC9, 0xC9, 0xC9, 0xC9, 0x00, 0xC9, 0xC9, 0xC9, 0xCC, 0x00, 0x00, 0x00, 0x00, 0x00, 0x00, 0x00, 0x00, 0x00, 0xC9, 0xC9, 0x00, 0xC9, 0xC9, 0xCC, 0x00, 0x00, 0x00, 0x00, 0x00, 0x00, 0x00, 0x00, 0x00, 0x00, 0xCA, 0xCA, 0x00, 0xC9, 0xC9, 0x00, 0x00, 0x00, 0x00, 0x00, 0x00, 0x00, 0x00, 0x00, 0x00, 0x00, 0xCC, 0xCC, 0x00, 0xC9, 0xCA, 0x00, 0x00, 0x00, 0x00, 0x00, 0x00, 0x00, 0x00, 0x00, 0x00, 0x00, 0xC9, 0xC9, 0xCA, 0xCA, 0xCA, 0xCC, 0x00, 0x00, 0x00, 0x00, 0x00, 0x00, 0x00, 0x00, 0x00, 0xC9, 0xC8, 0xC8, 0xC8, 0xC8, 0xCA, 0xCC, 0xCC, 0x00, 0x00, 0x00, 0x00, 0x00, 0x00, 0x00, 0xC9, 0xC8, 0xCE, 0xC8, 0xCE, 0xC8, 0xC9, 0xCA, 0xCC, 0x00, 0x00, 0x00, 0x00, 0x00, 0x00, 0x00, 0xC8, 0xC8, 0xCE, 0xC8, 0xCE, 0xC8, 0xC9, 0xCB, 0xCD, 0xC8, 0xC9, 0x00, 0x00, 0x00, 0x00, 0x00, 0xCA, 0xCA, 0xC8, 0xC8, 0xC9, 0xC9, 0xC9, 0xCC, 0xCD, 0xC8, 0x00, 0x00, 0xC8, 0xC8, 0xCA, 0xCA, 0xC9, 0xC8, 0xE0, 0xC9, 0xC8, 0xC8, 0xC9, 0xCD, 0xCD, 0xCB, 0x00, 0xC8, 0xC8, 0xCA, 0x00, 0x00, 0xCA, 0xCA, 0xCA, 0xCA, 0xC9, 0xC9, 0xCC, 0xCD, 0xCC, 0xCA, 0xCC, 0xCB, 0xCB, 0x00, 0x00, 0x00, 0x00, 0x00, 0xC0, 0xC0, 0x00, 0xCA, 0xCA, 0xCA, 0xCA, 0xC8, 0xCC, 0xC8, 0x00, 0x00, 0x00, 0x00, 0x00, 0x00, 0xC0, 0xC0, 0xCA, 0xCC, 0xCC, 0xCA, 0xC8, 0xCA, 0xCC, 0x00, 0x00, 0x00, 0x00, 0x00, 0x00, 0x00, 0x00, 0xCB, 0xCC, 0xCA, 0xC8, 0xCB, 0xCC, 0xCC, 0x00, 0x00, 0x00, 0x00, 0x00, 0x00, 0x00, 0x00, 0xC8, 0xCB, 0x00, 0xC8, 0xCB, 0x00, 0x00, 0x00, 0x00, 0x00, 0x00, 0x00, 0x00, 0x11, 0x00, 0x10, 0x00, 0x00, 0x00, 0x02, 0x00, 0x00, 0x00, 0x00, 0xC9, 0x00, 0x00, 0x00, 0xC9, 0xC9, 0x00, 0x00, 0x00, 0x00, 0x00, 0x00, 0x00, 0x00, 0x00, 0x00, 0xC9, 0xC9, 0xC9, 0x00, 0xC9, 0xC9, 0xC9, 0xCC, 0x00, 0x00, 0x00, 0x00, 0x00, 0x00, 0x00, 0x00, 0x00, 0x00, 0xC9, 0xC9, 0x00, 0xC9, 0xC9, 0xCC, 0x00, 0x00, 0x00, 0x00, 0x00, 0x00, 0x00, 0x00, 0x00, 0x00, 0xCA, 0xC9, 0xCA, 0x00, 0x00, 0xC9, 0xC9, 0x00, 0x00, 0x00, 0x00, 0x00, 0x00, 0x00, 0x00, 0x00, 0x00, 0xCA, 0xC9, 0xCC, 0x00, 0x00, 0xCA, 0xC9, 0x00, 0x00, 0x00, 0x00, 0x00, 0x00, 0x00, 0x00, 0x00, 0x00, 0x00, 0xC9, 0xC9, 0xCA, 0xCA, 0xCA, 0xCC, 0x00, 0x00, 0x00, 0x00, 0x00, 0x00, 0x00, 0x00, 0x00, 0x00, 0xC9, 0xC8, 0xC8, 0xC8, 0xC8, 0xCA, 0xCC, 0xCC, 0x00, 0x00, 0x00, 0x00, 0x00, 0x00, 0x00, 0x00, 0xC9, 0xC8, 0xCE, 0xC8, 0xCE, 0xC8, 0xC9, 0xCA, 0xCC, 0x00, 0x00, 0x00, 0x00, 0x00, 0x00, 0x00, 0x00, 0xC8, 0xC8, 0xCE, 0xC8, 0xCE, 0xC8, 0xC9, 0xCB, 0xCD, 0xCA, 0x00, 0x00, 0x00, 0x00, 0x00, 0x00, 0x00, 0xCA, 0xCA, 0xC8, 0xC8, 0xC9, 0xC9, 0xC9, 0xCC, 0xCD, 0x00, 0x00, 0x00, 0x00, 0xC8, 0xC8, 0xCA, 0xCA, 0xC9, 0xC8, 0xE0, 0xC9, 0xC8, 0xC8, 0xC9, 0xCD, 0xCD, 0xCB, 0x00, 0x00, 0xC8, 0xC8, 0xCA, 0x00, 0x00, 0xCA, 0xCA, 0xCA, 0xCA, 0xC9, 0xC9, 0xCC, 0xCD, 0xCC, 0xCA, 0xCC, 0xCB, 0xCB, 0x00, 0x00, 0x00, 0x00, 0x00, 0x00, 0xC0, 0xC0, 0x00, 0xCA, 0xCA, 0xCA, 0xCA, 0xC8, 0xCC, 0xC8, 0x00, 0x00, 0x00, 0x00, 0x00, 0x00, 0x00, 0xC0, 0xC0, 0xCA, 0xCC, 0xCC, 0xCA, 0xC8, 0xCA, 0xCC, 0x00, 0x00, 0x00, 0x00, 0x00, 0x00, 0x00, 0x00, 0xC8, 0xCB, 0xCC, 0x00, 0xCA, 0xCA, 0xCC, 0xCC, 0x00, 0x00, 0x00, 0x00, 0x00, 0x00, 0x00, 0x00, 0xC8, 0xCB, 0xCB, 0x00, 0x00, 0xC8, 0xCA, 0x00, 0x00, 0x00, 0x00, 0x00, 0x00, 0x00, 0x00, 0x11, 0x00, 0x0D, 0x00, 0x02, 0x00, 0xFC, 0xFF, 0x00, 0x00, 0x00, 0x00, 0x00, 0x00, 0x00, 0x00, 0xC9, 0x00, 0x00, 0x00, 0x00, 0x00, 0x00, 0x00, 0x00, 0x00, 0x00, 0x00, 0x00, 0x00, 0xC9, 0x00, 0x00, 0xC9, 0x00, 0x00, 0xC9, 0x00, 0x00, 0x00, 0x00, 0x00, 0x00, 0x00, 0x00, 0x00, 0x00, 0x00, 0xC9, 0x00, 0x00, 0x00, 0xC9, 0x00, 0x00, 0x00, 0xCC, 0x00, 0x00, 0xCC, 0xC9, 0xC9, 0xC9, 0x00, 0x00, 0x00, 0x00, 0x00, 0x00, 0x00, 0x00, 0xCA, 0xC9, 0xC9, 0xCC, 0x00, 0xCC, 0xCC, 0xCA, 0xCA, 0xCA, 0xCA, 0xCC, 0x00, 0x00, 0xCA, 0xC9, 0xC9, 0xCA, 0xCA, 0xCC, 0xCC, 0x00, 0x00, 0x00, 0x00, 0x00, 0xCB, 0xCA, 0xC9, 0xC9, 0xC9, 0xCA, 0xCA, 0xCC, 0xCC, 0x00, 0x00, 0x00, 0x00, 0x00, 0x00, 0x00, 0x00, 0xC9, 0xCA, 0xC9, 0xC9, 0xC9, 0xC9, 0xC9, 0xCA, 0xCC, 0x00, 0x00, 0x00, 0x00, 0x00, 0x00, 0x00, 0x00, 0xCA, 0xCB, 0xCE, 0xC8, 0xCE, 0xCB, 0xC9, 0xCB, 0xCD, 0xCB, 0xCB, 0x00, 0x00, 0x00, 0x00, 0x00, 0xCA, 0xC8, 0xC8, 0xE0, 0xC9, 0xC8, 0xC8, 0xC9, 0xCC, 0xCD, 0xCB, 0xC9, 0xCB, 0x00, 0x00, 0x00, 0x00, 0xCB, 0xCA, 0xCA, 0xCA, 0xCC, 0xC9, 0xC9, 0xCC, 0xCD, 0xCB, 0xCD, 0xCB, 0x00, 0x00, 0x00, 0x00, 0x00, 0x00, 0x00, 0x00, 0xC0, 0xC0, 0xCC, 0xCB, 0xC8, 0xC8, 0xCA, 0xCD, 0x00, 0x00, 0x00, 0x00, 0x00, 0x00, 0xCB, 0xCB, 0xCB, 0xC0, 0xC0, 0xCB, 0xCE, 0xCA, 0xCB, 0xCC, 0xCD, 0x00, 0x00, 0x00, 0x00, 0x00, 0xCB, 0xC8, 0xCA, 0xCA, 0xC8, 0xCB, 0xCC, 0xC8, 0xCC, 0xCC, 0xCC, 0xCA, 0xC8, 0xC9, 0xCC, 0x0D, 0x00, 0x0F, 0x00, 0xFE, 0xFF, 0xFF, 0xFF, 0x00, 0x00, 0xD4, 0xD4, 0xD2, 0x00, 0x00, 0x00, 0x00, 0xD2, 0xD1, 0xD1, 0x00, 0x00, 0xD4, 0xD1, 0xD1, 0xD1, 0xD1, 0x00, 0x00, 0xD2, 0xD2, 0xD2, 0xD1, 0xD1, 0x00, 0xD4, 0xD4, 0xD4, 0xD2, 0xD1, 0xD1, 0x00, 0xD3, 0xD3, 0x00, 0x00, 0x00, 0x00, 0x00, 0x00, 0x00, 0x00, 0xD4, 0xD1, 0x00, 0xD4, 0xD4, 0x00, 0x00, 0x00, 0x00, 0x00, 0x00, 0x00, 0xD4, 0xD2, 0xD2, 0xD2, 0xD1, 0xD1, 0xD3, 0x00, 0x00, 0x00, 0x00, 0x00, 0xD4, 0xD4, 0xD2, 0xD0, 0xD6, 0xD0, 0xD6, 0xD1, 0xD2, 0x00, 0x00, 0x00, 0x00, 0xD4, 0xD2, 0xD1, 0xD0, 0xD6, 0xD0, 0xD6, 0xD0, 0xD1, 0x00, 0x00, 0x00, 0x00, 0xD5, 0xD3, 0xD3, 0xD2, 0xD1, 0xD0, 0xD0, 0xD1, 0xD2, 0xD3, 0x00, 0x00, 0x00, 0xD5, 0xD4, 0xD1, 0xD0, 0xD0, 0xD1, 0xE0, 0xD0, 0xD0, 0xD2, 0x00, 0x00, 0x00, 0x00, 0xD5, 0xD4, 0xD1, 0xD1, 0xD4, 0xD2, 0xD0, 0xD2, 0x00, 0x00, 0xD2, 0xD3, 0xD4, 0xD5, 0xD5, 0xD4, 0xD4, 0xC0, 0xC0, 0x00, 0x00, 0x00, 0xD3, 0xD1, 0xD5, 0xD3, 0xD2, 0xD0, 0xD2, 0xD3, 0xC0, 0xC0, 0x00, 0x00, 0x00, 0x00, 0xD4, 0xD5, 0xD2, 0xD0, 0xD0, 0xD3, 0xD1, 0xD3, 0x00, 0x00, 0x00, 0x00, 0x00, 0x00, 0xD5, 0xD4, 0xD3, 0xD2, 0xD6, 0xD2, 0xD3, 0xD3, 0xD3, 0x00, 0x00, 0x00, 0xD4, 0xD1, 0xD0, 0xD4, 0xD0, 0xD4, 0xD0, 0xD3, 0xD2, 0xD0, 0xD3, 0x00, 0x0E, 0x00, 0x0E, 0x00, 0xFE, 0xFF, 0x00, 0x00, 0x00, 0x00, 0x00, 0xD4, 0xD4, 0xD2, 0xD1, 0x00, 0x00, 0xD2, 0xD2, 0xD1, 0xD1, 0x00, 0x00, 0x00, 0xD4, 0xD1, 0xD1, 0xD1, 0xD1, 0xD1, 0x00, 0xD3, 0xD3, 0xD2, 0xD1, 0xD1, 0x00, 0x00, 0xD4, 0xD4, 0xD4, 0x00, 0xD4, 0xD1, 0x00, 0xD4, 0xD4, 0x00, 0x00, 0x00, 0x00, 0x00, 0x00, 0x00, 0x00, 0xD4, 0xD2, 0xD2, 0xD2, 0xD1, 0xD1, 0xD3, 0x00, 0x00, 0x00, 0x00, 0x00, 0x00, 0xD4, 0xD4, 0xD2, 0xD0, 0xD6, 0xD0, 0xD6, 0xD1, 0xD2, 0x00, 0x00, 0x00, 0x00, 0x00, 0xD4, 0xD2, 0xD1, 0xD0, 0xD6, 0xD0, 0xD6, 0xD0, 0xD1, 0x00, 0x00, 0x00, 0x00, 0x00, 0xD5, 0xD3, 0xD3, 0xD2, 0xD1, 0xD0, 0xD0, 0xD1, 0xD2, 0xD3, 0x00, 0x00, 0x00, 0x00, 0x00, 0xD4, 0xD1, 0xD0, 0xD0, 0xD1, 0xE0, 0xD0, 0xD0, 0xD2, 0x00, 0x00, 0x00, 0xD3, 0xD4, 0xD5, 0xD4, 0xD1, 0xD1, 0xD4, 0xD2, 0xD0, 0xD2, 0x00, 0x00, 0xD3, 0xD1, 0xD5, 0xD3, 0xD4, 0xD4, 0xD4, 0xD4, 0xC0, 0xC0, 0x00, 0x00, 0x00, 0x00, 0x00, 0xD3, 0xD5, 0xD2, 0xD1, 0xD1, 0xD1, 0xD4, 0xC0, 0xC0, 0x00, 0x00, 0x00, 0x00, 0x00, 0x00, 0xD2, 0xD2, 0xD3, 0xD0, 0xD4, 0xD4, 0xD0, 0xD4, 0x00, 0x00, 0x00, 0x00, 0xD5, 0xD4, 0xD1, 0xD2, 0xD3, 0xD4, 0xD0, 0xD3, 0xD4, 0xD0, 0xD3, 0x00, 0x00, 0xD4, 0xD1, 0xD0, 0xD4, 0x00, 0x00, 0xD3, 0xD3, 0xD3, 0xD1, 0x00, 0x00, 0x00, 0x00, 0x0E, 0x00, 0x10, 0x00, 0xFE, 0xFF, 0x02, 0x00, 0x00, 0x00, 0x00, 0xD4, 0xD4, 0xD2, 0x00, 0x00, 0x00, 0x00, 0xD2, 0xD1, 0xD1, 0x00, 0x00, 0x00, 0xD4, 0xD1, 0xD1, 0xD1, 0xD1, 0x00, 0x00, 0xD2, 0xD2, 0xD2, 0xD1, 0xD2, 0x00, 0x00, 0xD4, 0xD4, 0xD4, 0xD2, 0xD1, 0xD1, 0x00, 0xD3, 0xD3, 0x00, 0x00, 0x00, 0x00, 0x00, 0x00, 0x00, 0x00, 0x00, 0xD4, 0xD1, 0x00, 0xD4, 0xD4, 0x00, 0x00, 0x00, 0x00, 0x00, 0x00, 0x00, 0x00, 0xD4, 0xD2, 0xD2, 0xD2, 0xD1, 0xD1, 0xD3, 0x00, 0x00, 0x00, 0x00, 0x00, 0x00, 0xD4, 0xD4, 0xD2, 0xD0, 0xD6, 0xD0, 0xD6, 0xD1, 0xD2, 0x00, 0x00, 0x00, 0x00, 0x00, 0xD4, 0xD2, 0xD1, 0xD0, 0xD6, 0xD0, 0xD6, 0xD0, 0xD1, 0x00, 0x00, 0x00, 0x00, 0x00, 0xD5, 0xD3, 0xD3, 0xD2, 0xD1, 0xD0, 0xD0, 0xD1, 0xD2, 0xD3, 0x00, 0x00, 0x00, 0x00, 0xD5, 0xD4, 0xD1, 0xD0, 0xD0, 0xD1, 0xE0, 0xD0, 0xD0, 0xD2, 0x00, 0x00, 0x00, 0x00, 0x00, 0xD5, 0xD4, 0xD1, 0xD1, 0xD4, 0xD2, 0xD0, 0xD2, 0x00, 0x00, 0x00, 0xD3, 0xD3, 0x00, 0xD5, 0xD5, 0xD4, 0xD4, 0xC0, 0xC0, 0x00, 0x00, 0x00, 0x00, 0xD3, 0xD1, 0xD4, 0xD4, 0xD4, 0xD2, 0xD4, 0x00, 0xC0, 0xC0, 0x00, 0x00, 0x00, 0x00, 0x00, 0xD4, 0xD5, 0xD2, 0xD1, 0xD0, 0xD2, 0xD4, 0x00, 0x00, 0x00, 0x00, 0x00, 0x00, 0x00, 0xD5, 0xD5, 0xD3, 0xD1, 0xD0, 0xD1, 0xD3, 0xD1, 0xD3, 0x00, 0x00, 0x00, 0xD3, 0xD1, 0xD1, 0xD3, 0x00, 0xD3, 0xD3, 0xD4, 0xD1, 0xD3, 0xD1, 0xD3, 0x00, 0x00, 0x00, 0xD4, 0xD4, 0x00, 0x00, 0x00, 0x00, 0x00, 0x00, 0x00, 0x00, 0x00, 0x00, 0x00, 0x0D, 0x00, 0x10, 0x00, 0xFD, 0xFF, 0x02, 0x00, 0x00, 0x00, 0xD4, 0xD4, 0x00, 0x00, 0x00, 0x00, 0x00, 0x00, 0xD2, 0xD2, 0x00, 0x00, 0x00, 0xD4, 0xD1, 0xD2, 0x00, 0x00, 0x00, 0x00, 0xD2, 0xD2, 0xD1, 0x00, 0x00, 0x00, 0x00, 0xD4, 0xD1, 0xD1, 0x00, 0x00, 0xD2, 0xD2, 0x00, 0x00, 0x00, 0x00, 0x00, 0x00, 0x00, 0x00, 0xD1, 0xD1, 0x00, 0xD3, 0xD3, 0x00, 0x00, 0x00, 0x00, 0x00, 0x00, 0x00, 0x00, 0xD4, 0xD1, 0x00, 0xD4, 0xD4, 0x00, 0x00, 0x00, 0x00, 0x00, 0x00, 0x00, 0xD4, 0xD2, 0xD2, 0xD2, 0xD1, 0xD1, 0xD3, 0x00, 0x00, 0x00, 0x00, 0x00, 0xD4, 0xD4, 0xD2, 0xD0, 0xD6, 0xD0, 0xD6, 0xD1, 0xD2, 0x00, 0x00, 0x00, 0x00, 0xD4, 0xD2, 0xD1, 0xD0, 0xD6, 0xD0, 0xD6, 0xD0, 0xD1, 0x00, 0x00, 0x00, 0x00, 0xD5, 0xD3, 0xD3, 0xD2, 0xD1, 0xD0, 0xD0, 0xD1, 0xD2, 0xD3, 0x00, 0x00, 0x00, 0xD5, 0xD4, 0xD1, 0xD0, 0xD0, 0xD1, 0xE0, 0xD0, 0xD0, 0xD2, 0x00, 0xD2, 0xD3, 0xD4, 0xD5, 0xD4, 0xD1, 0xD1, 0xD4, 0xD2, 0xD0, 0xD2, 0x00, 0xD3, 0xD1, 0xD5, 0xD3, 0xD4, 0xD4, 0xD4, 0xD4, 0xC0, 0xC0, 0x00, 0x00, 0x00, 0x00, 0xD4, 0xD5, 0xD2, 0xD1, 0xD1, 0xD1, 0xD4, 0xC0, 0xC0, 0x00, 0x00, 0x00, 0x00, 0xD5, 0xD4, 0xD1, 0xD2, 0xD2, 0xD0, 0xD1, 0xD4, 0x00, 0x00, 0x00, 0x00, 0xD3, 0xD1, 0xD0, 0xD4, 0x00, 0xD2, 0xD2, 0xD0, 0xD3, 0xD4, 0xD3, 0x00, 0x00, 0x00, 0x00, 0x00, 0x00, 0x00, 0x00, 0x00, 0xD3, 0xD0, 0xD3, 0xD0, 0xD3, 0x00, 0x0E, 0x00, 0x0E, 0x00, 0xFD, 0xFF, 0xFE, 0xFF, 0x00, 0xD4, 0xD1, 0xD1, 0xD1, 0x00, 0x00, 0x00, 0x00, 0x00, 0xD2, 0xD1, 0x00, 0x00, 0xD4, 0xD1, 0xD1, 0xD1, 0xD1, 0xD1, 0x00, 0x00, 0x00, 0xD2, 0xD2, 0xD2, 0xD1, 0x00, 0x00, 0xD1, 0xD1, 0x00, 0x00, 0xD2, 0xD2, 0xD2, 0xD1, 0xD1, 0x00, 0x00, 0xD1, 0xD1, 0x00, 0x00, 0x00, 0x00, 0xD4, 0xD2, 0xD2, 0xD6, 0xD1, 0xD6, 0xD3, 0x00, 0x00, 0x00, 0x00, 0x00, 0x00, 0xD4, 0xD4, 0xD2, 0xD0, 0xD6, 0xD0, 0xD6, 0xD1, 0xD1, 0x00, 0x00, 0x00, 0x00, 0x00, 0xD4, 0xD2, 0xD1, 0xD2, 0xD2, 0xD0, 0xD0, 0xD2, 0xD0, 0xD1, 0x00, 0x00, 0x00, 0x00, 0xD5, 0xD3, 0xD1, 0xD0, 0xD0, 0xD0, 0xE0, 0xD0, 0xD1, 0xD1, 0x00, 0x00, 0x00, 0x00, 0xD5, 0xD4, 0xD2, 0xD2, 0xD2, 0xD2, 0xD0, 0xD0, 0xD2, 0x00, 0x00, 0x00, 0x00, 0x00, 0xD4, 0xD4, 0xD4, 0xD2, 0xD4, 0xD4, 0xC0, 0xC0, 0x00, 0x00, 0x00, 0x00, 0xD3, 0xD1, 0xD4, 0xD3, 0xD2, 0xD0, 0xD2, 0xD4, 0xC0, 0xC0, 0x00, 0x00, 0x00, 0x00, 0x00, 0xD3, 0xD4, 0xD1, 0xD0, 0xD0, 0xD1, 0xD1, 0xD2, 0xD1, 0x00, 0x00, 0x00, 0x00, 0x00, 0x00, 0xD1, 0xD2, 0xD3, 0xD3, 0xD3, 0x00, 0x00, 0x00, 0x00, 0x00, 0x00, 0x00, 0xD0, 0xD1, 0xD3, 0xD3, 0xD1, 0xD3, 0x00, 0x00, 0x00, 0x00, 0x00, 0x00, 0x00, 0xD0, 0xD1, 0xD3, 0xD3, 0xD1, 0xD3, 0x00, 0x00, 0x00, 0x00, 0x00, 0x00, 0x00, 0x00, 0x0F, 0x00, 0x0E, 0x00, 0xFF, 0xFF, 0x00, 0x00, 0x00, 0x00, 0x00, 0x00, 0xD4, 0xD4, 0xD2, 0x00, 0x00, 0x00, 0x00, 0xD2, 0xD1, 0xD1, 0x00, 0x00, 0x00, 0x00, 0xD4, 0xD1, 0xD1, 0xD1, 0xD1, 0x00, 0x00, 0xD2, 0xD2, 0xD2, 0xD1, 0xD1, 0x00, 0x00, 0x00, 0xD4, 0xD4, 0xD4, 0xD2, 0xD1, 0xD1, 0x00, 0xD3, 0xD3, 0x00, 0x00, 0x00, 0x00, 0x00, 0x00, 0x00, 0x00, 0x00, 0x00, 0xD4, 0xD1, 0x00, 0xD4, 0xD4, 0x00, 0x00, 0x00, 0x00, 0x00, 0x00, 0x00, 0x00, 0x00, 0xD4, 0xD2, 0xD2, 0xD2, 0xD1, 0xD1, 0xD3, 0x00, 0x00, 0x00, 0x00, 0x00, 0x00, 0x00, 0xD4, 0xD4, 0xD2, 0xD0, 0xD6, 0xD0, 0xD6, 0xD1, 0xD2, 0x00, 0x00, 0x00, 0x00, 0x00, 0x00, 0xD4, 0xD2, 0xD1, 0xD0, 0xD6, 0xD0, 0xD6, 0xD0, 0xD1, 0x00, 0x00, 0x00, 0x00, 0x00, 0x00, 0xD5, 0xD3, 0xD3, 0xD2, 0xD1, 0xD0, 0xD0, 0xD1, 0xD2, 0xD3, 0x00, 0x00, 0x00, 0x00, 0x00, 0xD5, 0xD4, 0xD1, 0xD0, 0xD0, 0xD1, 0xE0, 0xD0, 0xD0, 0xD2, 0x00, 0x00, 0x00, 0x00, 0x00, 0x00, 0xD5, 0xD4, 0xD1, 0xD1, 0xD4, 0xD2, 0xD0, 0xD2, 0x00, 0x00, 0x00, 0xD3, 0xD1, 0xD4, 0xD4, 0xD4, 0xD2, 0xD4, 0xD4, 0xC0, 0xC0, 0x00, 0x00, 0x00, 0x00, 0x00, 0x00, 0xD4, 0xD5, 0xD2, 0xD1, 0xD0, 0xD2, 0xD4, 0xC0, 0xC0, 0x00, 0x00, 0x00, 0x00, 0x00, 0xD1, 0xD2, 0xD3, 0xD1, 0xD2, 0xD0, 0xD1, 0xD3, 0xD1, 0x00, 0x00, 0x00, 0x00, 0xD1, 0xD1, 0xD1, 0xD3, 0xD1, 0xD1, 0xD3, 0xD3, 0xD1, 0xD1, 0xD3, 0xD1, 0x00, 0x00, 0x00, 0x10, 0x00, 0x10, 0x00, 0x00, 0x00, 0x00, 0x00, 0x00, 0x00, 0x00, 0x00, 0x00, 0x00, 0xD1, 0xD1, 0xD1, 0x00, 0x00, 0x00, 0x00, 0xD1, 0xD1, 0x00, 0x00, 0x00, 0x00, 0x00, 0x00, 0x00, 0xD4, 0xD1, 0xD1, 0xD1, 0x00, 0xD1, 0xD1, 0xD1, 0xD1, 0x00, 0x00, 0x00, 0x00, 0x00, 0x00, 0x00, 0x00, 0xD4, 0xD1, 0xD1, 0x00, 0xD1, 0xD1, 0x00, 0x00, 0x00, 0x00, 0x00, 0x00, 0x00, 0x00, 0x00, 0x00, 0x00, 0xD1, 0xD1, 0x00, 0xD2, 0xD2, 0x00, 0x00, 0x00, 0x00, 0x00, 0x00, 0x00, 0x00, 0x00, 0x00, 0x00, 0xD2, 0xD1, 0x00, 0xD4, 0xD4, 0x00, 0x00, 0x00, 0x00, 0x00, 0x00, 0x00, 0x00, 0x00, 0x00, 0xD4, 0xD2, 0xD2, 0xD2, 0xD1, 0xD1, 0x00, 0x00, 0x00, 0x00, 0x00, 0x00, 0x00, 0x00, 0x00, 0xD4, 0xD4, 0xD2, 0xD0, 0xD0, 0xD0, 0xD0, 0xD1, 0x00, 0x00, 0x00, 0x00, 0x00, 0x00, 0x00, 0x00, 0xD4, 0xD2, 0xD1, 0xD0, 0xD6, 0xD0, 0xD6, 0xD0, 0xD1, 0x00, 0x00, 0x00, 0x00, 0x00, 0xD1, 0xD0, 0xD5, 0xD3, 0xD1, 0xD0, 0xD6, 0xD0, 0xD6, 0xD0, 0xD0, 0x00, 0xD2, 0xD0, 0xD0, 0x00, 0x00, 0xD0, 0xD5, 0xD4, 0xD1, 0xD1, 0xD1, 0xD0, 0xD0, 0xD2, 0xD2, 0x00, 0x00, 0xD2, 0xD0, 0xD0, 0x00, 0xD3, 0xD5, 0xD5, 0xD1, 0xD0, 0xD0, 0xD1, 0xE0, 0xD0, 0xD1, 0xD2, 0x00, 0x00, 0xD3, 0xD3, 0xD4, 0xD2, 0xD4, 0xD5, 0xD4, 0xD1, 0xD1, 0xD2, 0xD2, 0xD2, 0xD2, 0x00, 0x00, 0x00, 0x00, 0xD0, 0xD4, 0xD0, 0xD2, 0xD2, 0xD2, 0xD2, 0x00, 0xC0, 0xC0, 0x00, 0x00, 0x00, 0x00, 0x00, 0x00, 0x00, 0xD4, 0xD2, 0xD0, 0xD2, 0xD4, 0xD4, 0xD2, 0xC0, 0xC0, 0x00, 0x00, 0x00, 0x00, 0x00, 0x00, 0x00, 0x00, 0xD4, 0xD4, 0xD3, 0xD0, 0xD2, 0xD4, 0xD3, 0x00, 0x00, 0x00, 0x00, 0x00, 0x00, 0x00, 0x00, 0x00, 0x00, 0x00, 0x00, 0xD3, 0xD0, 0x00, 0xD3, 0xD0, 0x00, 0x00, 0x00, 0x11, 0x00, 0x10, 0x00, 0x01, 0x00, 0x00, 0x00, 0x00, 0x00, 0x00, 0x00, 0x00, 0x00, 0x00, 0x00, 0xD1, 0xD1, 0x00, 0x00, 0x00, 0xD1, 0x00, 0x00, 0x00, 0x00, 0x00, 0x00, 0x00, 0x00, 0x00, 0x00, 0xD4, 0xD1, 0xD1, 0xD1, 0x00, 0xD1, 0xD1, 0xD1, 0x00, 0x00, 0x00, 0x00, 0x00, 0x00, 0x00, 0x00, 0x00, 0x00, 0xD4, 0xD1, 0xD1, 0x00, 0xD1, 0xD1, 0x00, 0x00, 0x00, 0x00, 0x00, 0x00, 0x00, 0x00, 0x00, 0x00, 0x00, 0xD1, 0xD1, 0x00, 0x00, 0xD2, 0xD1, 0xD2, 0x00, 0x00, 0x00, 0x00, 0x00, 0x00, 0x00, 0x00, 0x00, 0x00, 0xD1, 0xD2, 0x00, 0x00, 0xD4, 0xD1, 0xD2, 0x00, 0x00, 0x00, 0x00, 0x00, 0x00, 0x00, 0x00, 0x00, 0x00, 0xD4, 0xD2, 0xD2, 0xD2, 0xD1, 0xD1, 0x00, 0x00, 0x00, 0x00, 0x00, 0x00, 0x00, 0x00, 0x00, 0x00, 0xD4, 0xD4, 0xD2, 0xD0, 0xD0, 0xD0, 0xD0, 0xD1, 0x00, 0x00, 0x00, 0x00, 0x00, 0x00, 0x00, 0x00, 0x00, 0xD4, 0xD2, 0xD1, 0xD0, 0xD6, 0xD0, 0xD6, 0xD0, 0xD1, 0x00, 0x00, 0x00, 0x00, 0x00, 0x00, 0x00, 0xD2, 0xD5, 0xD3, 0xD1, 0xD0, 0xD6, 0xD0, 0xD6, 0xD0, 0xD0, 0x00, 0xD2, 0xD0, 0xD0, 0x00, 0x00, 0x00, 0x00, 0xD5, 0xD4, 0xD1, 0xD1, 0xD1, 0xD0, 0xD0, 0xD2, 0xD2, 0x00, 0x00, 0xD2, 0xD0, 0xD0, 0x00, 0x00, 0xD3, 0xD5, 0xD5, 0xD1, 0xD0, 0xD0, 0xD1, 0xE0, 0xD0, 0xD1, 0xD2, 0x00, 0x00, 0x00, 0xD3, 0xD3, 0xD4, 0xD2, 0xD4, 0xD5, 0xD4, 0xD1, 0xD1, 0xD2, 0xD2, 0xD2, 0xD2, 0x00, 0x00, 0x00, 0x00, 0x00, 0xD0, 0xD4, 0xD0, 0xD2, 0xD2, 0xD2, 0xD2, 0x00, 0xC0, 0xC0, 0x00, 0x00, 0x00, 0x00, 0x00, 0x00, 0x00, 0x00, 0xD4, 0xD2, 0xD0, 0xD2, 0xD4, 0xD4, 0xD2, 0xC0, 0xC0, 0x00, 0x00, 0x00, 0x00, 0x00, 0x00, 0x00, 0x00, 0x00, 0xD4, 0xD4, 0xD2, 0xD2, 0x00, 0xD4, 0xD3, 0xD0, 0x00, 0x00, 0x00, 0x00, 0x00, 0x00, 0x00, 0x00, 0x00, 0x00, 0x00, 0xD2, 0xD0, 0x00, 0x00, 0xD3, 0xD3, 0xD0, 0x00, 0x00, 0x11, 0x00, 0x0D, 0x00, 0xFF, 0xFF, 0xFD, 0xFF, 0x00, 0x00, 0x00, 0x00, 0x00, 0x00, 0x00, 0x00, 0xD1, 0x00, 0x00, 0x00, 0x00, 0x00, 0x00, 0x00, 0x00, 0x00, 0x00, 0x00, 0x00, 0x00, 0xD1, 0x00, 0x00, 0xD1, 0x00, 0x00, 0xD1, 0x00, 0x00, 0x00, 0x00, 0x00, 0x00, 0x00, 0xD4, 0x00, 0x00, 0x00, 0xD1, 0x00, 0x00, 0x00, 0xD1, 0x00, 0x00, 0x00, 0x00, 0x00, 0x00, 0x00, 0xD4, 0xD1, 0xD1, 0xD2, 0x00, 0x00, 0x00, 0x00, 0x00, 0x00, 0x00, 0x00, 0xD1, 0xD1, 0xD1, 0xD4, 0x00, 0xD4, 0xD4, 0xD2, 0xD2, 0xD1, 0xD1, 0xD2, 0x00, 0x00, 0xD4, 0xD2, 0xD2, 0xD2, 0xD2, 0xD4, 0xD4, 0x00, 0x00, 0x00, 0x00, 0xD4, 0xD4, 0xD2, 0xD2, 0xD1, 0xD1, 0xD1, 0xD2, 0xD3, 0x00, 0x00, 0x00, 0x00, 0x00, 0x00, 0x00, 0x00, 0xD4, 0xD2, 0xD1, 0xD1, 0xD1, 0xD1, 0xD1, 0xD2, 0xD1, 0x00, 0x00, 0x00, 0x00, 0x00, 0x00, 0xD3, 0xD3, 0xD5, 0xD3, 0xD1, 0xD3, 0xD6, 0xD0, 0xD6, 0xD3, 0xD2, 0x00, 0x00, 0x00, 0x00, 0x00, 0xD3, 0xD1, 0xD3, 0xD5, 0xD4, 0xD1, 0xD0, 0xD0, 0xD1, 0xE0, 0xD0, 0xD0, 0xD2, 0x00, 0x00, 0x00, 0x00, 0x00, 0xD3, 0xD5, 0xD3, 0xD5, 0xD4, 0xD1, 0xD1, 0xD4, 0xD2, 0xD2, 0xD2, 0xD3, 0x00, 0x00, 0x00, 0x00, 0x00, 0x00, 0xD5, 0xD2, 0xD0, 0xD0, 0xD3, 0xD4, 0xC0, 0xC0, 0x00, 0x00, 0x00, 0x00, 0x00, 0x00, 0x00, 0x00, 0x00, 0xD5, 0xD4, 0xD3, 0xD2, 0xD6, 0xD3, 0xC0, 0xC0, 0xD3, 0xD3, 0xD3, 0x00, 0x00, 0x00, 0xD4, 0xD1, 0xD0, 0xD2, 0xD4, 0xD4, 0xD4, 0xD0, 0xD4, 0xD3, 0xD0, 0xD2, 0xD2, 0xD0, 0xD3, 0x00, 0x00, 0x0D, 0x00, 0x0F, 0x00, 0xFF, 0xFF, 0xFF, 0xFF, 0x00, 0xD1, 0xD1, 0xD2, 0x00, 0x00, 0x00, 0x00, 0xD2, 0xD4, 0xD4, 0x00, 0x00, 0xD1, 0xD1, 0xD2, 0xD2, 0xD2, 0x00, 0x00, 0xD1, 0xD1, 0xD1, 0xD1, 0xD4, 0x00, 0x00, 0x00, 0x00, 0xD3, 0xD3, 0x00, 0xD1, 0xD1, 0xD2, 0xD4, 0xD4, 0xD4, 0x00, 0x00, 0x00, 0x00, 0xD4, 0xD4, 0x00, 0xD1, 0xD4, 0x00, 0x00, 0x00, 0x00, 0x00, 0x00, 0x00, 0xD3, 0xD1, 0xD1, 0xD2, 0xD2, 0xD2, 0xD4, 0x00, 0x00, 0x00, 0x00, 0x00, 0xD2, 0xD1, 0xD6, 0xD0, 0xD6, 0xD0, 0xD2, 0xD4, 0xD4, 0x00, 0x00, 0x00, 0x00, 0xD1, 0xD0, 0xD6, 0xD0, 0xD6, 0xD0, 0xD1, 0xD2, 0xD4, 0x00, 0x00, 0x00, 0xD3, 0xD2, 0xD1, 0xD0, 0xD0, 0xD1, 0xD2, 0xD3, 0xD3, 0xD5, 0x00, 0x00, 0x00, 0xD2, 0xD0, 0xD0, 0xE0, 0xD1, 0xD0, 0xD0, 0xD1, 0xD4, 0xD5, 0x00, 0x00, 0x00, 0x00, 0xD2, 0xD0, 0xD2, 0xD4, 0xD1, 0xD1, 0xD4, 0xD5, 0x00, 0x00, 0x00, 0x00, 0x00, 0x00, 0x00, 0xC0, 0xC0, 0xD4, 0xD4, 0xD5, 0xD5, 0xD4, 0xD3, 0xD2, 0x00, 0x00, 0x00, 0x00, 0xC0, 0xC0, 0xD3, 0xD2, 0xD0, 0xD2, 0xD3, 0xD5, 0xD1, 0xD3, 0x00, 0x00, 0x00, 0x00, 0xD3, 0xD1, 0xD3, 0xD0, 0xD0, 0xD2, 0xD5, 0xD4, 0x00, 0x00, 0x00, 0xD3, 0xD3, 0xD3, 0xD2, 0xD6, 0xD2, 0xD3, 0xD4, 0xD5, 0x00, 0x00, 0x00, 0xD3, 0xD0, 0xD2, 0xD3, 0xD0, 0xD4, 0xD0, 0xD4, 0xD0, 0xD1, 0xD4, 0x00, 0x0E, 0x00, 0x0E, 0x00, 0x00, 0x00, 0x00, 0x00, 0x00, 0xD1, 0xD1, 0xD2, 0xD2, 0x00, 0x00, 0xD1, 0xD2, 0xD4, 0xD4, 0x00, 0x00, 0x00, 0xD1, 0xD1, 0xD2, 0xD3, 0xD3, 0x00, 0xD1, 0xD1, 0xD1, 0xD1, 0xD1, 0xD4, 0x00, 0x00, 0x00, 0x00, 0x00, 0xD4, 0xD4, 0x00, 0xD1, 0xD4, 0x00, 0xD4, 0xD4, 0xD4, 0x00, 0x00, 0x00, 0x00, 0xD3, 0xD1, 0xD1, 0xD2, 0xD2, 0xD2, 0xD4, 0x00, 0x00, 0x00, 0x00, 0x00, 0x00, 0xD2, 0xD1, 0xD6, 0xD0, 0xD6, 0xD0, 0xD2, 0xD4, 0xD4, 0x00, 0x00, 0x00, 0x00, 0x00, 0xD1, 0xD0, 0xD6, 0xD0, 0xD6, 0xD0, 0xD1, 0xD2, 0xD4, 0x00, 0x00, 0x00, 0x00, 0xD3, 0xD2, 0xD1, 0xD0, 0xD0, 0xD1, 0xD2, 0xD3, 0xD3, 0xD5, 0x00, 0x00, 0x00, 0x00, 0xD2, 0xD0, 0xD0, 0xE0, 0xD1, 0xD0, 0xD0, 0xD1, 0xD4, 0x00, 0x00, 0x00, 0x00, 0x00, 0x00, 0xD2, 0xD0, 0xD2, 0xD4, 0xD1, 0xD1, 0xD4, 0xD5, 0xD4, 0xD3, 0x00, 0x00, 0x00, 0x00, 0x00, 0x00, 0xC0, 0xC0, 0xD4, 0xD4, 0xD4, 0xD4, 0xD3, 0xD5, 0xD1, 0xD3, 0x00, 0x00, 0x00, 0x00, 0xC0, 0xC0, 0xD4, 0xD1, 0xD1, 0xD1, 0xD2, 0xD5, 0xD3, 0x00, 0x00, 0x00, 0x00, 0x00, 0xD4, 0xD0, 0xD4, 0xD4, 0xD0, 0xD3, 0xD2, 0xD2, 0x00, 0x00, 0x00, 0x00, 0x00, 0xD3, 0xD0, 0xD4, 0xD3, 0xD0, 0xD4, 0xD3, 0xD2, 0xD1, 0xD4, 0xD5, 0x00, 0x00, 0x00, 0x00, 0x00, 0xD1, 0xD3, 0xD3, 0xD3, 0x00, 0x00, 0xD4, 0xD0, 0xD1, 0xD4, 0x0E, 0x00, 0x10, 0x00, 0x00, 0x00, 0x02, 0x00, 0x00, 0xD1, 0xD1, 0xD2, 0x00, 0x00, 0x00, 0x00, 0xD2, 0xD4, 0xD4, 0x00, 0x00, 0x00, 0xD2, 0xD1, 0xD2, 0xD2, 0xD2, 0x00, 0x00, 0xD1, 0xD1, 0xD1, 0xD1, 0xD4, 0x00, 0x00, 0x00, 0x00, 0x00, 0xD3, 0xD3, 0x00, 0xD1, 0xD1, 0xD2, 0xD4, 0xD4, 0xD4, 0x00, 0x00, 0x00, 0x00, 0x00, 0xD4, 0xD4, 0x00, 0xD1, 0xD4, 0x00, 0x00, 0x00, 0x00, 0x00, 0x00, 0x00, 0x00, 0xD3, 0xD1, 0xD1, 0xD2, 0xD2, 0xD2, 0xD4, 0x00, 0x00, 0x00, 0x00, 0x00, 0x00, 0xD2, 0xD1, 0xD6, 0xD0, 0xD6, 0xD0, 0xD2, 0xD4, 0xD4, 0x00, 0x00, 0x00, 0x00, 0x00, 0xD1, 0xD0, 0xD6, 0xD0, 0xD6, 0xD0, 0xD1, 0xD2, 0xD4, 0x00, 0x00, 0x00, 0x00, 0xD3, 0xD2, 0xD1, 0xD0, 0xD0, 0xD1, 0xD2, 0xD3, 0xD3, 0xD5, 0x00, 0x00, 0x00, 0x00, 0xD2, 0xD0, 0xD0, 0xE0, 0xD1, 0xD0, 0xD0, 0xD1, 0xD4, 0xD5, 0x00, 0x00, 0x00, 0x00, 0x00, 0xD2, 0xD0, 0xD2, 0xD4, 0xD1, 0xD1, 0xD4, 0xD5, 0x00, 0x00, 0x00, 0x00, 0x00, 0x00, 0x00, 0x00, 0xC0, 0xC0, 0xD4, 0xD4, 0xD5, 0xD5, 0x00, 0xD3, 0xD3, 0x00, 0x00, 0x00, 0x00, 0x00, 0xC0, 0xC0, 0x00, 0xD4, 0xD2, 0xD4, 0xD4, 0xD4, 0xD1, 0xD3, 0x00, 0x00, 0x00, 0x00, 0x00, 0x00, 0xD4, 0xD2, 0xD0, 0xD1, 0xD2, 0xD5, 0xD4, 0x00, 0x00, 0x00, 0x00, 0x00, 0xD3, 0xD1, 0xD3, 0xD1, 0xD0, 0xD1, 0xD3, 0xD5, 0xD5, 0x00, 0x00, 0x00, 0x00, 0xD3, 0xD1, 0xD3, 0xD1, 0xD4, 0xD3, 0xD3, 0x00, 0xD3, 0xD1, 0xD1, 0xD3, 0x00, 0x00, 0x00, 0x00, 0x00, 0x00, 0x00, 0x00, 0x00, 0x00, 0x00, 0xD4, 0xD4, 0x00, 0x0D, 0x00, 0x10, 0x00, 0x00, 0x00, 0x02, 0x00, 0x00, 0xD2, 0xD2, 0x00, 0x00, 0x00, 0x00, 0x00, 0x00, 0xD4, 0xD4, 0x00, 0x00, 0x00, 0xD1, 0xD2, 0xD2, 0x00, 0x00, 0x00, 0x00, 0xD2, 0xD1, 0xD4, 0x00, 0x00, 0x00, 0x00, 0x00, 0xD2, 0xD2, 0x00, 0x00, 0xD1, 0xD1, 0xD4, 0x00, 0x00, 0x00, 0x00, 0x00, 0x00, 0xD3, 0xD3, 0x00, 0xD1, 0xD1, 0x00, 0x00, 0x00, 0x00, 0x00, 0x00, 0x00, 0x00, 0xD4, 0xD4, 0x00, 0xD1, 0xD4, 0x00, 0x00, 0x00, 0x00, 0x00, 0x00, 0x00, 0xD3, 0xD1, 0xD1, 0xD2, 0xD2, 0xD2, 0xD4, 0x00, 0x00, 0x00, 0x00, 0x00, 0xD2, 0xD1, 0xD6, 0xD0, 0xD6, 0xD0, 0xD2, 0xD4, 0xD4, 0x00, 0x00, 0x00, 0x00, 0xD1, 0xD0, 0xD6, 0xD0, 0xD6, 0xD0, 0xD1, 0xD2, 0xD4, 0x00, 0x00, 0x00, 0xD3, 0xD2, 0xD1, 0xD0, 0xD0, 0xD1, 0xD2, 0xD3, 0xD3, 0xD5, 0x00, 0x00, 0x00, 0xD2, 0xD0, 0xD0, 0xE0, 0xD1, 0xD0, 0xD0, 0xD1, 0xD4, 0xD5, 0x00, 0x00, 0x00, 0x00, 0xD2, 0xD0, 0xD2, 0xD4, 0xD1, 0xD1, 0xD4, 0xD5, 0xD4, 0xD3, 0xD2, 0x00, 0x00, 0x00, 0x00, 0xC0, 0xC0, 0xD4, 0xD4, 0xD4, 0xD4, 0xD3, 0xD5, 0xD1, 0xD3, 0x00, 0x00, 0x00, 0xC0, 0xC0, 0xD4, 0xD1, 0xD1, 0xD1, 0xD2, 0xD5, 0xD4, 0x00, 0x00, 0x00, 0x00, 0x00, 0xD4, 0xD1, 0xD0, 0xD2, 0xD2, 0xD1, 0xD4, 0xD5, 0x00, 0x00, 0x00, 0xD3, 0xD4, 0xD3, 0xD0, 0xD2, 0xD2, 0x00, 0xD4, 0xD0, 0xD1, 0xD3, 0x00, 0xD3, 0xD0, 0xD3, 0xD0, 0xD3, 0x00, 0x00, 0x00, 0x00, 0x00, 0x00, 0x00, 0x0E, 0x00, 0x0E, 0x00, 0x01, 0x00, 0xFF, 0xFF, 0x00, 0x00, 0xD1, 0xD2, 0x00, 0x00, 0x00, 0x00, 0x00, 0xD1, 0xD1, 0xD1, 0xD4, 0x00, 0x00, 0xD1, 0xD2, 0xD2, 0xD2, 0x00, 0x00, 0x00, 0xD1, 0xD1, 0xD1, 0xD1, 0xD1, 0xD4, 0xD1, 0xD1, 0x00, 0x00, 0xD1, 0xD1, 0xD2, 0xD2, 0xD2, 0x00, 0x00, 0xD1, 0xD1, 0x00, 0x00, 0x00, 0x00, 0xD3, 0xD6, 0xD1, 0xD6, 0xD2, 0xD2, 0xD4, 0x00, 0x00, 0x00, 0x00, 0x00, 0x00, 0xD1, 0xD1, 0xD6, 0xD0, 0xD6, 0xD0, 0xD2, 0xD4, 0xD4, 0x00, 0x00, 0x00, 0x00, 0xD1, 0xD0, 0xD2, 0xD0, 0xD0, 0xD2, 0xD2, 0xD1, 0xD2, 0xD4, 0x00, 0x00, 0x00, 0x00, 0xD1, 0xD1, 0xD0, 0xE0, 0xD0, 0xD0, 0xD0, 0xD1, 0xD3, 0xD5, 0x00, 0x00, 0x00, 0x00, 0x00, 0xD2, 0xD2, 0xD2, 0xD2, 0xD2, 0xD2, 0xD2, 0xD4, 0xD5, 0x00, 0x00, 0x00, 0x00, 0x00, 0x00, 0xC0, 0xC0, 0xD4, 0xD4, 0xD2, 0xD4, 0xD4, 0xD4, 0x00, 0x00, 0x00, 0x00, 0x00, 0x00, 0xC0, 0xC0, 0xD4, 0xD2, 0xD0, 0xD2, 0xD3, 0xD4, 0xD1, 0xD3, 0x00, 0x00, 0x00, 0x00, 0xD1, 0xD2, 0xD1, 0xD1, 0xD0, 0xD0, 0xD1, 0xD4, 0xD3, 0x00, 0x00, 0x00, 0x00, 0x00, 0x00, 0x00, 0x00, 0xD3, 0xD3, 0xD3, 0xD2, 0xD1, 0x00, 0x00, 0x00, 0x00, 0x00, 0x00, 0x00, 0x00, 0x00, 0x00, 0xD3, 0xD1, 0xD3, 0xD3, 0xD1, 0xD0, 0x00, 0x00, 0x00, 0x00, 0x00, 0x00, 0x00, 0x00, 0x00, 0xD3, 0xD1, 0xD3, 0xD3, 0xD1, 0xD0, 0x0F, 0x00, 0x0E, 0x00, 0x00, 0x00, 0x01, 0x00, 0x00, 0xD1, 0xD1, 0xD2, 0x00, 0x00, 0x00, 0x00, 0xD2, 0xD4, 0xD4, 0x00, 0x00, 0x00, 0x00, 0xD1, 0xD1, 0xD2, 0xD2, 0xD2, 0x00, 0x00, 0xD1, 0xD1, 0xD1, 0xD1, 0xD4, 0x00, 0x00, 0x00, 0x00, 0x00, 0x00, 0xD3, 0xD3, 0x00, 0xD1, 0xD1, 0xD2, 0xD4, 0xD4, 0xD4, 0x00, 0x00, 0x00, 0x00, 0x00, 0x00, 0xD4, 0xD4, 0x00, 0xD1, 0xD4, 0x00, 0x00, 0x00, 0x00, 0x00, 0x00, 0x00, 0x00, 0x00, 0xD3, 0xD1, 0xD1, 0xD2, 0xD2, 0xD2, 0xD4, 0x00, 0x00, 0x00, 0x00, 0x00, 0x00, 0x00, 0x00, 0xD1, 0xD6, 0xD0, 0xD6, 0xD0, 0xD2, 0xD4, 0xD4, 0x00, 0x00, 0x00, 0x00, 0x00, 0x00, 0xD2, 0xD0, 0xD6, 0xD0, 0xD6, 0xD0, 0xD1, 0xD2, 0xD4, 0x00, 0x00, 0x00, 0x00, 0x00, 0xD3, 0xD2, 0xD1, 0xD0, 0xD0, 0xD1, 0xD2, 0xD3, 0xD3, 0xD5, 0x00, 0x00, 0x00, 0x00, 0x00, 0xD2, 0xD0, 0xD0, 0xE0, 0xD1, 0xD0, 0xD0, 0xD1, 0xD4, 0xD5, 0x00, 0x00, 0x00, 0x00, 0x00, 0x00, 0xD2, 0xD0, 0xD2, 0xD4, 0xD1, 0xD1, 0xD4, 0xD5, 0x00, 0x00, 0x00, 0x00, 0x00, 0x00, 0x00, 0x00, 0x00, 0xC0, 0xC0, 0xD4, 0xD4, 0xD2, 0xD4, 0xD4, 0xD4, 0xD1, 0xD3, 0x00, 0x00, 0x00, 0x00, 0x00, 0xC0, 0xC0, 0xD4, 0xD2, 0xD0, 0xD1, 0xD2, 0xD5, 0xD4, 0x00, 0x00, 0x00, 0x00, 0x00, 0x00, 0x00, 0xD1, 0xD3, 0xD1, 0xD0, 0xD2, 0xD1, 0xD3, 0xD2, 0xD1, 0x00, 0x00, 0x00, 0x00, 0x00, 0xD1, 0xD3, 0xD1, 0xD1, 0xD3, 0xD3, 0xD1, 0xD1, 0xD3, 0xD1, 0xD1, 0xD1, 0x10, 0x00, 0x10, 0x00, 0x00, 0x00, 0x02, 0x00, 0x00, 0xD1, 0xD1, 0x00, 0x00, 0x00, 0x00, 0xD1, 0xD1, 0xD1, 0x00, 0x00, 0x00, 0x00, 0x00, 0x00, 0x00, 0xD1, 0xD1, 0xD1, 0xD1, 0x00, 0xD1, 0xD1, 0xD1, 0xD4, 0x00, 0x00, 0x00, 0x00, 0x00, 0x00, 0x00, 0x00, 0x00, 0xD1, 0xD1, 0x00, 0xD1, 0xD1, 0xD4, 0x00, 0x00, 0x00, 0x00, 0x00, 0x00, 0x00, 0x00, 0x00, 0x00, 0xD2, 0xD2, 0x00, 0xD1, 0xD1, 0x00, 0x00, 0x00, 0x00, 0x00, 0x00, 0x00, 0x00, 0x00, 0x00, 0x00, 0xD4, 0xD4, 0x00, 0xD1, 0xD2, 0x00, 0x00, 0x00, 0x00, 0x00, 0x00, 0x00, 0x00, 0x00, 0x00, 0x00, 0xD1, 0xD1, 0xD2, 0xD2, 0xD2, 0xD4, 0x00, 0x00, 0x00, 0x00, 0x00, 0x00, 0x00, 0x00, 0x00, 0xD1, 0xD0, 0xD0, 0xD0, 0xD0, 0xD2, 0xD4, 0xD4, 0x00, 0x00, 0x00, 0x00, 0x00, 0x00, 0x00, 0xD1, 0xD0, 0xD6, 0xD0, 0xD6, 0xD0, 0xD1, 0xD2, 0xD4, 0x00, 0x00, 0x00, 0x00, 0x00, 0x00, 0x00, 0xD0, 0xD0, 0xD6, 0xD0, 0xD6, 0xD0, 0xD1, 0xD3, 0xD5, 0xD0, 0xD1, 0x00, 0x00, 0x00, 0x00, 0x00, 0xD2, 0xD2, 0xD0, 0xD0, 0xD1, 0xD1, 0xD1, 0xD4, 0xD5, 0xD0, 0x00, 0x00, 0xD0, 0xD0, 0xD2, 0xD2, 0xD1, 0xD0, 0xE0, 0xD1, 0xD0, 0xD0, 0xD1, 0xD5, 0xD5, 0xD3, 0x00, 0xD0, 0xD0, 0xD2, 0x00, 0x00, 0xD2, 0xD2, 0xD2, 0xD2, 0xD1, 0xD1, 0xD4, 0xD5, 0xD4, 0xD2, 0xD4, 0xD3, 0xD3, 0x00, 0x00, 0x00, 0x00, 0x00, 0xC0, 0xC0, 0x00, 0xD2, 0xD2, 0xD2, 0xD2, 0xD0, 0xD4, 0xD0, 0x00, 0x00, 0x00, 0x00, 0x00, 0x00, 0xC0, 0xC0, 0xD2, 0xD4, 0xD4, 0xD2, 0xD0, 0xD2, 0xD4, 0x00, 0x00, 0x00, 0x00, 0x00, 0x00, 0x00, 0x00, 0xD3, 0xD4, 0xD2, 0xD0, 0xD3, 0xD4, 0xD4, 0x00, 0x00, 0x00, 0x00, 0x00, 0x00, 0x00, 0x00, 0xD0, 0xD3, 0x00, 0xD0, 0xD3, 0x00, 0x00, 0x00, 0x00, 0x00, 0x00, 0x00, 0x00, 0x11, 0x00, 0x10, 0x00, 0x00, 0x00, 0x02, 0x00, 0x00, 0x00, 0x00, 0xD1, 0x00, 0x00, 0x00, 0xD1, 0xD1, 0x00, 0x00, 0x00, 0x00, 0x00, 0x00, 0x00, 0x00, 0x00, 0x00, 0xD1, 0xD1, 0xD1, 0x00, 0xD1, 0xD1, 0xD1, 0xD4, 0x00, 0x00, 0x00, 0x00, 0x00, 0x00, 0x00, 0x00, 0x00, 0x00, 0xD1, 0xD1, 0x00, 0xD1, 0xD1, 0xD4, 0x00, 0x00, 0x00, 0x00, 0x00, 0x00, 0x00, 0x00, 0x00, 0x00, 0xD2, 0xD1, 0xD2, 0x00, 0x00, 0xD1, 0xD1, 0x00, 0x00, 0x00, 0x00, 0x00, 0x00, 0x00, 0x00, 0x00, 0x00, 0xD2, 0xD1, 0xD4, 0x00, 0x00, 0xD2, 0xD1, 0x00, 0x00, 0x00, 0x00, 0x00, 0x00, 0x00, 0x00, 0x00, 0x00, 0x00, 0xD1, 0xD1, 0xD2, 0xD2, 0xD2, 0xD4, 0x00, 0x00, 0x00, 0x00, 0x00, 0x00, 0x00, 0x00, 0x00, 0x00, 0xD1, 0xD0, 0xD0, 0xD0, 0xD0, 0xD2, 0xD4, 0xD4, 0x00, 0x00, 0x00, 0x00, 0x00, 0x00, 0x00, 0x00, 0xD1, 0xD0, 0xD6, 0xD0, 0xD6, 0xD0, 0xD1, 0xD2, 0xD4, 0x00, 0x00, 0x00, 0x00, 0x00, 0x00, 0x00, 0x00, 0xD0, 0xD0, 0xD6, 0xD0, 0xD6, 0xD0, 0xD1, 0xD3, 0xD5, 0xD2, 0x00, 0x00, 0x00, 0x00, 0x00, 0x00, 0x00, 0xD2, 0xD2, 0xD0, 0xD0, 0xD1, 0xD1, 0xD1, 0xD4, 0xD5, 0x00, 0x00, 0x00, 0x00, 0xD0, 0xD0, 0xD2, 0xD2, 0xD1, 0xD0, 0xE0, 0xD1, 0xD0, 0xD0, 0xD1, 0xD5, 0xD5, 0xD3, 0x00, 0x00, 0xD0, 0xD0, 0xD2, 0x00, 0x00, 0xD2, 0xD2, 0xD2, 0xD2, 0xD1, 0xD1, 0xD4, 0xD5, 0xD4, 0xD2, 0xD4, 0xD3, 0xD3, 0x00, 0x00, 0x00, 0x00, 0x00, 0x00, 0xC0, 0xC0, 0x00, 0xD2, 0xD2, 0xD2, 0xD2, 0xD0, 0xD4, 0xD0, 0x00, 0x00, 0x00, 0x00, 0x00, 0x00, 0x00, 0xC0, 0xC0, 0xD2, 0xD4, 0xD4, 0xD2, 0xD0, 0xD2, 0xD4, 0x00, 0x00, 0x00, 0x00, 0x00, 0x00, 0x00, 0x00, 0xD0, 0xD3, 0xD4, 0x00, 0xD2, 0xD2, 0xD4, 0xD4, 0x00, 0x00, 0x00, 0x00, 0x00, 0x00, 0x00, 0x00, 0xD0, 0xD3, 0xD3, 0x00, 0x00, 0xD0, 0xD2, 0x00, 0x00, 0x00, 0x00, 0x00, 0x00, 0x00, 0x00, 0x11, 0x00, 0x0D, 0x00, 0x02, 0x00, 0xFC, 0xFF, 0x00, 0x00, 0x00, 0x00, 0x00, 0x00, 0x00, 0x00, 0xD1, 0x00, 0x00, 0x00, 0x00, 0x00, 0x00, 0x00, 0x00, 0x00, 0x00, 0x00, 0x00, 0x00, 0xD1, 0x00, 0x00, 0xD1, 0x00, 0x00, 0xD1, 0x00, 0x00, 0x00, 0x00, 0x00, 0x00, 0x00, 0x00, 0x00, 0x00, 0x00, 0xD1, 0x00, 0x00, 0x00, 0xD1, 0x00, 0x00, 0x00, 0xD4, 0x00, 0x00, 0xD4, 0xD1, 0xD1, 0xD1, 0x00, 0x00, 0x00, 0x00, 0x00, 0x00, 0x00, 0x00, 0xD2, 0xD1, 0xD1, 0xD4, 0x00, 0xD4, 0xD4, 0xD2, 0xD2, 0xD2, 0xD2, 0xD4, 0x00, 0x00, 0xD2, 0xD1, 0xD1, 0xD2, 0xD2, 0xD4, 0xD4, 0x00, 0x00, 0x00, 0x00, 0x00, 0xD3, 0xD2, 0xD1, 0xD1, 0xD1, 0xD2, 0xD2, 0xD4, 0xD4, 0x00, 0x00, 0x00, 0x00, 0x00, 0x00, 0x00, 0x00, 0xD1, 0xD2, 0xD1, 0xD1, 0xD1, 0xD1, 0xD1, 0xD2, 0xD4, 0x00, 0x00, 0x00, 0x00, 0x00, 0x00, 0x00, 0x00, 0xD2, 0xD3, 0xD6, 0xD0, 0xD6, 0xD3, 0xD1, 0xD3, 0xD5, 0xD3, 0xD3, 0x00, 0x00, 0x00, 0x00, 0x00, 0xD2, 0xD0, 0xD0, 0xE0, 0xD1, 0xD0, 0xD0, 0xD1, 0xD4, 0xD5, 0xD3, 0xD1, 0xD3, 0x00, 0x00, 0x00, 0x00, 0xD3, 0xD2, 0xD2, 0xD2, 0xD4, 0xD1, 0xD1, 0xD4, 0xD5, 0xD3, 0xD5, 0xD3, 0x00, 0x00, 0x00, 0x00, 0x00, 0x00, 0x00, 0x00, 0xC0, 0xC0, 0xD4, 0xD3, 0xD0, 0xD0, 0xD2, 0xD5, 0x00, 0x00, 0x00, 0x00, 0x00, 0x00, 0xD3, 0xD3, 0xD3, 0xC0, 0xC0, 0xD3, 0xD6, 0xD2, 0xD3, 0xD4, 0xD5, 0x00, 0x00, 0x00, 0x00, 0x00, 0xD3, 0xD0, 0xD2, 0xD2, 0xD0, 0xD3, 0xD4, 0xD0, 0xD4, 0xD4, 0xD4, 0xD2, 0xD0, 0xD1, 0xD4, 0x0D, 0x00, 0x0F, 0x00, 0xFE, 0xFF, 0xFF, 0xFF, 0x00, 0x00, 0xDC, 0xDC, 0xDA, 0x00, 0x00, 0x00, 0x00, 0xDA, 0xD9, 0xD9, 0x00, 0x00, 0xDC, 0xD9, 0xD9, 0xD9, 0xD9, 0x00, 0x00, 0xDA, 0xDA, 0xDA, 0xD9, 0xD9, 0x00, 0xDC, 0xDC, 0xDC, 0xDA, 0xD9, 0xD9, 0x00, 0xDB, 0xDB, 0x00, 0x00, 0x00, 0x00, 0x00, 0x00, 0x00, 0x00, 0xDC, 0xD9, 0x00, 0xDC, 0xDC, 0x00, 0x00, 0x00, 0x00, 0x00, 0x00, 0x00, 0xDC, 0xDA, 0xDA, 0xDA, 0xD9, 0xD9, 0xDB, 0x00, 0x00, 0x00, 0x00, 0x00, 0xDC, 0xDC, 0xDA, 0xD8, 0xDE, 0xD8, 0xDE, 0xD9, 0xDA, 0x00, 0x00, 0x00, 0x00, 0xDC, 0xDA, 0xD9, 0xD8, 0xDE, 0xD8, 0xDE, 0xD8, 0xD9, 0x00, 0x00, 0x00, 0x00, 0xDD, 0xDB, 0xDB, 0xDA, 0xD9, 0xD8, 0xD8, 0xD9, 0xDA, 0xDB, 0x00, 0x00, 0x00, 0xDD, 0xDC, 0xD9, 0xD8, 0xD8, 0xD9, 0xE0, 0xD8, 0xD8, 0xDA, 0x00, 0x00, 0x00, 0x00, 0xDD, 0xDC, 0xD9, 0xD9, 0xDC, 0xDA, 0xD8, 0xDA, 0x00, 0x00, 0xDA, 0xDB, 0xDC, 0xDD, 0xDD, 0xDC, 0xDC, 0xC0, 0xC0, 0x00, 0x00, 0x00, 0xDB, 0xD9, 0xDD, 0xDB, 0xDA, 0xD8, 0xDA, 0xDB, 0xC0, 0xC0, 0x00, 0x00, 0x00, 0x00, 0xDC, 0xDD, 0xDA, 0xD8, 0xD8, 0xDB, 0xD9, 0xDB, 0x00, 0x00, 0x00, 0x00, 0x00, 0x00, 0xDD, 0xDC, 0xDB, 0xDA, 0xDE, 0xDA, 0xDB, 0xDB, 0xDB, 0x00, 0x00, 0x00, 0xDC, 0xD9, 0xD8, 0xDC, 0xD8, 0xDC, 0xD8, 0xDB, 0xDA, 0xD8, 0xDB, 0x00, 0x0E, 0x00, 0x0E, 0x00, 0xFE, 0xFF, 0xFF, 0xFF, 0x00, 0x00, 0x00, 0xDC, 0xDC, 0xDA, 0xD9, 0x00, 0x00, 0xDA, 0xDA, 0xD9, 0xD9, 0x00, 0x00, 0x00, 0xDC, 0xD9, 0xD9, 0xD9, 0xD9, 0xD9, 0x00, 0xDB, 0xDB, 0xDA, 0xD9, 0xD9, 0x00, 0x00, 0xDC, 0xDC, 0xDC, 0x00, 0xDC, 0xD9, 0x00, 0xDC, 0xDC, 0x00, 0x00, 0x00, 0x00, 0x00, 0x00, 0x00, 0x00, 0xDC, 0xDA, 0xDA, 0xDA, 0xD9, 0xD9, 0xDB, 0x00, 0x00, 0x00, 0x00, 0x00, 0x00, 0xDC, 0xDC, 0xDA, 0xD8, 0xDE, 0xD8, 0xDE, 0xD9, 0xDA, 0x00, 0x00, 0x00, 0x00, 0x00, 0xDC, 0xDA, 0xD9, 0xD8, 0xDE, 0xD8, 0xDE, 0xD8, 0xD9, 0x00, 0x00, 0x00, 0x00, 0x00, 0xDD, 0xDB, 0xDB, 0xDA, 0xD9, 0xD8, 0xD8, 0xD9, 0xDA, 0xDB, 0x00, 0x00, 0x00, 0x00, 0x00, 0xDC, 0xD9, 0xD8, 0xD8, 0xD9, 0xE0, 0xD8, 0xD8, 0xDA, 0x00, 0x00, 0x00, 0xDB, 0xDC, 0xDD, 0xDC, 0xD9, 0xD9, 0xDC, 0xDA, 0xD8, 0xDA, 0x00, 0x00, 0xDB, 0xD9, 0xDD, 0xDB, 0xDC, 0xDC, 0xDC, 0xDC, 0xC0, 0xC0, 0x00, 0x00, 0x00, 0x00, 0x00, 0xDB, 0xDD, 0xDA, 0xD9, 0xD9, 0xD9, 0xDC, 0xC0, 0xC0, 0x00, 0x00, 0x00, 0x00, 0x00, 0x00, 0xDA, 0xDA, 0xDB, 0xD8, 0xDC, 0xDC, 0xD8, 0xDC, 0x00, 0x00, 0x00, 0x00, 0xDD, 0xDC, 0xD9, 0xDA, 0xDB, 0xDC, 0xD8, 0xDB, 0xDC, 0xD8, 0xDB, 0x00, 0x00, 0xDC, 0xD9, 0xD8, 0xDC, 0x00, 0x00, 0xDB, 0xDB, 0xDB, 0xD9, 0x00, 0x00, 0x00, 0x00, 0x0E, 0x00, 0x10, 0x00, 0xFE, 0xFF, 0x02, 0x00, 0x00, 0x00, 0x00, 0xDC, 0xDC, 0xDA, 0x00, 0x00, 0x00, 0x00, 0xDA, 0xD9, 0xD9, 0x00, 0x00, 0x00, 0xDC, 0xD9, 0xD9, 0xD9, 0xD9, 0x00, 0x00, 0xDA, 0xDA, 0xDA, 0xD9, 0xDA, 0x00, 0x00, 0xDC, 0xDC, 0xDC, 0xDA, 0xD9, 0xD9, 0x00, 0xDB, 0xDB, 0x00, 0x00, 0x00, 0x00, 0x00, 0x00, 0x00, 0x00, 0x00, 0xDC, 0xD9, 0x00, 0xDC, 0xDC, 0x00, 0x00, 0x00, 0x00, 0x00, 0x00, 0x00, 0x00, 0xDC, 0xDA, 0xDA, 0xDA, 0xD9, 0xD9, 0xDB, 0x00, 0x00, 0x00, 0x00, 0x00, 0x00, 0xDC, 0xDC, 0xDA, 0xD8, 0xDE, 0xD8, 0xDE, 0xD9, 0xDA, 0x00, 0x00, 0x00, 0x00, 0x00, 0xDC, 0xDA, 0xD9, 0xD8, 0xDE, 0xD8, 0xDE, 0xD8, 0xD9, 0x00, 0x00, 0x00, 0x00, 0x00, 0xDD, 0xDB, 0xDB, 0xDA, 0xD9, 0xD8, 0xD8, 0xD9, 0xDA, 0xDB, 0x00, 0x00, 0x00, 0x00, 0xDD, 0xDC, 0xD9, 0xD8, 0xD8, 0xD9, 0xE0, 0xD8, 0xD8, 0xDA, 0x00, 0x00, 0x00, 0x00, 0x00, 0xDD, 0xDC, 0xD9, 0xD9, 0xDC, 0xDA, 0xD8, 0xDA, 0x00, 0x00, 0x00, 0xDB, 0xDB, 0x00, 0xDD, 0xDD, 0xDC, 0xDC, 0xC0, 0xC0, 0x00, 0x00, 0x00, 0x00, 0xDB, 0xD9, 0xDC, 0xDC, 0xDC, 0xDA, 0xDC, 0x00, 0xC0, 0xC0, 0x00, 0x00, 0x00, 0x00, 0x00, 0xDC, 0xDD, 0xDA, 0xD9, 0xD8, 0xDA, 0xDC, 0x00, 0x00, 0x00, 0x00, 0x00, 0x00, 0x00, 0xDD, 0xDD, 0xDB, 0xD9, 0xD8, 0xD9, 0xDB, 0xD9, 0xDB, 0x00, 0x00, 0x00, 0xDB, 0xD9, 0xD9, 0xDB, 0x00, 0xDB, 0xDB, 0xDC, 0xD9, 0xDB, 0xD9, 0xDB, 0x00, 0x00, 0x00, 0xDC, 0xDC, 0x00, 0x00, 0x00, 0x00, 0x00, 0x00, 0x00, 0x00, 0x00, 0x00, 0x00, 0x0D, 0x00, 0x10, 0x00, 0xFD, 0xFF, 0x02, 0x00, 0x00, 0x00, 0xDC, 0xDC, 0x00, 0x00, 0x00, 0x00, 0x00, 0x00, 0xDA, 0xDA, 0x00, 0x00, 0x00, 0xDC, 0xD9, 0xDA, 0x00, 0x00, 0x00, 0x00, 0xDA, 0xDA, 0xD9, 0x00, 0x00, 0x00, 0x00, 0xDC, 0xD9, 0xD9, 0x00, 0x00, 0xDA, 0xDA, 0x00, 0x00, 0x00, 0x00, 0x00, 0x00, 0x00, 0x00, 0xD9, 0xD9, 0x00, 0xDB, 0xDB, 0x00, 0x00, 0x00, 0x00, 0x00, 0x00, 0x00, 0x00, 0xDC, 0xD9, 0x00, 0xDC, 0xDC, 0x00, 0x00, 0x00, 0x00, 0x00, 0x00, 0x00, 0xDC, 0xDA, 0xDA, 0xDA, 0xD9, 0xD9, 0xDB, 0x00, 0x00, 0x00, 0x00, 0x00, 0xDC, 0xDC, 0xDA, 0xD8, 0xDE, 0xD8, 0xDE, 0xD9, 0xDA, 0x00, 0x00, 0x00, 0x00, 0xDC, 0xDA, 0xD9, 0xD8, 0xDE, 0xD8, 0xDE, 0xD8, 0xD9, 0x00, 0x00, 0x00, 0x00, 0xDD, 0xDB, 0xDB, 0xDA, 0xD9, 0xD8, 0xD8, 0xD9, 0xDA, 0xDB, 0x00, 0x00, 0x00, 0xDD, 0xDC, 0xD9, 0xD8, 0xD8, 0xD9, 0xE0, 0xD8, 0xD8, 0xDA, 0x00, 0xDA, 0xDB, 0xDC, 0xDD, 0xDC, 0xD9, 0xD9, 0xDC, 0xDA, 0xD8, 0xDA, 0x00, 0xDB, 0xD9, 0xDD, 0xDB, 0xDC, 0xDC, 0xDC, 0xDC, 0xC0, 0xC0, 0x00, 0x00, 0x00, 0x00, 0xDC, 0xDD, 0xDA, 0xD9, 0xD9, 0xD9, 0xDC, 0xC0, 0xC0, 0x00, 0x00, 0x00, 0x00, 0xDD, 0xDC, 0xD9, 0xDA, 0xDA, 0xD8, 0xD9, 0xDC, 0x00, 0x00, 0x00, 0x00, 0xDB, 0xD9, 0xD8, 0xDC, 0x00, 0xDA, 0xDA, 0xD8, 0xDB, 0xDC, 0xDB, 0x00, 0x00, 0x00, 0x00, 0x00, 0x00, 0x00, 0x00, 0x00, 0xDB, 0xD8, 0xDB, 0xD8, 0xDB, 0x00, 0x0E, 0x00, 0x0E, 0x00, 0xFD, 0xFF, 0xFE, 0xFF, 0x00, 0xDC, 0xD9, 0xD9, 0xD9, 0x00, 0x00, 0x00, 0x00, 0x00, 0xDA, 0xD9, 0x00, 0x00, 0xDC, 0xD9, 0xD9, 0xD9, 0xD9, 0xD9, 0x00, 0x00, 0x00, 0xDA, 0xDA, 0xDA, 0xD9, 0x00, 0x00, 0xD9, 0xD9, 0x00, 0x00, 0xDA, 0xDA, 0xDA, 0xD9, 0xD9, 0x00, 0x00, 0xD9, 0xD9, 0x00, 0x00, 0x00, 0x00, 0xDC, 0xDA, 0xDA, 0xDE, 0xD9, 0xDE, 0xDB, 0x00, 0x00, 0x00, 0x00, 0x00, 0x00, 0xDC, 0xDC, 0xDA, 0xD8, 0xDE, 0xD8, 0xDE, 0xD9, 0xD9, 0x00, 0x00, 0x00, 0x00, 0x00, 0xDC, 0xDA, 0xD9, 0xDA, 0xDA, 0xD8, 0xD8, 0xDA, 0xD8, 0xD9, 0x00, 0x00, 0x00, 0x00, 0xDD, 0xDB, 0xD9, 0xD8, 0xD8, 0xD8, 0xE0, 0xD8, 0xD9, 0xD9, 0x00, 0x00, 0x00, 0x00, 0xDD, 0xDC, 0xDA, 0xDA, 0xDA, 0xDA, 0xD8, 0xD8, 0xDA, 0x00, 0x00, 0x00, 0x00, 0x00, 0xDC, 0xDC, 0xDC, 0xDA, 0xDC, 0xDC, 0xC0, 0xC0, 0x00, 0x00, 0x00, 0x00, 0xDB, 0xD9, 0xDC, 0xDB, 0xDA, 0xD8, 0xDA, 0xDC, 0xC0, 0xC0, 0x00, 0x00, 0x00, 0x00, 0x00, 0xDB, 0xDC, 0xD9, 0xD8, 0xD8, 0xD9, 0xD9, 0xDA, 0xD9, 0x00, 0x00, 0x00, 0x00, 0x00, 0x00, 0xD9, 0xDA, 0xDB, 0xDB, 0xDB, 0x00, 0x00, 0x00, 0x00, 0x00, 0x00, 0x00, 0xD8, 0xD9, 0xDB, 0xDB, 0xD9, 0xDB, 0x00, 0x00, 0x00, 0x00, 0x00, 0x00, 0x00, 0xD8, 0xD9, 0xDB, 0xDB, 0xD9, 0xDB, 0x00, 0x00, 0x00, 0x00, 0x00, 0x00, 0x00, 0x00, 0x0F, 0x00, 0x0E, 0x00, 0xFF, 0xFF, 0x00, 0x00, 0x00, 0x00, 0x00, 0x00, 0xDC, 0xDC, 0xDA, 0x00, 0x00, 0x00, 0x00, 0xDA, 0xD9, 0xD9, 0x00, 0x00, 0x00, 0x00, 0xDC, 0xD9, 0xD9, 0xD9, 0xD9, 0x00, 0x00, 0xDA, 0xDA, 0xDA, 0xD9, 0xD9, 0x00, 0x00, 0x00, 0xDC, 0xDC, 0xDC, 0xDA, 0xD9, 0xD9, 0x00, 0xDB, 0xDB, 0x00, 0x00, 0x00, 0x00, 0x00, 0x00, 0x00, 0x00, 0x00, 0x00, 0xDC, 0xD9, 0x00, 0xDC, 0xDC, 0x00, 0x00, 0x00, 0x00, 0x00, 0x00, 0x00, 0x00, 0x00, 0xDC, 0xDA, 0xDA, 0xDA, 0xD9, 0xD9, 0xDB, 0x00, 0x00, 0x00, 0x00, 0x00, 0x00, 0x00, 0xDC, 0xDC, 0xDA, 0xD8, 0xDE, 0xD8, 0xDE, 0xD9, 0xDA, 0x00, 0x00, 0x00, 0x00, 0x00, 0x00, 0xDC, 0xDA, 0xD9, 0xD8, 0xDE, 0xD8, 0xDE, 0xD8, 0xD9, 0x00, 0x00, 0x00, 0x00, 0x00, 0x00, 0xDD, 0xDB, 0xDB, 0xDA, 0xD9, 0xD8, 0xD8, 0xD9, 0xDA, 0xDB, 0x00, 0x00, 0x00, 0x00, 0x00, 0xDD, 0xDC, 0xD9, 0xD8, 0xD8, 0xD9, 0xE0, 0xD8, 0xD8, 0xDA, 0x00, 0x00, 0x00, 0x00, 0x00, 0x00, 0xDD, 0xDC, 0xD9, 0xD9, 0xDC, 0xDA, 0xD8, 0xDA, 0x00, 0x00, 0x00, 0xDB, 0xD9, 0xDC, 0xDC, 0xDC, 0xDA, 0xDC, 0xDC, 0xC0, 0xC0, 0x00, 0x00, 0x00, 0x00, 0x00, 0x00, 0xDC, 0xDD, 0xDA, 0xD9, 0xD8, 0xDA, 0xDC, 0xC0, 0xC0, 0x00, 0x00, 0x00, 0x00, 0x00, 0xD9, 0xDA, 0xDB, 0xD9, 0xDA, 0xD8, 0xD9, 0xDB, 0xD9, 0x00, 0x00, 0x00, 0x00, 0xD9, 0xD9, 0xD9, 0xDB, 0xD9, 0xD9, 0xDB, 0xDB, 0xD9, 0xD9, 0xDB, 0xD9, 0x00, 0x00, 0x00, 0x10, 0x00, 0x10, 0x00, 0x00, 0x00, 0x00, 0x00, 0x00, 0x00, 0x00, 0x00, 0x00, 0x00, 0xD9, 0xD9, 0xD9, 0x00, 0x00, 0x00, 0x00, 0xD9, 0xD9, 0x00, 0x00, 0x00, 0x00, 0x00, 0x00, 0x00, 0xDC, 0xD9, 0xD9, 0xD9, 0x00, 0xD9, 0xD9, 0xD9, 0xD9, 0x00, 0x00, 0x00, 0x00, 0x00, 0x00, 0x00, 0x00, 0xDC, 0xD9, 0xD9, 0x00, 0xD9, 0xD9, 0x00, 0x00, 0x00, 0x00, 0x00, 0x00, 0x00, 0x00, 0x00, 0x00, 0x00, 0xD9, 0xD9, 0x00, 0xDA, 0xDA, 0x00, 0x00, 0x00, 0x00, 0x00, 0x00, 0x00, 0x00, 0x00, 0x00, 0x00, 0xDA, 0xD9, 0x00, 0xDC, 0xDC, 0x00, 0x00, 0x00, 0x00, 0x00, 0x00, 0x00, 0x00, 0x00, 0x00, 0xDC, 0xDA, 0xDA, 0xDA, 0xD9, 0xD9, 0x00, 0x00, 0x00, 0x00, 0x00, 0x00, 0x00, 0x00, 0x00, 0xDC, 0xDC, 0xDA, 0xD8, 0xD8, 0xD8, 0xD8, 0xD9, 0x00, 0x00, 0x00, 0x00, 0x00, 0x00, 0x00, 0x00, 0xDC, 0xDA, 0xD9, 0xD8, 0xDE, 0xD8, 0xDE, 0xD8, 0xD9, 0x00, 0x00, 0x00, 0x00, 0x00, 0xD9, 0xD8, 0xDD, 0xDB, 0xD9, 0xD8, 0xDE, 0xD8, 0xDE, 0xD8, 0xD8, 0x00, 0xDA, 0xD8, 0xD8, 0x00, 0x00, 0xD8, 0xDD, 0xDC, 0xD9, 0xD9, 0xD9, 0xD8, 0xD8, 0xDA, 0xDA, 0x00, 0x00, 0xDA, 0xD8, 0xD8, 0x00, 0xDB, 0xDD, 0xDD, 0xD9, 0xD8, 0xD8, 0xD9, 0xE0, 0xD8, 0xD9, 0xDA, 0x00, 0x00, 0xDB, 0xDB, 0xDC, 0xDA, 0xDC, 0xDD, 0xDC, 0xD9, 0xD9, 0xDA, 0xDA, 0xDA, 0xDA, 0x00, 0x00, 0x00, 0x00, 0xD8, 0xDC, 0xD8, 0xDA, 0xDA, 0xDA, 0xDA, 0x00, 0xC0, 0xC0, 0x00, 0x00, 0x00, 0x00, 0x00, 0x00, 0x00, 0xDC, 0xDA, 0xD8, 0xDA, 0xDC, 0xDC, 0xDA, 0xC0, 0xC0, 0x00, 0x00, 0x00, 0x00, 0x00, 0x00, 0x00, 0x00, 0xDC, 0xDC, 0xDB, 0xD8, 0xDA, 0xDC, 0xDB, 0x00, 0x00, 0x00, 0x00, 0x00, 0x00, 0x00, 0x00, 0x00, 0x00, 0x00, 0x00, 0xDB, 0xD8, 0x00, 0xDB, 0xD8, 0x00, 0x00, 0x00, 0x11, 0x00, 0x10, 0x00, 0x01, 0x00, 0x00, 0x00, 0x00, 0x00, 0x00, 0x00, 0x00, 0x00, 0x00, 0x00, 0xD9, 0xD9, 0x00, 0x00, 0x00, 0xD9, 0x00, 0x00, 0x00, 0x00, 0x00, 0x00, 0x00, 0x00, 0x00, 0x00, 0xDC, 0xD9, 0xD9, 0xD9, 0x00, 0xD9, 0xD9, 0xD9, 0x00, 0x00, 0x00, 0x00, 0x00, 0x00, 0x00, 0x00, 0x00, 0x00, 0xDC, 0xD9, 0xD9, 0x00, 0xD9, 0xD9, 0x00, 0x00, 0x00, 0x00, 0x00, 0x00, 0x00, 0x00, 0x00, 0x00, 0x00, 0xD9, 0xD9, 0x00, 0x00, 0xDA, 0xD9, 0xDA, 0x00, 0x00, 0x00, 0x00, 0x00, 0x00, 0x00, 0x00, 0x00, 0x00, 0xD9, 0xDA, 0x00, 0x00, 0xDC, 0xD9, 0xDA, 0x00, 0x00, 0x00, 0x00, 0x00, 0x00, 0x00, 0x00, 0x00, 0x00, 0xDC, 0xDA, 0xDA, 0xDA, 0xD9, 0xD9, 0x00, 0x00, 0x00, 0x00, 0x00, 0x00, 0x00, 0x00, 0x00, 0x00, 0xDC, 0xDC, 0xDA, 0xD8, 0xD8, 0xD8, 0xD8, 0xD9, 0x00, 0x00, 0x00, 0x00, 0x00, 0x00, 0x00, 0x00, 0x00, 0xDC, 0xDA, 0xD9, 0xD8, 0xDE, 0xD8, 0xDE, 0xD8, 0xD9, 0x00, 0x00, 0x00, 0x00, 0x00, 0x00, 0x00, 0xDA, 0xDD, 0xDB, 0xD9, 0xD8, 0xDE, 0xD8, 0xDE, 0xD8, 0xD8, 0x00, 0xDA, 0xD8, 0xD8, 0x00, 0x00, 0x00, 0x00, 0xDD, 0xDC, 0xD9, 0xD9, 0xD9, 0xD8, 0xD8, 0xDA, 0xDA, 0x00, 0x00, 0xDA, 0xD8, 0xD8, 0x00, 0x00, 0xDB, 0xDD, 0xDD, 0xD9, 0xD8, 0xD8, 0xD9, 0xE0, 0xD8, 0xD9, 0xDA, 0x00, 0x00, 0x00, 0xDB, 0xDB, 0xDC, 0xDA, 0xDC, 0xDD, 0xDC, 0xD9, 0xD9, 0xDA, 0xDA, 0xDA, 0xDA, 0x00, 0x00, 0x00, 0x00, 0x00, 0xD8, 0xDC, 0xD8, 0xDA, 0xDA, 0xDA, 0xDA, 0x00, 0xC0, 0xC0, 0x00, 0x00, 0x00, 0x00, 0x00, 0x00, 0x00, 0x00, 0xDC, 0xDA, 0xD8, 0xDA, 0xDC, 0xDC, 0xDA, 0xC0, 0xC0, 0x00, 0x00, 0x00, 0x00, 0x00, 0x00, 0x00, 0x00, 0x00, 0xDC, 0xDC, 0xDA, 0xDA, 0x00, 0xDC, 0xDB, 0xD8, 0x00, 0x00, 0x00, 0x00, 0x00, 0x00, 0x00, 0x00, 0x00, 0x00, 0x00, 0xDA, 0xD8, 0x00, 0x00, 0xDB, 0xDB, 0xD8, 0x00, 0x00, 0x11, 0x00, 0x0D, 0x00, 0xFF, 0xFF, 0xFD, 0xFF, 0x00, 0x00, 0x00, 0x00, 0x00, 0x00, 0x00, 0x00, 0xD9, 0x00, 0x00, 0x00, 0x00, 0x00, 0x00, 0x00, 0x00, 0x00, 0x00, 0x00, 0x00, 0x00, 0xD9, 0x00, 0x00, 0xD9, 0x00, 0x00, 0xD9, 0x00, 0x00, 0x00, 0x00, 0x00, 0x00, 0x00, 0xDC, 0x00, 0x00, 0x00, 0xD9, 0x00, 0x00, 0x00, 0xD9, 0x00, 0x00, 0x00, 0x00, 0x00, 0x00, 0x00, 0xDC, 0xD9, 0xD9, 0xDA, 0x00, 0x00, 0x00, 0x00, 0x00, 0x00, 0x00, 0x00, 0xD9, 0xD9, 0xD9, 0xDC, 0x00, 0xDC, 0xDC, 0xDA, 0xDA, 0xD9, 0xD9, 0xDA, 0x00, 0x00, 0xDC, 0xDA, 0xDA, 0xDA, 0xDA, 0xDC, 0xDC, 0x00, 0x00, 0x00, 0x00, 0xDC, 0xDC, 0xDA, 0xDA, 0xD9, 0xD9, 0xD9, 0xDA, 0xDB, 0x00, 0x00, 0x00, 0x00, 0x00, 0x00, 0x00, 0x00, 0xDC, 0xDA, 0xD9, 0xD9, 0xD9, 0xD9, 0xD9, 0xDA, 0xD9, 0x00, 0x00, 0x00, 0x00, 0x00, 0x00, 0xDB, 0xDB, 0xDD, 0xDB, 0xD9, 0xDB, 0xDE, 0xD8, 0xDE, 0xDB, 0xDA, 0x00, 0x00, 0x00, 0x00, 0x00, 0xDB, 0xD9, 0xDB, 0xDD, 0xDC, 0xD9, 0xD8, 0xD8, 0xD9, 0xE0, 0xD8, 0xD8, 0xDA, 0x00, 0x00, 0x00, 0x00, 0x00, 0xDB, 0xDD, 0xDB, 0xDD, 0xDC, 0xD9, 0xD9, 0xDC, 0xDA, 0xDA, 0xDA, 0xDB, 0x00, 0x00, 0x00, 0x00, 0x00, 0x00, 0xDD, 0xDA, 0xD8, 0xD8, 0xDB, 0xDC, 0xC0, 0xC0, 0x00, 0x00, 0x00, 0x00, 0x00, 0x00, 0x00, 0x00, 0x00, 0xDD, 0xDC, 0xDB, 0xDA, 0xDE, 0xDB, 0xC0, 0xC0, 0xDB, 0xDB, 0xDB, 0x00, 0x00, 0x00, 0xDC, 0xD9, 0xD8, 0xDA, 0xDC, 0xDC, 0xDC, 0xD8, 0xDC, 0xDB, 0xD8, 0xDA, 0xDA, 0xD8, 0xDB, 0x00, 0x00, 0x0D, 0x00, 0x0F, 0x00, 0xFF, 0xFF, 0xFF, 0xFF, 0x00, 0xD9, 0xD9, 0xDA, 0x00, 0x00, 0x00, 0x00, 0xDA, 0xDC, 0xDC, 0x00, 0x00, 0xD9, 0xD9, 0xDA, 0xDA, 0xDA, 0x00, 0x00, 0xD9, 0xD9, 0xD9, 0xD9, 0xDC, 0x00, 0x00, 0x00, 0x00, 0xDB, 0xDB, 0x00, 0xD9, 0xD9, 0xDA, 0xDC, 0xDC, 0xDC, 0x00, 0x00, 0x00, 0x00, 0xDC, 0xDC, 0x00, 0xD9, 0xDC, 0x00, 0x00, 0x00, 0x00, 0x00, 0x00, 0x00, 0xDB, 0xD9, 0xD9, 0xDA, 0xDA, 0xDA, 0xDC, 0x00, 0x00, 0x00, 0x00, 0x00, 0xDA, 0xD9, 0xDE, 0xD8, 0xDE, 0xD8, 0xDA, 0xDC, 0xDC, 0x00, 0x00, 0x00, 0x00, 0xD9, 0xD8, 0xDE, 0xD8, 0xDE, 0xD8, 0xD9, 0xDA, 0xDC, 0x00, 0x00, 0x00, 0xDB, 0xDA, 0xD9, 0xD8, 0xD8, 0xD9, 0xDA, 0xDB, 0xDB, 0xDD, 0x00, 0x00, 0x00, 0xDA, 0xD8, 0xD8, 0xE0, 0xD9, 0xD8, 0xD8, 0xD9, 0xDC, 0xDD, 0x00, 0x00, 0x00, 0x00, 0xDA, 0xD8, 0xDA, 0xDC, 0xD9, 0xD9, 0xDC, 0xDD, 0x00, 0x00, 0x00, 0x00, 0x00, 0x00, 0x00, 0xC0, 0xC0, 0xDC, 0xDC, 0xDD, 0xDD, 0xDC, 0xDB, 0xDA, 0x00, 0x00, 0x00, 0x00, 0xC0, 0xC0, 0xDB, 0xDA, 0xD8, 0xDA, 0xDB, 0xDD, 0xD9, 0xDB, 0x00, 0x00, 0x00, 0x00, 0xDB, 0xD9, 0xDB, 0xD8, 0xD8, 0xDA, 0xDD, 0xDC, 0x00, 0x00, 0x00, 0xDB, 0xDB, 0xDB, 0xDA, 0xDE, 0xDA, 0xDB, 0xDC, 0xDD, 0x00, 0x00, 0x00, 0xDB, 0xD8, 0xDA, 0xDB, 0xD8, 0xDC, 0xD8, 0xDC, 0xD8, 0xD9, 0xDC, 0x00, 0x0E, 0x00, 0x0E, 0x00, 0x00, 0x00, 0x00, 0x00, 0x00, 0xD9, 0xD9, 0xDA, 0xDA, 0x00, 0x00, 0xD9, 0xDA, 0xDC, 0xDC, 0x00, 0x00, 0x00, 0xD9, 0xD9, 0xDA, 0xDB, 0xDB, 0x00, 0xD9, 0xD9, 0xD9, 0xD9, 0xD9, 0xDC, 0x00, 0x00, 0x00, 0x00, 0x00, 0xDC, 0xDC, 0x00, 0xD9, 0xDC, 0x00, 0xDC, 0xDC, 0xDC, 0x00, 0x00, 0x00, 0x00, 0xDB, 0xD9, 0xD9, 0xDA, 0xDA, 0xDA, 0xDC, 0x00, 0x00, 0x00, 0x00, 0x00, 0x00, 0xDA, 0xD9, 0xDE, 0xD8, 0xDE, 0xD8, 0xDA, 0xDC, 0xDC, 0x00, 0x00, 0x00, 0x00, 0x00, 0xD9, 0xD8, 0xDE, 0xD8, 0xDE, 0xD8, 0xD9, 0xDA, 0xDC, 0x00, 0x00, 0x00, 0x00, 0xDB, 0xDA, 0xD9, 0xD8, 0xD8, 0xD9, 0xDA, 0xDB, 0xDB, 0xDD, 0x00, 0x00, 0x00, 0x00, 0xDA, 0xD8, 0xD8, 0xE0, 0xD9, 0xD8, 0xD8, 0xD9, 0xDC, 0x00, 0x00, 0x00, 0x00, 0x00, 0x00, 0xDA, 0xD8, 0xDA, 0xDC, 0xD9, 0xD9, 0xDC, 0xDD, 0xDC, 0xDB, 0x00, 0x00, 0x00, 0x00, 0x00, 0x00, 0xC0, 0xC0, 0xDC, 0xDC, 0xDC, 0xDC, 0xDB, 0xDD, 0xD9, 0xDB, 0x00, 0x00, 0x00, 0x00, 0xC0, 0xC0, 0xDC, 0xD9, 0xD9, 0xD9, 0xDA, 0xDD, 0xDB, 0x00, 0x00, 0x00, 0x00, 0x00, 0xDC, 0xD8, 0xDC, 0xDC, 0xD8, 0xDB, 0xDA, 0xDA, 0x00, 0x00, 0x00, 0x00, 0x00, 0xDB, 0xD8, 0xDC, 0xDB, 0xD8, 0xDC, 0xDB, 0xDA, 0xD9, 0xDC, 0xDD, 0x00, 0x00, 0x00, 0x00, 0x00, 0xD9, 0xDB, 0xDB, 0xDB, 0x00, 0x00, 0xDC, 0xD8, 0xD9, 0xDC, 0x0E, 0x00, 0x10, 0x00, 0x00, 0x00, 0x02, 0x00, 0x00, 0xD9, 0xD9, 0xDA, 0x00, 0x00, 0x00, 0x00, 0xDA, 0xDC, 0xDC, 0x00, 0x00, 0x00, 0xDA, 0xD9, 0xDA, 0xDA, 0xDA, 0x00, 0x00, 0xD9, 0xD9, 0xD9, 0xD9, 0xDC, 0x00, 0x00, 0x00, 0x00, 0x00, 0xDB, 0xDB, 0x00, 0xD9, 0xD9, 0xDA, 0xDC, 0xDC, 0xDC, 0x00, 0x00, 0x00, 0x00, 0x00, 0xDC, 0xDC, 0x00, 0xD9, 0xDC, 0x00, 0x00, 0x00, 0x00, 0x00, 0x00, 0x00, 0x00, 0xDB, 0xD9, 0xD9, 0xDA, 0xDA, 0xDA, 0xDC, 0x00, 0x00, 0x00, 0x00, 0x00, 0x00, 0xDA, 0xD9, 0xDE, 0xD8, 0xDE, 0xD8, 0xDA, 0xDC, 0xDC, 0x00, 0x00, 0x00, 0x00, 0x00, 0xD9, 0xD8, 0xDE, 0xD8, 0xDE, 0xD8, 0xD9, 0xDA, 0xDC, 0x00, 0x00, 0x00, 0x00, 0xDB, 0xDA, 0xD9, 0xD8, 0xD8, 0xD9, 0xDA, 0xDB, 0xDB, 0xDD, 0x00, 0x00, 0x00, 0x00, 0xDA, 0xD8, 0xD8, 0xE0, 0xD9, 0xD8, 0xD8, 0xD9, 0xDC, 0xDD, 0x00, 0x00, 0x00, 0x00, 0x00, 0xDA, 0xD8, 0xDA, 0xDC, 0xD9, 0xD9, 0xDC, 0xDD, 0x00, 0x00, 0x00, 0x00, 0x00, 0x00, 0x00, 0x00, 0xC0, 0xC0, 0xDC, 0xDC, 0xDD, 0xDD, 0x00, 0xDB, 0xDB, 0x00, 0x00, 0x00, 0x00, 0x00, 0xC0, 0xC0, 0x00, 0xDC, 0xDA, 0xDC, 0xDC, 0xDC, 0xD9, 0xDB, 0x00, 0x00, 0x00, 0x00, 0x00, 0x00, 0xDC, 0xDA, 0xD8, 0xD9, 0xDA, 0xDD, 0xDC, 0x00, 0x00, 0x00, 0x00, 0x00, 0xDB, 0xD9, 0xDB, 0xD9, 0xD8, 0xD9, 0xDB, 0xDD, 0xDD, 0x00, 0x00, 0x00, 0x00, 0xDB, 0xD9, 0xDB, 0xD9, 0xDC, 0xDB, 0xDB, 0x00, 0xDB, 0xD9, 0xD9, 0xDB, 0x00, 0x00, 0x00, 0x00, 0x00, 0x00, 0x00, 0x00, 0x00, 0x00, 0x00, 0xDC, 0xDC, 0x00, 0x0D, 0x00, 0x10, 0x00, 0x00, 0x00, 0x02, 0x00, 0x00, 0xDA, 0xDA, 0x00, 0x00, 0x00, 0x00, 0x00, 0x00, 0xDC, 0xDC, 0x00, 0x00, 0x00, 0xD9, 0xDA, 0xDA, 0x00, 0x00, 0x00, 0x00, 0xDA, 0xD9, 0xDC, 0x00, 0x00, 0x00, 0x00, 0x00, 0xDA, 0xDA, 0x00, 0x00, 0xD9, 0xD9, 0xDC, 0x00, 0x00, 0x00, 0x00, 0x00, 0x00, 0xDB, 0xDB, 0x00, 0xD9, 0xD9, 0x00, 0x00, 0x00, 0x00, 0x00, 0x00, 0x00, 0x00, 0xDC, 0xDC, 0x00, 0xD9, 0xDC, 0x00, 0x00, 0x00, 0x00, 0x00, 0x00, 0x00, 0xDB, 0xD9, 0xD9, 0xDA, 0xDA, 0xDA, 0xDC, 0x00, 0x00, 0x00, 0x00, 0x00, 0xDA, 0xD9, 0xDE, 0xD8, 0xDE, 0xD8, 0xDA, 0xDC, 0xDC, 0x00, 0x00, 0x00, 0x00, 0xD9, 0xD8, 0xDE, 0xD8, 0xDE, 0xD8, 0xD9, 0xDA, 0xDC, 0x00, 0x00, 0x00, 0xDB, 0xDA, 0xD9, 0xD8, 0xD8, 0xD9, 0xDA, 0xDB, 0xDB, 0xDD, 0x00, 0x00, 0x00, 0xDA, 0xD8, 0xD8, 0xE0, 0xD9, 0xD8, 0xD8, 0xD9, 0xDC, 0xDD, 0x00, 0x00, 0x00, 0x00, 0xDA, 0xD8, 0xDA, 0xDC, 0xD9, 0xD9, 0xDC, 0xDD, 0xDC, 0xDB, 0xDA, 0x00, 0x00, 0x00, 0x00, 0xC0, 0xC0, 0xDC, 0xDC, 0xDC, 0xDC, 0xDB, 0xDD, 0xD9, 0xDB, 0x00, 0x00, 0x00, 0xC0, 0xC0, 0xDC, 0xD9, 0xD9, 0xD9, 0xDA, 0xDD, 0xDC, 0x00, 0x00, 0x00, 0x00, 0x00, 0xDC, 0xD9, 0xD8, 0xDA, 0xDA, 0xD9, 0xDC, 0xDD, 0x00, 0x00, 0x00, 0xDB, 0xDC, 0xDB, 0xD8, 0xDA, 0xDA, 0x00, 0xDC, 0xD8, 0xD9, 0xDB, 0x00, 0xDB, 0xD8, 0xDB, 0xD8, 0xDB, 0x00, 0x00, 0x00, 0x00, 0x00, 0x00, 0x00, 0x0E, 0x00, 0x0E, 0x00, 0x01, 0x00, 0xFF, 0xFF, 0x00, 0x00, 0xD9, 0xDA, 0x00, 0x00, 0x00, 0x00, 0x00, 0xD9, 0xD9, 0xD9, 0xDC, 0x00, 0x00, 0xD9, 0xDA, 0xDA, 0xDA, 0x00, 0x00, 0x00, 0xD9, 0xD9, 0xD9, 0xD9, 0xD9, 0xDC, 0xD9, 0xD9, 0x00, 0x00, 0xD9, 0xD9, 0xDA, 0xDA, 0xDA, 0x00, 0x00, 0xD9, 0xD9, 0x00, 0x00, 0x00, 0x00, 0xDB, 0xDE, 0xD9, 0xDE, 0xDA, 0xDA, 0xDC, 0x00, 0x00, 0x00, 0x00, 0x00, 0x00, 0xD9, 0xD9, 0xDE, 0xD8, 0xDE, 0xD8, 0xDA, 0xDC, 0xDC, 0x00, 0x00, 0x00, 0x00, 0xD9, 0xD8, 0xDA, 0xD8, 0xD8, 0xDA, 0xDA, 0xD9, 0xDA, 0xDC, 0x00, 0x00, 0x00, 0x00, 0xD9, 0xD9, 0xD8, 0xE0, 0xD8, 0xD8, 0xD8, 0xD9, 0xDB, 0xDD, 0x00, 0x00, 0x00, 0x00, 0x00, 0xDA, 0xDA, 0xDA, 0xDA, 0xDA, 0xDA, 0xDA, 0xDC, 0xDD, 0x00, 0x00, 0x00, 0x00, 0x00, 0x00, 0xC0, 0xC0, 0xDC, 0xDC, 0xDA, 0xDC, 0xDC, 0xDC, 0x00, 0x00, 0x00, 0x00, 0x00, 0x00, 0xC0, 0xC0, 0xDC, 0xDA, 0xD8, 0xDA, 0xDB, 0xDC, 0xD9, 0xDB, 0x00, 0x00, 0x00, 0x00, 0xD9, 0xDA, 0xD9, 0xD9, 0xD8, 0xD8, 0xD9, 0xDC, 0xDB, 0x00, 0x00, 0x00, 0x00, 0x00, 0x00, 0x00, 0x00, 0xDB, 0xDB, 0xDB, 0xDA, 0xD9, 0x00, 0x00, 0x00, 0x00, 0x00, 0x00, 0x00, 0x00, 0x00, 0x00, 0xDB, 0xD9, 0xDB, 0xDB, 0xD9, 0xD8, 0x00, 0x00, 0x00, 0x00, 0x00, 0x00, 0x00, 0x00, 0x00, 0xDB, 0xD9, 0xDB, 0xDB, 0xD9, 0xD8, 0x0F, 0x00, 0x0E, 0x00, 0x00, 0x00, 0x01, 0x00, 0x00, 0xD9, 0xD9, 0xDA, 0x00, 0x00, 0x00, 0x00, 0xDA, 0xDC, 0xDC, 0x00, 0x00, 0x00, 0x00, 0xD9, 0xD9, 0xDA, 0xDA, 0xDA, 0x00, 0x00, 0xD9, 0xD9, 0xD9, 0xD9, 0xDC, 0x00, 0x00, 0x00, 0x00, 0x00, 0x00, 0xDB, 0xDB, 0x00, 0xD9, 0xD9, 0xDA, 0xDC, 0xDC, 0xDC, 0x00, 0x00, 0x00, 0x00, 0x00, 0x00, 0xDC, 0xDC, 0x00, 0xD9, 0xDC, 0x00, 0x00, 0x00, 0x00, 0x00, 0x00, 0x00, 0x00, 0x00, 0xDB, 0xD9, 0xD9, 0xDA, 0xDA, 0xDA, 0xDC, 0x00, 0x00, 0x00, 0x00, 0x00, 0x00, 0x00, 0x00, 0xD9, 0xDE, 0xD8, 0xDE, 0xD8, 0xDA, 0xDC, 0xDC, 0x00, 0x00, 0x00, 0x00, 0x00, 0x00, 0xDA, 0xD8, 0xDE, 0xD8, 0xDE, 0xD8, 0xD9, 0xDA, 0xDC, 0x00, 0x00, 0x00, 0x00, 0x00, 0xDB, 0xDA, 0xD9, 0xD8, 0xD8, 0xD9, 0xDA, 0xDB, 0xDB, 0xDD, 0x00, 0x00, 0x00, 0x00, 0x00, 0xDA, 0xD8, 0xD8, 0xE0, 0xD9, 0xD8, 0xD8, 0xD9, 0xDC, 0xDD, 0x00, 0x00, 0x00, 0x00, 0x00, 0x00, 0xDA, 0xD8, 0xDA, 0xDC, 0xD9, 0xD9, 0xDC, 0xDD, 0x00, 0x00, 0x00, 0x00, 0x00, 0x00, 0x00, 0x00, 0x00, 0xC0, 0xC0, 0xDC, 0xDC, 0xDA, 0xDC, 0xDC, 0xDC, 0xD9, 0xDB, 0x00, 0x00, 0x00, 0x00, 0x00, 0xC0, 0xC0, 0xDC, 0xDA, 0xD8, 0xD9, 0xDA, 0xDD, 0xDC, 0x00, 0x00, 0x00, 0x00, 0x00, 0x00, 0x00, 0xD9, 0xDB, 0xD9, 0xD8, 0xDA, 0xD9, 0xDB, 0xDA, 0xD9, 0x00, 0x00, 0x00, 0x00, 0x00, 0xD9, 0xDB, 0xD9, 0xD9, 0xDB, 0xDB, 0xD9, 0xD9, 0xDB, 0xD9, 0xD9, 0xD9, 0x10, 0x00, 0x10, 0x00, 0x00, 0x00, 0x02, 0x00, 0x00, 0xD9, 0xD9, 0x00, 0x00, 0x00, 0x00, 0xD9, 0xD9, 0xD9, 0x00, 0x00, 0x00, 0x00, 0x00, 0x00, 0x00, 0xD9, 0xD9, 0xD9, 0xD9, 0x00, 0xD9, 0xD9, 0xD9, 0xDC, 0x00, 0x00, 0x00, 0x00, 0x00, 0x00, 0x00, 0x00, 0x00, 0xD9, 0xD9, 0x00, 0xD9, 0xD9, 0xDC, 0x00, 0x00, 0x00, 0x00, 0x00, 0x00, 0x00, 0x00, 0x00, 0x00, 0xDA, 0xDA, 0x00, 0xD9, 0xD9, 0x00, 0x00, 0x00, 0x00, 0x00, 0x00, 0x00, 0x00, 0x00, 0x00, 0x00, 0xDC, 0xDC, 0x00, 0xD9, 0xDA, 0x00, 0x00, 0x00, 0x00, 0x00, 0x00, 0x00, 0x00, 0x00, 0x00, 0x00, 0xD9, 0xD9, 0xDA, 0xDA, 0xDA, 0xDC, 0x00, 0x00, 0x00, 0x00, 0x00, 0x00, 0x00, 0x00, 0x00, 0xD9, 0xD8, 0xD8, 0xD8, 0xD8, 0xDA, 0xDC, 0xDC, 0x00, 0x00, 0x00, 0x00, 0x00, 0x00, 0x00, 0xD9, 0xD8, 0xDE, 0xD8, 0xDE, 0xD8, 0xD9, 0xDA, 0xDC, 0x00, 0x00, 0x00, 0x00, 0x00, 0x00, 0x00, 0xD8, 0xD8, 0xDE, 0xD8, 0xDE, 0xD8, 0xD9, 0xDB, 0xDD, 0xD8, 0xD9, 0x00, 0x00, 0x00, 0x00, 0x00, 0xDA, 0xDA, 0xD8, 0xD8, 0xD9, 0xD9, 0xD9, 0xDC, 0xDD, 0xD8, 0x00, 0x00, 0xD8, 0xD8, 0xDA, 0xDA, 0xD9, 0xD8, 0xE0, 0xD9, 0xD8, 0xD8, 0xD9, 0xDD, 0xDD, 0xDB, 0x00, 0xD8, 0xD8, 0xDA, 0x00, 0x00, 0xDA, 0xDA, 0xDA, 0xDA, 0xD9, 0xD9, 0xDC, 0xDD, 0xDC, 0xDA, 0xDC, 0xDB, 0xDB, 0x00, 0x00, 0x00, 0x00, 0x00, 0xC0, 0xC0, 0x00, 0xDA, 0xDA, 0xDA, 0xDA, 0xD8, 0xDC, 0xD8, 0x00, 0x00, 0x00, 0x00, 0x00, 0x00, 0xC0, 0xC0, 0xDA, 0xDC, 0xDC, 0xDA, 0xD8, 0xDA, 0xDC, 0x00, 0x00, 0x00, 0x00, 0x00, 0x00, 0x00, 0x00, 0xDB, 0xDC, 0xDA, 0xD8, 0xDB, 0xDC, 0xDC, 0x00, 0x00, 0x00, 0x00, 0x00, 0x00, 0x00, 0x00, 0xD8, 0xDB, 0x00, 0xD8, 0xDB, 0x00, 0x00, 0x00, 0x00, 0x00, 0x00, 0x00, 0x00, 0x11, 0x00, 0x10, 0x00, 0x00, 0x00, 0x02, 0x00, 0x00, 0x00, 0x00, 0xD9, 0x00, 0x00, 0x00, 0xD9, 0xD9, 0x00, 0x00, 0x00, 0x00, 0x00, 0x00, 0x00, 0x00, 0x00, 0x00, 0xD9, 0xD9, 0xD9, 0x00, 0xD9, 0xD9, 0xD9, 0xDC, 0x00, 0x00, 0x00, 0x00, 0x00, 0x00, 0x00, 0x00, 0x00, 0x00, 0xD9, 0xD9, 0x00, 0xD9, 0xD9, 0xDC, 0x00, 0x00, 0x00, 0x00, 0x00, 0x00, 0x00, 0x00, 0x00, 0x00, 0xDA, 0xD9, 0xDA, 0x00, 0x00, 0xD9, 0xD9, 0x00, 0x00, 0x00, 0x00, 0x00, 0x00, 0x00, 0x00, 0x00, 0x00, 0xDA, 0xD9, 0xDC, 0x00, 0x00, 0xDA, 0xD9, 0x00, 0x00, 0x00, 0x00, 0x00, 0x00, 0x00, 0x00, 0x00, 0x00, 0x00, 0xD9, 0xD9, 0xDA, 0xDA, 0xDA, 0xDC, 0x00, 0x00, 0x00, 0x00, 0x00, 0x00, 0x00, 0x00, 0x00, 0x00, 0xD9, 0xD8, 0xD8, 0xD8, 0xD8, 0xDA, 0xDC, 0xDC, 0x00, 0x00, 0x00, 0x00, 0x00, 0x00, 0x00, 0x00, 0xD9, 0xD8, 0xDE, 0xD8, 0xDE, 0xD8, 0xD9, 0xDA, 0xDC, 0x00, 0x00, 0x00, 0x00, 0x00, 0x00, 0x00, 0x00, 0xD8, 0xD8, 0xDE, 0xD8, 0xDE, 0xD8, 0xD9, 0xDB, 0xDD, 0xDA, 0x00, 0x00, 0x00, 0x00, 0x00, 0x00, 0x00, 0xDA, 0xDA, 0xD8, 0xD8, 0xD9, 0xD9, 0xD9, 0xDC, 0xDD, 0x00, 0x00, 0x00, 0x00, 0xD8, 0xD8, 0xDA, 0xDA, 0xD9, 0xD8, 0xE0, 0xD9, 0xD8, 0xD8, 0xD9, 0xDD, 0xDD, 0xDB, 0x00, 0x00, 0xD8, 0xD8, 0xDA, 0x00, 0x00, 0xDA, 0xDA, 0xDA, 0xDA, 0xD9, 0xD9, 0xDC, 0xDD, 0xDC, 0xDA, 0xDC, 0xDB, 0xDB, 0x00, 0x00, 0x00, 0x00, 0x00, 0x00, 0xC0, 0xC0, 0x00, 0xDA, 0xDA, 0xDA, 0xDA, 0xD8, 0xDC, 0xD8, 0x00, 0x00, 0x00, 0x00, 0x00, 0x00, 0x00, 0xC0, 0xC0, 0xDA, 0xDC, 0xDC, 0xDA, 0xD8, 0xDA, 0xDC, 0x00, 0x00, 0x00, 0x00, 0x00, 0x00, 0x00, 0x00, 0xD8, 0xDB, 0xDC, 0x00, 0xDA, 0xDA, 0xDC, 0xDC, 0x00, 0x00, 0x00, 0x00, 0x00, 0x00, 0x00, 0x00, 0xD8, 0xDB, 0xDB, 0x00, 0x00, 0xD8, 0xDA, 0x00, 0x00, 0x00, 0x00, 0x00, 0x00, 0x00, 0x00, 0x11, 0x00, 0x0D, 0x00, 0x02, 0x00, 0xFC, 0xFF, 0x00, 0x00, 0x00, 0x00, 0x00, 0x00, 0x00, 0x00, 0xD9, 0x00, 0x00, 0x00, 0x00, 0x00, 0x00, 0x00, 0x00, 0x00, 0x00, 0x00, 0x00, 0x00, 0xD9, 0x00, 0x00, 0xD9, 0x00, 0x00, 0xD9, 0x00, 0x00, 0x00, 0x00, 0x00, 0x00, 0x00, 0x00, 0x00, 0x00, 0x00, 0xD9, 0x00, 0x00, 0x00, 0xD9, 0x00, 0x00, 0x00, 0xDC, 0x00, 0x00, 0xDC, 0xD9, 0xD9, 0xD9, 0x00, 0x00, 0x00, 0x00, 0x00, 0x00, 0x00, 0x00, 0xDA, 0xD9, 0xD9, 0xDC, 0x00, 0xDC, 0xDC, 0xDA, 0xDA, 0xDA, 0xDA, 0xDC, 0x00, 0x00, 0xDA, 0xD9, 0xD9, 0xDA, 0xDA, 0xDC, 0xDC, 0x00, 0x00, 0x00, 0x00, 0x00, 0xDB, 0xDA, 0xD9, 0xD9, 0xD9, 0xDA, 0xDA, 0xDC, 0xDC, 0x00, 0x00, 0x00, 0x00, 0x00, 0x00, 0x00, 0x00, 0xD9, 0xDA, 0xD9, 0xD9, 0xD9, 0xD9, 0xD9, 0xDA, 0xDC, 0x00, 0x00, 0x00, 0x00, 0x00, 0x00, 0x00, 0x00, 0xDA, 0xDB, 0xDE, 0xD8, 0xDE, 0xDB, 0xD9, 0xDB, 0xDD, 0xDB, 0xDB, 0x00, 0x00, 0x00, 0x00, 0x00, 0xDA, 0xD8, 0xD8, 0xE0, 0xD9, 0xD8, 0xD8, 0xD9, 0xDC, 0xDD, 0xDB, 0xD9, 0xDB, 0x00, 0x00, 0x00, 0x00, 0xDB, 0xDA, 0xDA, 0xDA, 0xDC, 0xD9, 0xD9, 0xDC, 0xDD, 0xDB, 0xDD, 0xDB, 0x00, 0x00, 0x00, 0x00, 0x00, 0x00, 0x00, 0x00, 0xC0, 0xC0, 0xDC, 0xDB, 0xD8, 0xD8, 0xDA, 0xDD, 0x00, 0x00, 0x00, 0x00, 0x00, 0x00, 0xDB, 0xDB, 0xDB, 0xC0, 0xC0, 0xDB, 0xDE, 0xDA, 0xDB, 0xDC, 0xDD, 0x00, 0x00, 0x00, 0x00, 0x00, 0xDB, 0xD8, 0xDA, 0xDA, 0xD8, 0xDB, 0xDC, 0xD8, 0xDC, 0xDC, 0xDC, 0xDA, 0xD8, 0xD9, 0xDC
//};
//char font_gob[] = {
//	0x51, 0x00, 0x46, 0x01, 0x00, 0x00, 0x76, 0x01, 0x00, 0x00, 0x92, 0x01, 0x00, 0x00, 0xA6, 0x01, 0x00, 0x00, 0xEA, 0x01, 0x00, 0x00, 0x3A, 0x02, 0x00, 0x00, 0x51, 0x02, 0x00, 0x00, 0x68, 0x02, 0x00, 0x00, 0x79, 0x02, 0x00, 0x00, 0xBD, 0x02, 0x00, 0x00, 0x0B, 0x03, 0x00, 0x00, 0x45, 0x03, 0x00, 0x00, 0x93, 0x03, 0x00, 0x00, 0xE1, 0x03, 0x00, 0x00, 0x2F, 0x04, 0x00, 0x00, 0x7D, 0x04, 0x00, 0x00, 0xCB, 0x04, 0x00, 0x00, 0x19, 0x05, 0x00, 0x00, 0x67, 0x05, 0x00, 0x00, 0xB5, 0x05, 0x00, 0x00, 0xD9, 0x05, 0x00, 0x00, 0x05, 0x06, 0x00, 0x00, 0x91, 0x06, 0x00, 0x00, 0xEA, 0x06, 0x00, 0x00, 0x43, 0x07, 0x00, 0x00, 0xA5, 0x07, 0x00, 0x00, 0xFE, 0x07, 0x00, 0x00, 0x57, 0x08, 0x00, 0x00, 0xA7, 0x08, 0x00, 0x00, 0x09, 0x09, 0x00, 0x00, 0x62, 0x09, 0x00, 0x00, 0x8E, 0x09, 0x00, 0x00, 0xE6, 0x09, 0x00, 0x00, 0x48, 0x0A, 0x00, 0x00, 0x8F, 0x0A, 0x00, 0x00, 0xFA, 0x0A, 0x00, 0x00, 0x5C, 0x0B, 0x00, 0x00, 0xBE, 0x0B, 0x00, 0x00, 0x17, 0x0C, 0x00, 0x00, 0x79, 0x0C, 0x00, 0x00, 0xD2, 0x0C, 0x00, 0x00, 0x2A, 0x0D, 0x00, 0x00, 0x7A, 0x0D, 0x00, 0x00, 0xDC, 0x0D, 0x00, 0x00, 0x35, 0x0E, 0x00, 0x00, 0xA9, 0x0E, 0x00, 0x00, 0x02, 0x0F, 0x00, 0x00, 0x52, 0x0F, 0x00, 0x00, 0xAB, 0x0F, 0x00, 0x00, 0xE4, 0x0F, 0x00, 0x00, 0x34, 0x10, 0x00, 0x00, 0x66, 0x10, 0x00, 0x00, 0xB6, 0x10, 0x00, 0x00, 0xEF, 0x10, 0x00, 0x00, 0x24, 0x11, 0x00, 0x00, 0x7C, 0x11, 0x00, 0x00, 0xC3, 0x11, 0x00, 0x00, 0xEF, 0x11, 0x00, 0x00, 0x33, 0x12, 0x00, 0x00, 0x83, 0x12, 0x00, 0x00, 0xAF, 0x12, 0x00, 0x00, 0x04, 0x13, 0x00, 0x00, 0x44, 0x13, 0x00, 0x00, 0x7D, 0x13, 0x00, 0x00, 0xD5, 0x13, 0x00, 0x00, 0x2D, 0x14, 0x00, 0x00, 0x5F, 0x14, 0x00, 0x00, 0x98, 0x14, 0x00, 0x00, 0xCD, 0x14, 0x00, 0x00, 0x06, 0x15, 0x00, 0x00, 0x3F, 0x15, 0x00, 0x00, 0x8D, 0x15, 0x00, 0x00, 0xCD, 0x15, 0x00, 0x00, 0x25, 0x16, 0x00, 0x00, 0x5E, 0x16, 0x00, 0x00, 0x78, 0x16, 0x00, 0x00, 0xBF, 0x16, 0x00, 0x00, 0x0D, 0x17, 0x00, 0x00, 0x78, 0x17, 0x00, 0x00, 0xE3, 0x17, 0x00, 0x00, 0x2A, 0x18, 0x00, 0x00, 0x04, 0x00, 0x0A, 0x00, 0x00, 0x00, 0xFF, 0xFF, 0x00, 0x00, 0xF3, 0xF2, 0x00, 0xF2, 0xFA, 0xF6, 0x00, 0xF4, 0xFA, 0xF4, 0x00, 0xF5, 0xFA, 0xF1, 0x00, 0xF7, 0xF9, 0x00, 0x00, 0xF8, 0xF6, 0x00, 0x00, 0xFA, 0xF2, 0x00, 0xF1, 0xF5, 0xF1, 0x00, 0xF5, 0xFA, 0xF3, 0x00, 0xF4, 0xF5, 0x00, 0x00, 0x05, 0x00, 0x04, 0x00, 0x00, 0x00, 0xFF, 0xFF, 0xF1, 0xF3, 0xF1, 0xF3, 0xF1, 0xF6, 0xFA, 0xF6, 0xFA, 0xF4, 0xF8, 0xF9, 0xF5, 0xFA, 0xF1, 0xF6, 0xF4, 0xF4, 0xF6, 0x00, 0x03, 0x00, 0x04, 0x00, 0x00, 0x00, 0xFF, 0xFF, 0xF1, 0xF3, 0xF1, 0xF4, 0xFA, 0xF4, 0xF5, 0xFA, 0xF1, 0xF4, 0xF6, 0x00, 0x05, 0x00, 0x0C, 0x00, 0x00, 0x00, 0x00, 0x00, 0x00, 0x00, 0x00, 0xF1, 0xF3, 0x00, 0x00, 0xF2, 0xFA, 0xF6, 0x00, 0xF1, 0xFA, 0xF8, 0x00, 0x00, 0xF6, 0xFA, 0xF1, 0x00, 0xF1, 0xFA, 0xF7, 0x00, 0x00, 0xF4, 0xFA, 0xF4, 0x00, 0x00, 0xF7, 0xFA, 0xF2, 0x00, 0x00, 0xF8, 0xFA, 0x00, 0x00, 0x00, 0xF8, 0xFA, 0x00, 0x00, 0x00, 0xF5, 0xFA, 0x00, 0x00, 0x00, 0xF2, 0xFA, 0xF3, 0x00, 0x00, 0x00, 0xF7, 0xF3, 0x00, 0x00, 0x06, 0x00, 0x0C, 0x00, 0x00, 0x00, 0x00, 0x00, 0x00, 0xF1, 0x00, 0xF3, 0xF1, 0x00, 0x00, 0x00, 0x00, 0xF8, 0xF6, 0x00, 0x00, 0x00, 0x00, 0xF6, 0xF9, 0x00, 0x00, 0x00, 0x00, 0xF5, 0xFA, 0xF1, 0x00, 0x00, 0x00, 0xF5, 0xFA, 0xF3, 0x00, 0x00, 0x00, 0xF6, 0xFA, 0xF3, 0x00, 0x00, 0x00, 0xF8, 0xFA, 0xF1, 0x00, 0x00, 0xF1, 0xFA, 0xF8, 0x00, 0x00, 0x00, 0xF4, 0xFA, 0xF4, 0x00, 0x00, 0xF1, 0xF9, 0xF8, 0x00, 0x00, 0x00, 0xF6, 0xFA, 0xF2, 0x00, 0x00, 0xF4, 0xF8, 0xF2, 0x00, 0x00, 0x00, 0x03, 0x00, 0x05, 0x00, 0x00, 0x00, 0xF8, 0xFF, 0x00, 0xF2, 0xF3, 0x00, 0xF9, 0xF9, 0x00, 0xF7, 0xF6, 0xF1, 0xF8, 0xF2, 0xF1, 0xF1, 0x00, 0x05, 0x00, 0x03, 0x00, 0x00, 0x00, 0xFC, 0xFF, 0xF3, 0xF5, 0xF5, 0xF5, 0xF4, 0xF7, 0xFA, 0xFA, 0xFA, 0xF6, 0xF2, 0xF3, 0xF3, 0xF3, 0xF1, 0x03, 0x00, 0x03, 0x00, 0x00, 0x00, 0xF8, 0xFF, 0x00, 0xF3, 0xF2, 0xF1, 0xFA, 0xF7, 0xF1, 0xF5, 0xF3, 0x06, 0x00, 0x0A, 0x00, 0x00, 0x00, 0xFF, 0xFF, 0x00, 0x00, 0x00, 0x00, 0xF2, 0xF1, 0x00, 0x00, 0x00, 0xF1, 0xFA, 0xF3, 0x00, 0x00, 0x00, 0xF5, 0xF8, 0x00, 0x00, 0x00, 0xF1, 0xFA, 0xF3, 0x00, 0x00, 0x00, 0xF5, 0xF8, 0x00, 0x00, 0x00, 0x00, 0xF9, 0xF4, 0x00, 0x00, 0x00, 0xF4, 0xF9, 0x00, 0x00, 0x00, 0x00, 0xF9, 0xF4, 0x00, 0x00, 0x00, 0xF4, 0xF9, 0x00, 0x00, 0x00, 0x00, 0xF4, 0xF3, 0x00, 0x00, 0x00, 0x00, 0x07, 0x00, 0x0A, 0x00, 0x00, 0x00, 0xFF, 0xFF, 0x00, 0x00, 0x00, 0xF1, 0xF3, 0xF1, 0x00, 0x00, 0x00, 0xF4, 0xFA, 0xFA, 0xFA, 0xF3, 0x00, 0xF1, 0xFA, 0xF7, 0xF1, 0xF9, 0xF9, 0x00, 0xF6, 0xFA, 0xF1, 0x00, 0xF8, 0xFA, 0x00, 0xFA, 0xF9, 0x00, 0x00, 0xF9, 0xFA, 0xF2, 0xFA, 0xF7, 0x00, 0xF1, 0xFA, 0xF8, 0xF3, 0xFA, 0xF5, 0x00, 0xF3, 0xFA, 0xF4, 0xF2, 0xFA, 0xF6, 0x00, 0xF8, 0xFA, 0xF1, 0x00, 0xF8, 0xFA, 0xF8, 0xFA, 0xF4, 0x00, 0x00, 0x00, 0xF4, 0xF5, 0xF1, 0x00, 0x00, 0x05, 0x00, 0x0A, 0x00, 0x00, 0x00, 0xFF, 0xFF, 0x00, 0x00, 0x00, 0xF1, 0xF2, 0x00, 0x00, 0xF4, 0xFA, 0xF6, 0xF1, 0xF7, 0xFA, 0xFA, 0xF4, 0xF8, 0xFA, 0xF9, 0xFA, 0xF3, 0xF4, 0xF1, 0xF8, 0xFA, 0x00, 0x00, 0x00, 0xFA, 0xF8, 0x00, 0x00, 0xF2, 0xFA, 0xF6, 0x00, 0x00, 0xF4, 0xFA, 0xF4, 0x00, 0x00, 0xF6, 0xFA, 0xF3, 0x00, 0x00, 0xF4, 0xF5, 0x00, 0x00, 0x07, 0x00, 0x0A, 0x00, 0x00, 0x00, 0xFF, 0xFF, 0x00, 0x00, 0xF1, 0xF3, 0xF2, 0x00, 0x00, 0x00, 0xF2, 0xFA, 0xFA, 0xFA, 0xF6, 0x00, 0x00, 0xF8, 0xFA, 0xF1, 0xF6, 0xFA, 0xF2, 0x00, 0xF3, 0xF4, 0x00, 0xF6, 0xFA, 0xF3, 0x00, 0x00, 0x00, 0xF3, 0xFA, 0xF9, 0x00, 0x00, 0x00, 0xF2, 0xFA, 0xFA, 0xF2, 0x00, 0x00, 0xF2, 0xFA, 0xFA, 0xF4, 0x00, 0x00, 0xF1, 0xF9, 0xFA, 0xF4, 0x00, 0x00, 0x00, 0xF5, 0xFA, 0xFA, 0xFA, 0xFA, 0xF7, 0x00, 0xF4, 0xF5, 0xF5, 0xF5, 0xF5, 0xF3, 0x00, 0x07, 0x00, 0x0A, 0x00, 0x00, 0x00, 0xFF, 0xFF, 0x00, 0x00, 0x00, 0xF1, 0xF3, 0xF1, 0x00, 0x00, 0x00, 0xF4, 0xFA, 0xFA, 0xFA, 0xF4, 0x00, 0xF1, 0xFA, 0xF8, 0x00, 0xF9, 0xFA, 0x00, 0x00, 0xF1, 0xF1, 0x00, 0xF8, 0xFA, 0x00, 0x00, 0x00, 0xF1, 0xF6, 0xFA, 0xF4, 0x00, 0x00, 0x00, 0xF3, 0xFA, 0xFA, 0xF1, 0x00, 0x00, 0x00, 0x00, 0xF3, 0xFA, 0xF5, 0xF1, 0xF9, 0xF6, 0x00, 0xF4, 0xFA, 0xF4, 0x00, 0xF8, 0xFA, 0xF8, 0xFA, 0xF7, 0x00, 0x00, 0x00, 0xF4, 0xF5, 0xF3, 0x00, 0x00, 0x07, 0x00, 0x0A, 0x00, 0x00, 0x00, 0xFF, 0xFF, 0x00, 0x00, 0x00, 0x00, 0x00, 0xF3, 0xF2, 0x00, 0x00, 0x00, 0x00, 0xF6, 0xFA, 0xF6, 0x00, 0x00, 0x00, 0xF4, 0xFA, 0xFA, 0xF4, 0x00, 0x00, 0xF2, 0xFA, 0xFA, 0xFA, 0xF2, 0x00, 0xF1, 0xFA, 0xF6, 0xF8, 0xFA, 0x00, 0xF1, 0xF8, 0xF8, 0xF1, 0xFA, 0xF8, 0x00, 0xF4, 0xFA, 0xF8, 0xF8, 0xFA, 0xFA, 0xF5, 0xF5, 0xF8, 0xF8, 0xF9, 0xFA, 0xF8, 0xF4, 0x00, 0x00, 0x00, 0xF6, 0xFA, 0xF3, 0x00, 0x00, 0x00, 0x00, 0xF4, 0xF5, 0x00, 0x00, 0x07, 0x00, 0x0A, 0x00, 0x00, 0x00, 0xFF, 0xFF, 0x00, 0x00, 0xF2, 0xF3, 0xF3, 0xF3, 0xF2, 0x00, 0x00, 0xFA, 0xFA, 0xFA, 0xFA, 0xF6, 0x00, 0xF2, 0xFA, 0xF4, 0xF3, 0xF3, 0xF1, 0x00, 0xF5, 0xFA, 0xF3, 0xF2, 0x00, 0x00, 0x00, 0xF8, 0xFA, 0xFA, 0xFA, 0xF6, 0x00, 0x00, 0xF5, 0xF3, 0x00, 0xF7, 0xFA, 0xF2, 0x00, 0xF3, 0xF1, 0x00, 0xF5, 0xFA, 0xF3, 0xF4, 0xFA, 0xF3, 0x00, 0xF9, 0xFA, 0x00, 0xF1, 0xFA, 0xFA, 0xF9, 0xFA, 0xF3, 0x00, 0x00, 0xF1, 0xF4, 0xF4, 0xF1, 0x00, 0x00, 0x07, 0x00, 0x0A, 0x00, 0x00, 0x00, 0xFF, 0xFF, 0x00, 0x00, 0x00, 0xF2, 0xF3, 0x00, 0x00, 0x00, 0xF1, 0xF8, 0xFA, 0xFA, 0xF8, 0x00, 0x00, 0xF6, 0xFA, 0xF2, 0xF6, 0xFA, 0xF1, 0xF1, 0xFA, 0xF8, 0xF3, 0xF1, 0x00, 0x00, 0xF3, 0xFA, 0xFA, 0xFA, 0xFA, 0xF4, 0x00, 0xF5, 0xFA, 0xF7, 0xF1, 0xF9, 0xFA, 0x00, 0xF5, 0xFA, 0xF3, 0x00, 0xF8, 0xFA, 0x00, 0xF4, 0xFA, 0xF3, 0xF1, 0xFA, 0xF8, 0x00, 0xF1, 0xF9, 0xFA, 0xF9, 0xFA, 0xF2, 0x00, 0x00, 0xF1, 0xF4, 0xF4, 0xF1, 0x00, 0x00, 0x07, 0x00, 0x0A, 0x00, 0x00, 0x00, 0xFF, 0xFF, 0xF1, 0xF3, 0xF3, 0xF3, 0xF3, 0xF3, 0xF1, 0xF4, 0xFA, 0xFA, 0xFA, 0xFA, 0xFA, 0xF4, 0xF1, 0xF3, 0xF3, 0xF3, 0xFA, 0xF8, 0x00, 0x00, 0x00, 0x00, 0xF7, 0xFA, 0xF1, 0x00, 0x00, 0x00, 0xF3, 0xFA, 0xF4, 0x00, 0x00, 0x00, 0x00, 0xF9, 0xF9, 0x00, 0x00, 0x00, 0x00, 0xF3, 0xFA, 0xF4, 0x00, 0x00, 0x00, 0x00, 0xF7, 0xFA, 0xF1, 0x00, 0x00, 0x00, 0x00, 0xFA, 0xF8, 0x00, 0x00, 0x00, 0x00, 0xF1, 0xF5, 0xF3, 0x00, 0x00, 0x00, 0x00, 0x07, 0x00, 0x0A, 0x00, 0x00, 0x00, 0xFF, 0xFF, 0x00, 0x00, 0x00, 0xF2, 0xF3, 0xF1, 0x00, 0x00, 0xF1, 0xF8, 0xFA, 0xFA, 0xFA, 0xF3, 0x00, 0xF4, 0xFA, 0xF4, 0xF1, 0xFA, 0xF8, 0x00, 0xF4, 0xFA, 0xF3, 0xF2, 0xFA, 0xF6, 0x00, 0xF1, 0xF9, 0xFA, 0xFA, 0xF6, 0x00, 0x00, 0xF8, 0xFA, 0xF3, 0xF8, 0xFA, 0xF1, 0xF2, 0xFA, 0xF6, 0x00, 0xF5, 0xFA, 0xF3, 0xF3, 0xFA, 0xF6, 0x00, 0xF8, 0xFA, 0xF1, 0x00, 0xF8, 0xFA, 0xF8, 0xFA, 0xF4, 0x00, 0x00, 0xF1, 0xF4, 0xF5, 0xF3, 0x00, 0x00, 0x07, 0x00, 0x0A, 0x00, 0x00, 0x00, 0xFF, 0xFF, 0x00, 0x00, 0x00, 0xF3, 0xF2, 0x00, 0x00, 0x00, 0xF1, 0xF8, 0xFA, 0xFA, 0xF7, 0x00, 0x00, 0xF6, 0xFA, 0xF2, 0xF4, 0xFA, 0xF3, 0x00, 0xFA, 0xF8, 0x00, 0xF3, 0xFA, 0xF5, 0x00, 0xFA, 0xF8, 0x00, 0xF5, 0xFA, 0xF5, 0x00, 0xF6, 0xFA, 0xF8, 0xFA, 0xFA, 0xF4, 0x00, 0x00, 0xF4, 0xF5, 0xF8, 0xFA, 0xF1, 0xF3, 0xF8, 0xF3, 0xF1, 0xFA, 0xF8, 0x00, 0xF1, 0xFA, 0xF9, 0xF9, 0xF9, 0xF1, 0x00, 0x00, 0xF1, 0xF5, 0xF4, 0xF1, 0x00, 0x00, 0x04, 0x00, 0x07, 0x00, 0x00, 0x00, 0xFD, 0xFF, 0x00, 0xF2, 0xF8, 0xF4, 0x00, 0xF5, 0xFA, 0xF3, 0x00, 0x00, 0x00, 0x00, 0x00, 0x00, 0x00, 0x00, 0xF1, 0xF3, 0xF1, 0x00, 0xF4, 0xFA, 0xF4, 0x00, 0xF3, 0xF5, 0xF1, 0x00, 0x04, 0x00, 0x09, 0x00, 0x00, 0x00, 0xFD, 0xFF, 0x00, 0xF2, 0xF8, 0xF4, 0x00, 0xF5, 0xFA, 0xF3, 0x00, 0x00, 0x00, 0x00, 0x00, 0x00, 0x00, 0x00, 0xF1, 0xF3, 0xF1, 0x00, 0xF4, 0xFA, 0xF4, 0x00, 0xF3, 0xFA, 0xF1, 0x00, 0xF4, 0xF6, 0x00, 0x00, 0xF2, 0x00, 0x00, 0x00, 0x0C, 0x00, 0x0B, 0x00, 0x00, 0x00, 0x00, 0x00, 0x00, 0x00, 0x00, 0xF4, 0xF9, 0xF9, 0xF8, 0xF8, 0xFA, 0xF7, 0xF1, 0x00, 0x00, 0x00, 0xF6, 0xF8, 0xF3, 0xF1, 0xF3, 0x00, 0x00, 0xF4, 0xFA, 0xF1, 0x00, 0xF4, 0xF8, 0xF1, 0xF6, 0xFA, 0xF8, 0xF8, 0xFA, 0xF7, 0xF5, 0xF6, 0x00, 0xF9, 0xF3, 0xF4, 0xFA, 0xF4, 0x00, 0xF6, 0xFA, 0xF5, 0xF1, 0xFA, 0xF1, 0xF9, 0x00, 0xF8, 0xFA, 0x00, 0x00, 0xF5, 0xFA, 0xF3, 0x00, 0xFA, 0xF3, 0xF8, 0x00, 0xFA, 0xF8, 0x00, 0x00, 0xF6, 0xFA, 0xF1, 0xF2, 0xF8, 0xF3, 0xF8, 0x00, 0xFA, 0xF8, 0x00, 0xF1, 0xFA, 0xF9, 0x00, 0xF7, 0xF4, 0x00, 0xFA, 0xF1, 0xF6, 0xFA, 0xF6, 0xF8, 0xFA, 0xF9, 0xF8, 0xF6, 0x00, 0x00, 0xF5, 0xF8, 0xF1, 0xF4, 0xF5, 0xF3, 0xF4, 0xF5, 0xF2, 0xF1, 0xF4, 0x00, 0x00, 0xF6, 0xF9, 0xF4, 0xF1, 0x00, 0x00, 0xF1, 0xF4, 0xF9, 0xF4, 0x00, 0x00, 0x00, 0xF3, 0xF7, 0xFA, 0xFA, 0xFA, 0xF9, 0xF6, 0xF3, 0x00, 0x09, 0x00, 0x09, 0x00, 0x00, 0x00, 0xFF, 0xFF, 0x00, 0x00, 0x00, 0x00, 0xF6, 0xF8, 0xF8, 0x00, 0x00, 0x00, 0x00, 0x00, 0xF3, 0xFA, 0xFA, 0xFA, 0xF1, 0x00, 0x00, 0x00, 0x00, 0xF8, 0xFA, 0xF6, 0xFA, 0xF3, 0x00, 0x00, 0x00, 0xF4, 0xFA, 0xF6, 0xF4, 0xFA, 0xF4, 0x00, 0x00, 0x00, 0xF9, 0xFA, 0xF1, 0xF3, 0xFA, 0xF5, 0x00, 0x00, 0xF4, 0xFA, 0xF9, 0xF5, 0xF5, 0xFA, 0xF8, 0x00, 0x00, 0xF9, 0xFA, 0xFA, 0xFA, 0xFA, 0xFA, 0xF9, 0x00, 0xF4, 0xFA, 0xF5, 0x00, 0x00, 0x00, 0xF8, 0xFA, 0x00, 0xF9, 0xFA, 0xF1, 0x00, 0x00, 0x00, 0xF6, 0xFA, 0xF3, 0x09, 0x00, 0x09, 0x00, 0x00, 0x00, 0xFF, 0xFF, 0x00, 0xF1, 0xF8, 0xF8, 0xF8, 0xF8, 0xF7, 0xF3, 0x00, 0x00, 0xF3, 0xFA, 0xF9, 0xF8, 0xF8, 0xFA, 0xFA, 0xF3, 0x00, 0xF5, 0xFA, 0xF3, 0x00, 0x00, 0xF3, 0xFA, 0xF5, 0x00, 0xF7, 0xFA, 0xF4, 0xF3, 0xF3, 0xF8, 0xFA, 0xF1, 0x00, 0xF9, 0xFA, 0xFA, 0xFA, 0xFA, 0xFA, 0xF4, 0x00, 0xF1, 0xFA, 0xF8, 0xF3, 0xF3, 0xF3, 0xF8, 0xFA, 0xF1, 0xF3, 0xFA, 0xF5, 0x00, 0x00, 0x00, 0xF6, 0xFA, 0xF3, 0xF5, 0xFA, 0xF7, 0xF5, 0xF5, 0xF6, 0xFA, 0xF9, 0x00, 0xF7, 0xFA, 0xFA, 0xFA, 0xFA, 0xFA, 0xF7, 0xF2, 0x00, 0x09, 0x00, 0x0A, 0x00, 0x00, 0x00, 0xFF, 0xFF, 0x00, 0x00, 0xF2, 0xF7, 0xFA, 0xFA, 0xF8, 0xF2, 0x00, 0x00, 0xF2, 0xFA, 0xFA, 0xF6, 0xF6, 0xFA, 0xFA, 0xF1, 0x00, 0xF9, 0xFA, 0xF2, 0x00, 0x00, 0xF4, 0xFA, 0xF3, 0xF2, 0xFA, 0xF6, 0x00, 0x00, 0x00, 0x00, 0x00, 0x00, 0xF5, 0xFA, 0xF3, 0x00, 0x00, 0x00, 0x00, 0x00, 0x00, 0xF5, 0xFA, 0xF3, 0x00, 0x00, 0x00, 0x00, 0x00, 0x00, 0xF4, 0xFA, 0xF4, 0x00, 0x00, 0x00, 0xF7, 0xF5, 0x00, 0xF1, 0xFA, 0xFA, 0xF4, 0xF3, 0xF8, 0xFA, 0xF4, 0x00, 0x00, 0xF4, 0xFA, 0xFA, 0xFA, 0xFA, 0xF5, 0x00, 0x00, 0x00, 0x00, 0xF1, 0xF3, 0xF3, 0x00, 0x00, 0x00, 0x00, 0x09, 0x00, 0x09, 0x00, 0x00, 0x00, 0xFF, 0xFF, 0x00, 0x00, 0xF4, 0xF8, 0xF8, 0xF8, 0xF7, 0xF3, 0x00, 0x00, 0x00, 0xF8, 0xFA, 0xF8, 0xF8, 0xFA, 0xFA, 0xF3, 0x00, 0x00, 0xFA, 0xF8, 0x00, 0x00, 0xF1, 0xFA, 0xF8, 0x00, 0xF2, 0xFA, 0xF6, 0x00, 0x00, 0x00, 0xF8, 0xFA, 0x00, 0xF4, 0xFA, 0xF4, 0x00, 0x00, 0x00, 0xF8, 0xFA, 0x00, 0xF6, 0xFA, 0xF3, 0x00, 0x00, 0xF1, 0xFA, 0xF8, 0x00, 0xF8, 0xFA, 0x00, 0x00, 0x00, 0xF6, 0xFA, 0xF4, 0x00, 0xFA, 0xFA, 0xF5, 0xF5, 0xF8, 0xFA, 0xF8, 0x00, 0xF2, 0xFA, 0xFA, 0xFA, 0xFA, 0xF9, 0xF5, 0xF1, 0x00, 0x09, 0x00, 0x09, 0x00, 0x00, 0x00, 0xFF, 0xFF, 0x00, 0x00, 0xF6, 0xF8, 0xF8, 0xF8, 0xF8, 0xF8, 0xF4, 0x00, 0x00, 0xFA, 0xFA, 0xF8, 0xF8, 0xF8, 0xF8, 0xF2, 0x00, 0xF3, 0xFA, 0xF6, 0x00, 0x00, 0x00, 0x00, 0x00, 0x00, 0xF4, 0xFA, 0xF6, 0xF3, 0xF3, 0xF3, 0xF1, 0x00, 0x00, 0xF6, 0xFA, 0xFA, 0xFA, 0xFA, 0xFA, 0xF4, 0x00, 0x00, 0xF8, 0xFA, 0xF3, 0xF3, 0xF3, 0xF3, 0xF1, 0x00, 0x00, 0xFA, 0xF8, 0x00, 0x00, 0x00, 0x00, 0x00, 0x00, 0xF3, 0xFA, 0xF8, 0xF5, 0xF5, 0xF5, 0xF5, 0xF1, 0x00, 0xF4, 0xFA, 0xFA, 0xFA, 0xFA, 0xFA, 0xFA, 0xF1, 0x00, 0x08, 0x00, 0x09, 0x00, 0x00, 0x00, 0xFF, 0xFF, 0x00, 0x00, 0xF6, 0xF8, 0xF8, 0xF8, 0xF8, 0xF8, 0x00, 0x00, 0xFA, 0xFA, 0xF8, 0xF8, 0xF8, 0xF6, 0x00, 0xF3, 0xFA, 0xF6, 0x00, 0x00, 0x00, 0x00, 0x00, 0xF4, 0xFA, 0xF6, 0xF3, 0xF3, 0xF3, 0xF1, 0x00, 0xF6, 0xFA, 0xFA, 0xFA, 0xFA, 0xFA, 0xF1, 0x00, 0xF8, 0xFA, 0xF3, 0xF3, 0xF3, 0xF3, 0x00, 0x00, 0xFA, 0xF8, 0x00, 0x00, 0x00, 0x00, 0x00, 0xF3, 0xFA, 0xF6, 0x00, 0x00, 0x00, 0x00, 0x00, 0xF4, 0xFA, 0xF4, 0x00, 0x00, 0x00, 0x00, 0x00, 0x09, 0x00, 0x0A, 0x00, 0x00, 0x00, 0xFF, 0xFF, 0x00, 0x00, 0xF3, 0xF8, 0xFA, 0xFA, 0xF7, 0xF2, 0x00, 0x00, 0xF4, 0xFA, 0xF9, 0xF6, 0xF6, 0xFA, 0xFA, 0xF1, 0xF1, 0xFA, 0xF9, 0xF1, 0x00, 0x00, 0xF5, 0xFA, 0xF3, 0xF4, 0xFA, 0xF4, 0x00, 0x00, 0x00, 0x00, 0x00, 0x00, 0xF7, 0xFA, 0xF1, 0x00, 0xF4, 0xF8, 0xF8, 0xF8, 0xF3, 0xF8, 0xFA, 0x00, 0x00, 0xF6, 0xF8, 0xFA, 0xFA, 0xF2, 0xF7, 0xFA, 0xF1, 0x00, 0x00, 0x00, 0xF8, 0xFA, 0x00, 0xF3, 0xFA, 0xF8, 0xF3, 0xF3, 0xF6, 0xFA, 0xF8, 0x00, 0x00, 0xF6, 0xFA, 0xFA, 0xFA, 0xFA, 0xF8, 0xF3, 0x00, 0x00, 0x00, 0xF1, 0xF3, 0xF3, 0xF1, 0x00, 0x00, 0x00, 0x09, 0x00, 0x09, 0x00, 0x00, 0x00, 0xFF, 0xFF, 0x00, 0xF3, 0xF8, 0xF3, 0x00, 0x00, 0xF1, 0xF8, 0xF5, 0x00, 0xF5, 0xFA, 0xF3, 0x00, 0x00, 0xF3, 0xFA, 0xF5, 0x00, 0xF8, 0xFA, 0xF1, 0x00, 0x00, 0xF5, 0xFA, 0xF3, 0x00, 0xFA, 0xFA, 0xF3, 0xF3, 0xF3, 0xF8, 0xFA, 0xF1, 0xF1, 0xFA, 0xFA, 0xFA, 0xFA, 0xFA, 0xFA, 0xFA, 0x00, 0xF3, 0xFA, 0xF6, 0xF3, 0xF3, 0xF3, 0xFA, 0xF8, 0x00, 0xF5, 0xFA, 0xF3, 0x00, 0x00, 0xF3, 0xFA, 0xF5, 0x00, 0xF8, 0xFA, 0xF1, 0x00, 0x00, 0xF5, 0xFA, 0xF3, 0x00, 0xFA, 0xF9, 0x00, 0x00, 0x00, 0xF7, 0xFA, 0xF1, 0x00, 0x04, 0x00, 0x09, 0x00, 0x00, 0x00, 0xFF, 0xFF, 0x00, 0x00, 0xF6, 0xF7, 0x00, 0x00, 0xFA, 0xF8, 0x00, 0xF3, 0xFA, 0xF5, 0x00, 0xF4, 0xFA, 0xF4, 0x00, 0xF6, 0xFA, 0xF2, 0x00, 0xF8, 0xFA, 0x00, 0x00, 0xFA, 0xF8, 0x00, 0xF3, 0xFA, 0xF6, 0x00, 0xF4, 0xFA, 0xF4, 0x00, 0x08, 0x00, 0x0A, 0x00, 0x00, 0x00, 0xFF, 0xFF, 0x00, 0x00, 0x00, 0x00, 0x00, 0xF1, 0xF8, 0xF5, 0x00, 0x00, 0x00, 0x00, 0x00, 0xF3, 0xFA, 0xF5, 0x00, 0x00, 0x00, 0x00, 0x00, 0xF5, 0xFA, 0xF3, 0x00, 0x00, 0x00, 0x00, 0x00, 0xF7, 0xFA, 0xF1, 0x00, 0x00, 0x00, 0x00, 0x00, 0xF9, 0xF9, 0x00, 0x00, 0x00, 0x00, 0x00, 0xF1, 0xFA, 0xF7, 0x00, 0xF1, 0xF4, 0xF3, 0x00, 0xF3, 0xFA, 0xF4, 0x00, 0xF3, 0xFA, 0xF7, 0xF3, 0xF8, 0xFA, 0xF1, 0x00, 0x00, 0xF8, 0xFA, 0xFA, 0xFA, 0xF4, 0x00, 0x00, 0x00, 0x00, 0xF2, 0xF3, 0xF1, 0x00, 0x00, 0x00, 0x0A, 0x00, 0x09, 0x00, 0x00, 0x00, 0xFF, 0xFF, 0x00, 0x00, 0xF4, 0xF8, 0xF1, 0x00, 0xF1, 0xF7, 0xF8, 0xF2, 0x00, 0x00, 0xF8, 0xFA, 0x00, 0xF1, 0xF8, 0xFA, 0xF4, 0x00, 0x00, 0x00, 0xFA, 0xF8, 0xF1, 0xF8, 0xFA, 0xF4, 0x00, 0x00, 0x00, 0xF2, 0xFA, 0xF8, 0xFA, 0xFA, 0xF3, 0x00, 0x00, 0x00, 0x00, 0xF4, 0xFA, 0xFA, 0xFA, 0xFA, 0xF5, 0x00, 0x00, 0x00, 0x00, 0xF6, 0xFA, 0xF8, 0xF1, 0xFA, 0xFA, 0xF1, 0x00, 0x00, 0x00, 0xF8, 0xFA, 0xF1, 0x00, 0xF5, 0xFA, 0xF5, 0x00, 0x00, 0x00, 0xFA, 0xF8, 0x00, 0x00, 0xF1, 0xFA, 0xFA, 0xF1, 0x00, 0xF2, 0xFA, 0xF6, 0x00, 0x00, 0x00, 0xF5, 0xFA, 0xF5, 0x00, 0x07, 0x00, 0x09, 0x00, 0x00, 0x00, 0xFF, 0xFF, 0x00, 0x00, 0xF6, 0xF7, 0x00, 0x00, 0x00, 0x00, 0x00, 0xFA, 0xF8, 0x00, 0x00, 0x00, 0x00, 0xF3, 0xFA, 0xF6, 0x00, 0x00, 0x00, 0x00, 0xF4, 0xFA, 0xF4, 0x00, 0x00, 0x00, 0x00, 0xF6, 0xFA, 0xF2, 0x00, 0x00, 0x00, 0x00, 0xF8, 0xFA, 0x00, 0x00, 0x00, 0x00, 0x00, 0xFA, 0xF8, 0x00, 0x00, 0x00, 0x00, 0xF3, 0xFA, 0xF8, 0xF5, 0xF5, 0xF5, 0xF5, 0xF4, 0xFA, 0xFA, 0xFA, 0xFA, 0xFA, 0xF8, 0x0B, 0x00, 0x09, 0x00, 0x00, 0x00, 0xFF, 0xFF, 0x00, 0x00, 0xF6, 0xF8, 0xF8, 0xF2, 0x00, 0xF1, 0xF8, 0xF8, 0xF7, 0x00, 0x00, 0xFA, 0xFA, 0xFA, 0xF3, 0x00, 0xF6, 0xFA, 0xFA, 0xF8, 0x00, 0xF3, 0xFA, 0xF8, 0xFA, 0xF3, 0xF1, 0xFA, 0xF8, 0xFA, 0xF5, 0x00, 0xF4, 0xFA, 0xF6, 0xFA, 0xF3, 0xF4, 0xFA, 0xF6, 0xFA, 0xF4, 0x00, 0xF6, 0xFA, 0xF4, 0xFA, 0xF5, 0xF9, 0xF7, 0xF6, 0xFA, 0xF2, 0x00, 0xF8, 0xFA, 0xF3, 0xFA, 0xF8, 0xFA, 0xF3, 0xF8, 0xFA, 0x00, 0x00, 0xFA, 0xF8, 0xF1, 0xFA, 0xFA, 0xF9, 0x00, 0xFA, 0xF8, 0x00, 0xF3, 0xFA, 0xF5, 0x00, 0xFA, 0xFA, 0xF4, 0xF3, 0xFA, 0xF6, 0x00, 0xF4, 0xFA, 0xF3, 0x00, 0xFA, 0xFA, 0xF1, 0xF4, 0xFA, 0xF4, 0x00, 0x0A, 0x00, 0x09, 0x00, 0x00, 0x00, 0xFF, 0xFF, 0x00, 0x00, 0xF4, 0xF8, 0xF3, 0x00, 0x00, 0xF3, 0xF8, 0xF3, 0x00, 0x00, 0xF8, 0xFA, 0xF7, 0x00, 0x00, 0xF5, 0xFA, 0xF3, 0x00, 0x00, 0xFA, 0xFA, 0xFA, 0xF1, 0x00, 0xF8, 0xFA, 0x00, 0x00, 0xF2, 0xFA, 0xF8, 0xFA, 0xF5, 0x00, 0xFA, 0xF9, 0x00, 0x00, 0xF4, 0xFA, 0xF4, 0xF7, 0xF9, 0xF1, 0xFA, 0xF7, 0x00, 0x00, 0xF6, 0xFA, 0xF3, 0xF4, 0xFA, 0xF6, 0xFA, 0xF5, 0x00, 0x00, 0xF8, 0xFA, 0x00, 0x00, 0xFA, 0xFA, 0xFA, 0xF3, 0x00, 0x00, 0xFA, 0xF8, 0x00, 0x00, 0xF6, 0xFA, 0xFA, 0xF1, 0x00, 0xF2, 0xFA, 0xF6, 0x00, 0x00, 0xF2, 0xFA, 0xF9, 0x00, 0x00, 0x09, 0x00, 0x0A, 0x00, 0x00, 0x00, 0xFF, 0xFF, 0x00, 0x00, 0xF4, 0xF8, 0xFA, 0xFA, 0xF6, 0x00, 0x00, 0x00, 0xF6, 0xFA, 0xF8, 0xF5, 0xF8, 0xFA, 0xF6, 0x00, 0xF3, 0xFA, 0xF8, 0x00, 0x00, 0x00, 0xF8, 0xFA, 0xF1, 0xF6, 0xFA, 0xF1, 0x00, 0x00, 0x00, 0xF5, 0xFA, 0xF3, 0xFA, 0xF9, 0x00, 0x00, 0x00, 0x00, 0xF6, 0xFA, 0xF3, 0xFA, 0xF8, 0x00, 0x00, 0x00, 0x00, 0xF8, 0xFA, 0x00, 0xF9, 0xF9, 0x00, 0x00, 0x00, 0xF3, 0xFA, 0xF6, 0x00, 0xF5, 0xFA, 0xF7, 0xF3, 0xF5, 0xFA, 0xFA, 0xF1, 0x00, 0xF1, 0xF7, 0xFA, 0xFA, 0xFA, 0xF8, 0xF2, 0x00, 0x00, 0x00, 0x00, 0xF1, 0xF3, 0xF1, 0x00, 0x00, 0x00, 0x00, 0x09, 0x00, 0x09, 0x00, 0x00, 0x00, 0xFF, 0xFF, 0x00, 0x00, 0xF4, 0xF8, 0xF8, 0xF8, 0xF8, 0xF5, 0xF1, 0x00, 0x00, 0xF8, 0xFA, 0xF8, 0xF8, 0xF9, 0xFA, 0xF5, 0x00, 0x00, 0xFA, 0xF8, 0x00, 0x00, 0xF1, 0xFA, 0xF8, 0x00, 0xF2, 0xFA, 0xF6, 0x00, 0x00, 0xF3, 0xFA, 0xF6, 0x00, 0xF4, 0xFA, 0xF9, 0xF8, 0xF8, 0xFA, 0xFA, 0xF1, 0x00, 0xF6, 0xFA, 0xF8, 0xF8, 0xF8, 0xF6, 0xF1, 0x00, 0x00, 0xF8, 0xFA, 0x00, 0x00, 0x00, 0x00, 0x00, 0x00, 0x00, 0xFA, 0xF8, 0x00, 0x00, 0x00, 0x00, 0x00, 0x00, 0xF2, 0xFA, 0xF6, 0x00, 0x00, 0x00, 0x00, 0x00, 0x00, 0x09, 0x00, 0x0A, 0x00, 0x00, 0x00, 0xFF, 0xFF, 0x00, 0x00, 0xF3, 0xF7, 0xFA, 0xFA, 0xF7, 0xF1, 0x00, 0x00, 0xF4, 0xFA, 0xFA, 0xF6, 0xF6, 0xFA, 0xF8, 0x00, 0xF1, 0xFA, 0xFA, 0xF1, 0x00, 0x00, 0xF6, 0xFA, 0xF3, 0xF4, 0xFA, 0xF4, 0x00, 0x00, 0x00, 0xF3, 0xFA, 0xF5, 0xF7, 0xFA, 0xF1, 0x00, 0x00, 0x00, 0xF3, 0xFA, 0xF5, 0xF8, 0xFA, 0x00, 0x00, 0x00, 0x00, 0xF6, 0xFA, 0xF3, 0xF7, 0xFA, 0xF1, 0xF2, 0xF8, 0xF1, 0xFA, 0xF9, 0x00, 0xF3, 0xFA, 0xF8, 0xF4, 0xF8, 0xFA, 0xFA, 0xF3, 0x00, 0x00, 0xF5, 0xFA, 0xFA, 0xFA, 0xFA, 0xF9, 0xF1, 0x00, 0x00, 0x00, 0xF1, 0xF3, 0xF2, 0xF2, 0xFA, 0xF5, 0x00, 0x09, 0x00, 0x09, 0x00, 0x00, 0x00, 0xFF, 0xFF, 0x00, 0xF3, 0xF8, 0xF8, 0xF8, 0xF8, 0xF8, 0xF4, 0x00, 0x00, 0xF5, 0xFA, 0xF8, 0xF8, 0xF8, 0xFA, 0xFA, 0xF3, 0x00, 0xF8, 0xFA, 0xF1, 0x00, 0x00, 0xF3, 0xFA, 0xF5, 0x00, 0xFA, 0xF9, 0x00, 0x00, 0xF1, 0xF7, 0xFA, 0xF4, 0xF1, 0xFA, 0xFA, 0xFA, 0xFA, 0xFA, 0xFA, 0xF6, 0x00, 0xF3, 0xFA, 0xF8, 0xF5, 0xF9, 0xFA, 0xF2, 0x00, 0x00, 0xF5, 0xFA, 0xF3, 0x00, 0xF1, 0xFA, 0xF6, 0x00, 0x00, 0xF8, 0xFA, 0xF1, 0x00, 0x00, 0xF6, 0xFA, 0xF1, 0x00, 0xFA, 0xF9, 0x00, 0x00, 0x00, 0xF2, 0xFA, 0xF6, 0x00, 0x08, 0x00, 0x0A, 0x00, 0x00, 0x00, 0xFF, 0xFF, 0x00, 0xF1, 0xF7, 0xFA, 0xFA, 0xF8, 0xF2, 0x00, 0x00, 0xF8, 0xFA, 0xF6, 0xF6, 0xFA, 0xFA, 0x00, 0x00, 0xFA, 0xF8, 0x00, 0x00, 0xF4, 0xF8, 0xF2, 0x00, 0xF9, 0xFA, 0xF6, 0xF1, 0x00, 0x00, 0x00, 0x00, 0xF2, 0xF9, 0xFA, 0xFA, 0xF6, 0xF1, 0x00, 0x00, 0x00, 0x00, 0xF4, 0xF9, 0xFA, 0xF6, 0x00, 0xF5, 0xF4, 0x00, 0x00, 0xF1, 0xFA, 0xF8, 0x00, 0xF9, 0xFA, 0xF4, 0xF3, 0xF5, 0xFA, 0xF5, 0x00, 0xF3, 0xFA, 0xFA, 0xFA, 0xFA, 0xF7, 0xF1, 0x00, 0x00, 0x00, 0xF2, 0xF3, 0xF1, 0x00, 0x00, 0x00, 0x08, 0x00, 0x09, 0x00, 0x00, 0x00, 0xFF, 0xFF, 0xF2, 0xF8, 0xF8, 0xF8, 0xF8, 0xF8, 0xF8, 0xF4, 0xF4, 0xF8, 0xF8, 0xFA, 0xFA, 0xF8, 0xF8, 0xF2, 0x00, 0x00, 0xF2, 0xFA, 0xF6, 0x00, 0x00, 0x00, 0x00, 0x00, 0xF4, 0xFA, 0xF4, 0x00, 0x00, 0x00, 0x00, 0x00, 0xF6, 0xFA, 0xF3, 0x00, 0x00, 0x00, 0x00, 0x00, 0xF8, 0xFA, 0x00, 0x00, 0x00, 0x00, 0x00, 0x00, 0xFA, 0xF8, 0x00, 0x00, 0x00, 0x00, 0x00, 0xF2, 0xFA, 0xF6, 0x00, 0x00, 0x00, 0x00, 0x00, 0xF4, 0xFA, 0xF4, 0x00, 0x00, 0x00, 0x00, 0x09, 0x00, 0x0A, 0x00, 0x00, 0x00, 0xFF, 0xFF, 0x00, 0xF3, 0xF8, 0xF4, 0x00, 0x00, 0xF1, 0xF8, 0xF6, 0x00, 0xF5, 0xFA, 0xF3, 0x00, 0x00, 0xF3, 0xFA, 0xF5, 0x00, 0xF8, 0xFA, 0xF1, 0x00, 0x00, 0xF5, 0xFA, 0xF3, 0x00, 0xFA, 0xF9, 0x00, 0x00, 0x00, 0xF6, 0xFA, 0xF1, 0xF1, 0xFA, 0xF7, 0x00, 0x00, 0x00, 0xF8, 0xFA, 0x00, 0xF3, 0xFA, 0xF5, 0x00, 0x00, 0xF1, 0xFA, 0xF8, 0x00, 0xF5, 0xFA, 0xF3, 0x00, 0x00, 0xF4, 0xFA, 0xF4, 0x00, 0xF3, 0xFA, 0xF8, 0xF3, 0xF4, 0xFA, 0xFA, 0xF1, 0x00, 0x00, 0xF6, 0xFA, 0xFA, 0xFA, 0xF9, 0xF2, 0x00, 0x00, 0x00, 0x00, 0xF1, 0xF3, 0xF2, 0x00, 0x00, 0x00, 0x00, 0x09, 0x00, 0x09, 0x00, 0x00, 0x00, 0xFF, 0xFF, 0xF4, 0xF8, 0xF2, 0x00, 0x00, 0x00, 0xF3, 0xF8, 0xF3, 0xF3, 0xFA, 0xF5, 0x00, 0x00, 0x00, 0xF9, 0xFA, 0xF1, 0xF1, 0xFA, 0xF6, 0x00, 0x00, 0xF4, 0xFA, 0xF5, 0x00, 0x00, 0xFA, 0xF8, 0x00, 0x00, 0xF9, 0xFA, 0xF1, 0x00, 0x00, 0xF8, 0xFA, 0x00, 0xF4, 0xFA, 0xF5, 0x00, 0x00, 0x00, 0xF6, 0xFA, 0xF1, 0xF9, 0xFA, 0xF1, 0x00, 0x00, 0x00, 0xF5, 0xFA, 0xF6, 0xFA, 0xF5, 0x00, 0x00, 0x00, 0x00, 0xF3, 0xFA, 0xFA, 0xFA, 0xF1, 0x00, 0x00, 0x00, 0x00, 0xF1, 0xFA, 0xFA, 0xF5, 0x00, 0x00, 0x00, 0x00, 0x0C, 0x00, 0x09, 0x00, 0x00, 0x00, 0xFF, 0xFF, 0xF2, 0xF8, 0xF4, 0x00, 0x00, 0xF5, 0xF8, 0xF4, 0x00, 0x00, 0xF5, 0xF8, 0xF3, 0xFA, 0xF5, 0x00, 0xF1, 0xFA, 0xFA, 0xF5, 0x00, 0xF1, 0xFA, 0xF6, 0xF1, 0xFA, 0xF5, 0x00, 0xF6, 0xFA, 0xFA, 0xF5, 0x00, 0xF5, 0xFA, 0xF1, 0x00, 0xFA, 0xF5, 0xF1, 0xFA, 0xF6, 0xFA, 0xF7, 0xF1, 0xFA, 0xF6, 0x00, 0x00, 0xFA, 0xF5, 0xF6, 0xFA, 0xF1, 0xFA, 0xF8, 0xF4, 0xFA, 0xF2, 0x00, 0x00, 0xFA, 0xF6, 0xFA, 0xF6, 0x00, 0xFA, 0xF8, 0xF9, 0xF8, 0x00, 0x00, 0x00, 0xFA, 0xFA, 0xFA, 0xF1, 0x00, 0xF8, 0xFA, 0xFA, 0xF3, 0x00, 0x00, 0x00, 0xF8, 0xFA, 0xF8, 0x00, 0x00, 0xF8, 0xFA, 0xF8, 0x00, 0x00, 0x00, 0x00, 0xF8, 0xFA, 0xF3, 0x00, 0x00, 0xF8, 0xFA, 0xF3, 0x00, 0x00, 0x00, 0x09, 0x00, 0x09, 0x00, 0x00, 0x00, 0xFF, 0xFF, 0x00, 0xF6, 0xF8, 0xF1, 0x00, 0x00, 0xF4, 0xF8, 0xF6, 0x00, 0xF4, 0xFA, 0xF6, 0x00, 0xF4, 0xFA, 0xF8, 0xF1, 0x00, 0x00, 0xF9, 0xFA, 0xF3, 0xFA, 0xFA, 0xF2, 0x00, 0x00, 0x00, 0xF4, 0xFA, 0xFA, 0xFA, 0xF2, 0x00, 0x00, 0x00, 0x00, 0xF1, 0xFA, 0xFA, 0xF4, 0x00, 0x00, 0x00, 0x00, 0x00, 0xF8, 0xFA, 0xFA, 0xF5, 0x00, 0x00, 0x00, 0x00, 0xF6, 0xFA, 0xF6, 0xFA, 0xFA, 0xF1, 0x00, 0x00, 0xF4, 0xFA, 0xF8, 0xF1, 0xF5, 0xFA, 0xF5, 0x00, 0x00, 0xFA, 0xF8, 0xF1, 0x00, 0xF1, 0xFA, 0xFA, 0xF1, 0x00, 0x08, 0x00, 0x09, 0x00, 0x00, 0x00, 0xFF, 0xFF, 0xF8, 0xF6, 0x00, 0x00, 0x00, 0xF3, 0xF8, 0xF6, 0xF7, 0xFA, 0xF2, 0x00, 0xF1, 0xFA, 0xFA, 0xF1, 0xF3, 0xFA, 0xF6, 0x00, 0xF7, 0xFA, 0xF3, 0x00, 0x00, 0xF8, 0xFA, 0xF6, 0xFA, 0xF6, 0x00, 0x00, 0x00, 0xF4, 0xFA, 0xFA, 0xF8, 0xF1, 0x00, 0x00, 0x00, 0x00, 0xFA, 0xFA, 0xF2, 0x00, 0x00, 0x00, 0x00, 0x00, 0xFA, 0xF8, 0x00, 0x00, 0x00, 0x00, 0x00, 0xF2, 0xFA, 0xF6, 0x00, 0x00, 0x00, 0x00, 0x00, 0xF4, 0xFA, 0xF4, 0x00, 0x00, 0x00, 0x00, 0x09, 0x00, 0x09, 0x00, 0x00, 0x00, 0xFF, 0xFF, 0x00, 0x00, 0xF6, 0xF8, 0xF8, 0xF8, 0xF8, 0xF8, 0xF2, 0x00, 0x00, 0xF8, 0xF8, 0xF8, 0xF8, 0xFA, 0xFA, 0x00, 0x00, 0x00, 0x00, 0x00, 0xF1, 0xF8, 0xFA, 0xF4, 0x00, 0x00, 0x00, 0x00, 0x00, 0xF6, 0xFA, 0xF6, 0x00, 0x00, 0x00, 0x00, 0x00, 0xF5, 0xFA, 0xF8, 0x00, 0x00, 0x00, 0x00, 0x00, 0xF4, 0xFA, 0xF8, 0xF1, 0x00, 0x00, 0x00, 0x00, 0xF2, 0xFA, 0xFA, 0xF2, 0x00, 0x00, 0x00, 0x00, 0x00, 0xF9, 0xFA, 0xF8, 0xF5, 0xF5, 0xF5, 0xF3, 0x00, 0xF2, 0xFA, 0xFA, 0xFA, 0xFA, 0xFA, 0xFA, 0xF3, 0x00, 0x07, 0x00, 0x07, 0x00, 0x00, 0x00, 0xFD, 0xFF, 0x00, 0xF1, 0xF6, 0xF8, 0xF7, 0xF3, 0x00, 0xF1, 0xFA, 0xFA, 0xF5, 0xF8, 0xFA, 0xF1, 0x00, 0xF3, 0xF1, 0xF1, 0xF6, 0xFA, 0xF3, 0xF2, 0xF8, 0xFA, 0xF9, 0xFA, 0xFA, 0x00, 0xFA, 0xF9, 0xF1, 0xF1, 0xFA, 0xF8, 0x00, 0xFA, 0xF9, 0xF3, 0xF7, 0xFA, 0xF6, 0x00, 0xF4, 0xFA, 0xFA, 0xF6, 0xFA, 0xF6, 0x00, 0x08, 0x00, 0x09, 0x00, 0x00, 0x00, 0xFF, 0xFF, 0x00, 0x00, 0xF4, 0xF8, 0xF1, 0x00, 0x00, 0x00, 0x00, 0x00, 0xF8, 0xFA, 0x00, 0x00, 0x00, 0x00, 0x00, 0x00, 0xFA, 0xF9, 0xF5, 0xF8, 0xF4, 0x00, 0x00, 0xF2, 0xFA, 0xFA, 0xF6, 0xF8, 0xFA, 0xF3, 0x00, 0xF4, 0xFA, 0xF6, 0x00, 0xF3, 0xFA, 0xF5, 0x00, 0xF6, 0xFA, 0xF3, 0x00, 0xF3, 0xFA, 0xF5, 0x00, 0xF8, 0xFA, 0xF3, 0x00, 0xF6, 0xFA, 0xF3, 0x00, 0xFA, 0xFA, 0xF7, 0xF3, 0xFA, 0xF8, 0x00, 0xF2, 0xFA, 0xF7, 0xF8, 0xFA, 0xF8, 0xF2, 0x00, 0x06, 0x00, 0x07, 0x00, 0x00, 0x00, 0xFD, 0xFF, 0x00, 0xF1, 0xF5, 0xF8, 0xF7, 0xF2, 0xF1, 0xF8, 0xFA, 0xF6, 0xFA, 0xFA, 0xF4, 0xFA, 0xF4, 0x00, 0xF3, 0xF4, 0xF7, 0xFA, 0xF1, 0x00, 0x00, 0x00, 0xF8, 0xFA, 0x00, 0x00, 0xF3, 0x00, 0xF5, 0xFA, 0xF4, 0xF6, 0xFA, 0xF5, 0xF1, 0xF7, 0xFA, 0xFA, 0xF5, 0x00, 0x08, 0x00, 0x09, 0x00, 0x00, 0x00, 0xFF, 0xFF, 0x00, 0x00, 0x00, 0x00, 0x00, 0xF4, 0xF8, 0xF1, 0x00, 0x00, 0x00, 0x00, 0x00, 0xF8, 0xFA, 0x00, 0x00, 0xF3, 0xF7, 0xF7, 0xF2, 0xFA, 0xF8, 0x00, 0xF2, 0xFA, 0xF8, 0xF6, 0xFA, 0xFA, 0xF6, 0x00, 0xF7, 0xFA, 0xF1, 0x00, 0xF8, 0xFA, 0xF4, 0x00, 0xFA, 0xF8, 0x00, 0x00, 0xF8, 0xFA, 0xF3, 0x00, 0xFA, 0xF8, 0x00, 0x00, 0xF9, 0xFA, 0x00, 0x00, 0xF9, 0xFA, 0xF3, 0xF6, 0xFA, 0xF8, 0x00, 0x00, 0xF2, 0xFA, 0xFA, 0xF8, 0xFA, 0xF6, 0x00, 0x00, 0x07, 0x00, 0x07, 0x00, 0x00, 0x00, 0xFD, 0xFF, 0x00, 0xF1, 0xF6, 0xF8, 0xF6, 0xF2, 0x00, 0xF1, 0xF8, 0xFA, 0xF5, 0xFA, 0xF9, 0x00, 0xF4, 0xFA, 0xF4, 0x00, 0xF6, 0xFA, 0xF3, 0xF8, 0xFA, 0xF8, 0xF8, 0xF9, 0xFA, 0xF3, 0xF8, 0xFA, 0xF3, 0xF3, 0xF3, 0xF3, 0xF1, 0xF4, 0xFA, 0xF6, 0xF3, 0xF8, 0xF6, 0x00, 0x00, 0xF6, 0xFA, 0xFA, 0xF7, 0xF1, 0x00, 0x05, 0x00, 0x09, 0x00, 0x00, 0x00, 0xFF, 0xFF, 0x00, 0xF1, 0xF6, 0xF8, 0xF6, 0x00, 0xF5, 0xFA, 0xF6, 0xF4, 0xF4, 0xF9, 0xFA, 0xF6, 0xF1, 0xF8, 0xFA, 0xFA, 0xF8, 0xF1, 0xF1, 0xFA, 0xF6, 0x00, 0x00, 0xF3, 0xFA, 0xF4, 0x00, 0x00, 0xF5, 0xFA, 0xF3, 0x00, 0x00, 0xF8, 0xFA, 0xF1, 0x00, 0x00, 0xFA, 0xF9, 0x00, 0x00, 0x00, 0x08, 0x00, 0x0A, 0x00, 0x00, 0x00, 0xFD, 0xFF, 0x00, 0x00, 0xF3, 0xF7, 0xF7, 0xF1, 0xF5, 0xF4, 0x00, 0xF2, 0xFA, 0xF8, 0xF6, 0xF9, 0xFA, 0xF6, 0x00, 0xF7, 0xFA, 0xF1, 0x00, 0xF7, 0xFA, 0xF4, 0x00, 0xFA, 0xF8, 0x00, 0x00, 0xF6, 0xFA, 0xF3, 0x00, 0xFA, 0xF8, 0x00, 0x00, 0xF9, 0xFA, 0x00, 0x00, 0xF9, 0xFA, 0xF3, 0xF6, 0xFA, 0xF8, 0x00, 0x00, 0xF2, 0xFA, 0xFA, 0xF8, 0xFA, 0xF6, 0x00, 0xF4, 0xF7, 0xF2, 0x00, 0xF6, 0xFA, 0xF3, 0x00, 0xF2, 0xFA, 0xFA, 0xFA, 0xFA, 0xF8, 0x00, 0x00, 0x00, 0x00, 0xF3, 0xF3, 0xF1, 0x00, 0x00, 0x00, 0x07, 0x00, 0x09, 0x00, 0x00, 0x00, 0xFF, 0xFF, 0x00, 0xF3, 0xF8, 0xF3, 0x00, 0x00, 0x00, 0x00, 0xF5, 0xFA, 0xF3, 0x00, 0x00, 0x00, 0x00, 0xF8, 0xFA, 0xF2, 0xF7, 0xF7, 0xF1, 0x00, 0xFA, 0xFA, 0xF7, 0xF7, 0xFA, 0xF6, 0xF1, 0xFA, 0xF9, 0x00, 0xF2, 0xFA, 0xF7, 0xF3, 0xFA, 0xF5, 0x00, 0xF3, 0xFA, 0xF5, 0xF5, 0xFA, 0xF3, 0x00, 0xF5, 0xFA, 0xF3, 0xF8, 0xFA, 0xF1, 0x00, 0xF8, 0xFA, 0xF1, 0xFA, 0xF9, 0x00, 0x00, 0xFA, 0xF9, 0x00, 0x04, 0x00, 0x09, 0x00, 0x00, 0x00, 0xFF, 0xFF, 0x00, 0xF1, 0xF8, 0xF5, 0x00, 0xF1, 0xF5, 0xF3, 0x00, 0xF3, 0xF5, 0xF1, 0x00, 0xF7, 0xFA, 0xF1, 0x00, 0xF9, 0xFA, 0x00, 0xF1, 0xFA, 0xF8, 0x00, 0xF3, 0xFA, 0xF5, 0x00, 0xF5, 0xFA, 0xF3, 0x00, 0xF7, 0xFA, 0xF1, 0x00, 0x05, 0x00, 0x0C, 0x00, 0x00, 0x00, 0xFF, 0xFF, 0x00, 0x00, 0x00, 0xF6, 0xF8, 0x00, 0x00, 0x00, 0xF5, 0xF4, 0x00, 0x00, 0xF1, 0xF5, 0xF3, 0x00, 0x00, 0xF4, 0xFA, 0xF4, 0x00, 0x00, 0xF6, 0xFA, 0xF2, 0x00, 0x00, 0xF8, 0xFA, 0x00, 0x00, 0x00, 0xFA, 0xF8, 0x00, 0x00, 0xF2, 0xFA, 0xF6, 0x00, 0x00, 0xF4, 0xFA, 0xF4, 0x00, 0xF3, 0xF9, 0xFA, 0xF1, 0x00, 0xFA, 0xFA, 0xF6, 0x00, 0x00, 0xF3, 0xF2, 0x00, 0x00, 0x00, 0x08, 0x00, 0x09, 0x00, 0x00, 0x00, 0xFF, 0xFF, 0x00, 0x00, 0xF4, 0xF8, 0xF1, 0x00, 0x00, 0x00, 0x00, 0x00, 0xF8, 0xFA, 0x00, 0x00, 0x00, 0x00, 0x00, 0x00, 0xFA, 0xF8, 0x00, 0xF4, 0xF5, 0xF2, 0x00, 0xF2, 0xFA, 0xF6, 0xF6, 0xFA, 0xF6, 0x00, 0x00, 0xF4, 0xFA, 0xFA, 0xFA, 0xF6, 0x00, 0x00, 0x00, 0xF6, 0xFA, 0xFA, 0xFA, 0xF3, 0x00, 0x00, 0x00, 0xF8, 0xFA, 0xF5, 0xFA, 0xF6, 0x00, 0x00, 0x00, 0xFA, 0xF8, 0x00, 0xF8, 0xFA, 0x00, 0x00, 0xF2, 0xFA, 0xF6, 0x00, 0xF4, 0xFA, 0xF3, 0x00, 0x04, 0x00, 0x09, 0x00, 0x00, 0x00, 0xFF, 0xFF, 0x00, 0x00, 0xF6, 0xF7, 0x00, 0x00, 0xFA, 0xF8, 0x00, 0xF3, 0xFA, 0xF5, 0x00, 0xF4, 0xFA, 0xF4, 0x00, 0xF6, 0xFA, 0xF2, 0x00, 0xF8, 0xFA, 0x00, 0x00, 0xFA, 0xF8, 0x00, 0xF3, 0xFA, 0xF6, 0x00, 0xF4, 0xFA, 0xF4, 0x00, 0x0B, 0x00, 0x07, 0x00, 0x00, 0x00, 0xFD, 0xFF, 0x00, 0x00, 0xF5, 0xF4, 0xF3, 0xF8, 0xF5, 0xF1, 0xF6, 0xF8, 0xF3, 0x00, 0xF3, 0xFA, 0xF9, 0xF6, 0xF9, 0xFA, 0xF8, 0xF5, 0xFA, 0xFA, 0x00, 0xF4, 0xFA, 0xF6, 0x00, 0xF7, 0xFA, 0xF4, 0x00, 0xF8, 0xFA, 0x00, 0xF6, 0xFA, 0xF3, 0x00, 0xF8, 0xFA, 0x00, 0x00, 0xFA, 0xF8, 0x00, 0xF8, 0xFA, 0x00, 0x00, 0xFA, 0xF8, 0x00, 0xF3, 0xFA, 0xF5, 0x00, 0xFA, 0xF8, 0x00, 0xF3, 0xFA, 0xF6, 0x00, 0xF4, 0xFA, 0xF3, 0xF2, 0xFA, 0xF6, 0x00, 0xF4, 0xFA, 0xF4, 0x00, 0xF6, 0xFA, 0xF1, 0x08, 0x00, 0x07, 0x00, 0x00, 0x00, 0xFD, 0xFF, 0x00, 0xF1, 0xF5, 0xF3, 0xF5, 0xF8, 0xF4, 0x00, 0x00, 0xF5, 0xFA, 0xF9, 0xF6, 0xFA, 0xFA, 0xF1, 0x00, 0xF6, 0xFA, 0xF4, 0x00, 0xF7, 0xFA, 0xF2, 0x00, 0xF8, 0xFA, 0x00, 0x00, 0xF8, 0xFA, 0x00, 0x00, 0xFA, 0xF8, 0x00, 0x00, 0xFA, 0xF8, 0x00, 0xF3, 0xFA, 0xF6, 0x00, 0xF3, 0xFA, 0xF6, 0x00, 0xF4, 0xFA, 0xF4, 0x00, 0xF4, 0xFA, 0xF4, 0x00, 0x07, 0x00, 0x07, 0x00, 0x00, 0x00, 0xFD, 0xFF, 0x00, 0xF1, 0xF6, 0xF8, 0xF6, 0xF2, 0x00, 0xF2, 0xFA, 0xF9, 0xF5, 0xF9, 0xFA, 0xF1, 0xF7, 0xFA, 0xF1, 0x00, 0xF3, 0xFA, 0xF4, 0xFA, 0xF8, 0x00, 0x00, 0xF3, 0xFA, 0xF5, 0xFA, 0xF8, 0x00, 0x00, 0xF6, 0xFA, 0xF3, 0xF7, 0xFA, 0xF4, 0xF4, 0xFA, 0xF8, 0x00, 0xF1, 0xF7, 0xFA, 0xFA, 0xF6, 0xF1, 0x00, 0x08, 0x00, 0x0A, 0x00, 0x00, 0x00, 0xFD, 0xFF, 0x00, 0x00, 0xF4, 0xF5, 0xF3, 0xF8, 0xF6, 0xF1, 0x00, 0x00, 0xFA, 0xFA, 0xF6, 0xF7, 0xFA, 0xF5, 0x00, 0xF2, 0xFA, 0xF6, 0x00, 0xF1, 0xFA, 0xF8, 0x00, 0xF4, 0xFA, 0xF4, 0x00, 0x00, 0xFA, 0xF8, 0x00, 0xF6, 0xFA, 0xF3, 0x00, 0xF3, 0xFA, 0xF6, 0x00, 0xF8, 0xFA, 0xF8, 0xF3, 0xF8, 0xFA, 0xF1, 0x00, 0xFA, 0xF8, 0xF6, 0xFA, 0xF9, 0xF2, 0x00, 0xF2, 0xFA, 0xF6, 0x00, 0x00, 0x00, 0x00, 0x00, 0xF4, 0xFA, 0xF4, 0x00, 0x00, 0x00, 0x00, 0x00, 0xF1, 0xF3, 0xF1, 0x00, 0x00, 0x00, 0x00, 0x00, 0x08, 0x00, 0x0A, 0x00, 0x00, 0x00, 0xFD, 0xFF, 0x00, 0x00, 0xF5, 0xF8, 0xF5, 0xF1, 0xF5, 0xF3, 0x00, 0xF6, 0xFA, 0xF6, 0xF8, 0xF9, 0xFA, 0xF3, 0xF2, 0xFA, 0xF6, 0x00, 0xF1, 0xFA, 0xFA, 0xF1, 0xF4, 0xFA, 0xF3, 0x00, 0x00, 0xFA, 0xF9, 0x00, 0xF5, 0xFA, 0xF3, 0x00, 0xF3, 0xFA, 0xF6, 0x00, 0xF4, 0xFA, 0xF7, 0xF3, 0xF8, 0xFA, 0xF4, 0x00, 0x00, 0xF6, 0xFA, 0xF9, 0xF8, 0xFA, 0xF2, 0x00, 0x00, 0x00, 0x00, 0x00, 0xF9, 0xFA, 0x00, 0x00, 0x00, 0x00, 0x00, 0xF1, 0xFA, 0xF7, 0x00, 0x00, 0x00, 0x00, 0x00, 0xF1, 0xF3, 0xF1, 0x00, 0x00, 0x06, 0x00, 0x07, 0x00, 0x00, 0x00, 0xFD, 0xFF, 0x00, 0xF1, 0xF5, 0xF3, 0xF6, 0xF6, 0x00, 0xF5, 0xFA, 0xFA, 0xF8, 0xF4, 0x00, 0xF6, 0xFA, 0xF5, 0x00, 0x00, 0x00, 0xF8, 0xFA, 0xF1, 0x00, 0x00, 0x00, 0xFA, 0xF8, 0x00, 0x00, 0x00, 0xF3, 0xFA, 0xF6, 0x00, 0x00, 0x00, 0xF4, 0xFA, 0xF4, 0x00, 0x00, 0x00, 0x07, 0x00, 0x07, 0x00, 0x00, 0x00, 0xFD, 0xFF, 0x00, 0xF1, 0xF6, 0xF8, 0xF8, 0xF4, 0x00, 0x00, 0xF8, 0xFA, 0xF5, 0xF8, 0xFA, 0xF3, 0x00, 0xFA, 0xFA, 0xF3, 0xF1, 0xF1, 0x00, 0x00, 0xF5, 0xFA, 0xFA, 0xFA, 0xF4, 0x00, 0x00, 0xF2, 0xF1, 0xF4, 0xFA, 0xFA, 0x00, 0xF8, 0xFA, 0xF4, 0xF3, 0xF9, 0xF9, 0x00, 0xF2, 0xF7, 0xFA, 0xFA, 0xF8, 0xF2, 0x00, 0x05, 0x00, 0x09, 0x00, 0x00, 0x00, 0xFF, 0xFF, 0x00, 0x00, 0x00, 0xF3, 0x00, 0x00, 0xF1, 0xF8, 0xF5, 0x00, 0xF3, 0xF7, 0xFA, 0xF7, 0xF1, 0xF6, 0xFA, 0xFA, 0xF8, 0xF1, 0x00, 0xF8, 0xFA, 0x00, 0x00, 0x00, 0xFA, 0xF8, 0x00, 0x00, 0xF3, 0xFA, 0xF5, 0x00, 0x00, 0xF5, 0xFA, 0xF6, 0xF1, 0x00, 0xF3, 0xFA, 0xFA, 0xF3, 0x00, 0x07, 0x00, 0x07, 0x00, 0x00, 0x00, 0xFD, 0xFF, 0x00, 0xF4, 0xF5, 0x00, 0x00, 0xF4, 0xF5, 0x00, 0xFA, 0xF8, 0x00, 0x00, 0xFA, 0xF8, 0xF2, 0xFA, 0xF6, 0x00, 0xF1, 0xFA, 0xF6, 0xF4, 0xFA, 0xF4, 0x00, 0xF3, 0xFA, 0xF4, 0xF6, 0xFA, 0xF1, 0x00, 0xF6, 0xFA, 0xF3, 0xF8, 0xFA, 0xF3, 0xF5, 0xFA, 0xFA, 0xF1, 0xF4, 0xFA, 0xFA, 0xF5, 0xF9, 0xF9, 0x00, 0x07, 0x00, 0x07, 0x00, 0x00, 0x00, 0xFD, 0xFF, 0xF3, 0xF5, 0xF1, 0x00, 0x00, 0xF3, 0xF5, 0xF3, 0xFA, 0xF4, 0x00, 0xF1, 0xFA, 0xF6, 0xF1, 0xFA, 0xF5, 0x00, 0xF7, 0xFA, 0xF1, 0x00, 0xF9, 0xF7, 0xF3, 0xFA, 0xF4, 0x00, 0x00, 0xF7, 0xF8, 0xF9, 0xF8, 0x00, 0x00, 0x00, 0xF5, 0xFA, 0xFA, 0xF3, 0x00, 0x00, 0x00, 0xF3, 0xFA, 0xF6, 0x00, 0x00, 0x00, 0x0A, 0x00, 0x07, 0x00, 0x00, 0x00, 0xFD, 0xFF, 0xF4, 0xF4, 0x00, 0x00, 0xF4, 0xF4, 0x00, 0xF2, 0xF5, 0xF2, 0xF6, 0xF9, 0x00, 0xF3, 0xFA, 0xF8, 0x00, 0xF8, 0xFA, 0xF1, 0xF5, 0xFA, 0x00, 0xF8, 0xFA, 0xF8, 0xF2, 0xFA, 0xF5, 0x00, 0xF4, 0xFA, 0xF2, 0xFA, 0xF8, 0xF8, 0xF6, 0xFA, 0xF1, 0x00, 0xF3, 0xFA, 0xF9, 0xF8, 0xF5, 0xF9, 0xFA, 0xF5, 0x00, 0x00, 0xF3, 0xFA, 0xFA, 0xF4, 0xF3, 0xFA, 0xFA, 0xF1, 0x00, 0x00, 0x00, 0xFA, 0xF9, 0x00, 0xF3, 0xFA, 0xF5, 0x00, 0x00, 0x00, 0x08, 0x00, 0x07, 0x00, 0x00, 0x00, 0xFD, 0xFF, 0x00, 0xF1, 0xF5, 0xF3, 0x00, 0x00, 0xF3, 0xF5, 0x00, 0x00, 0xF8, 0xFA, 0xF1, 0xF4, 0xFA, 0xF4, 0x00, 0x00, 0xF3, 0xFA, 0xF8, 0xFA, 0xF4, 0x00, 0x00, 0x00, 0x00, 0xF8, 0xFA, 0xF4, 0x00, 0x00, 0x00, 0x00, 0xF2, 0xFA, 0xFA, 0xF5, 0x00, 0x00, 0x00, 0xF2, 0xFA, 0xF6, 0xF8, 0xFA, 0xF1, 0x00, 0xF2, 0xFA, 0xF6, 0x00, 0xF3, 0xFA, 0xF5, 0x00, 0x08, 0x00, 0x0A, 0x00, 0x00, 0x00, 0xFD, 0xFF, 0x00, 0xF1, 0xF5, 0xF3, 0x00, 0x00, 0xF4, 0xF5, 0x00, 0xF1, 0xFA, 0xF6, 0x00, 0xF3, 0xFA, 0xF6, 0x00, 0x00, 0xFA, 0xF8, 0x00, 0xF6, 0xFA, 0xF1, 0x00, 0x00, 0xFA, 0xF9, 0xF1, 0xFA, 0xF5, 0x00, 0x00, 0x00, 0xF8, 0xFA, 0xF6, 0xFA, 0xF1, 0x00, 0x00, 0x00, 0xF8, 0xFA, 0xFA, 0xF5, 0x00, 0x00, 0x00, 0x00, 0xF5, 0xFA, 0xF9, 0x00, 0x00, 0x00, 0x00, 0xF1, 0xF8, 0xFA, 0xF4, 0x00, 0x00, 0x00, 0xF4, 0xFA, 0xFA, 0xF6, 0x00, 0x00, 0x00, 0x00, 0xF1, 0xF3, 0xF2, 0x00, 0x00, 0x00, 0x00, 0x00, 0x07, 0x00, 0x07, 0x00, 0x00, 0x00, 0xFD, 0xFF, 0x00, 0xF3, 0xF5, 0xF5, 0xF5, 0xF5, 0xF3, 0x00, 0xF6, 0xF8, 0xF8, 0xFA, 0xFA, 0xF3, 0x00, 0x00, 0x00, 0xF6, 0xFA, 0xF6, 0x00, 0x00, 0x00, 0xF4, 0xFA, 0xF8, 0x00, 0x00, 0x00, 0xF2, 0xFA, 0xFA, 0xF1, 0x00, 0x00, 0xF1, 0xFA, 0xFA, 0xF4, 0xF3, 0xF2, 0x00, 0xF4, 0xFA, 0xFA, 0xFA, 0xFA, 0xF6, 0x00, 0x06, 0x00, 0x03, 0x00, 0x00, 0x00, 0xFC, 0xFF, 0xF3, 0xF8, 0xF5, 0x00, 0xF3, 0xF4, 0xF8, 0xF5, 0xF8, 0xF8, 0xF5, 0xF8, 0xF4, 0xF3, 0x00, 0xF5, 0xF8, 0xF3, 0x07, 0x00, 0x09, 0x00, 0x00, 0x00, 0xFF, 0xFF, 0x00, 0x00, 0x00, 0xF8, 0xF4, 0xF4, 0xF8, 0x00, 0x00, 0xF2, 0xF8, 0xF2, 0xF6, 0xF6, 0x00, 0x00, 0xF4, 0xF7, 0xF8, 0xF6, 0xF1, 0x00, 0xF5, 0xFA, 0xF7, 0xF6, 0xFA, 0xF6, 0x00, 0xF1, 0xF3, 0x00, 0xF2, 0xFA, 0xF8, 0x00, 0xF6, 0xFA, 0xFA, 0xF9, 0xFA, 0xF5, 0xF4, 0xFA, 0xF5, 0x00, 0xF6, 0xFA, 0xF3, 0xF4, 0xFA, 0xF5, 0xF4, 0xFA, 0xFA, 0xF1, 0xF1, 0xF8, 0xFA, 0xF8, 0xF8, 0xFA, 0xF1, 0x07, 0x00, 0x0A, 0x00, 0x00, 0x00, 0x00, 0x00, 0x00, 0x00, 0x00, 0x00, 0xF6, 0xF6, 0x00, 0x00, 0x00, 0x00, 0xF3, 0xF6, 0xF6, 0xF3, 0x00, 0x00, 0x00, 0x00, 0xF6, 0xF6, 0x00, 0x00, 0x00, 0xF3, 0xF6, 0xF8, 0xF6, 0xF2, 0x00, 0xF3, 0xFA, 0xF8, 0xF5, 0xFA, 0xF9, 0x00, 0xF1, 0xF3, 0xF1, 0xF1, 0xF8, 0xFA, 0x00, 0xF4, 0xF9, 0xFA, 0xF9, 0xFA, 0xF8, 0xF2, 0xFA, 0xF7, 0xF1, 0xF3, 0xFA, 0xF5, 0xF2, 0xFA, 0xF7, 0xF3, 0xF8, 0xFA, 0xF3, 0x00, 0xF6, 0xFA, 0xF9, 0xF7, 0xFA, 0xF3, 0x09, 0x00, 0x0B, 0x00, 0x00, 0x00, 0x01, 0x00, 0x00, 0x00, 0x00, 0x00, 0xF6, 0xFA, 0xF1, 0xFA, 0xF4, 0x00, 0x00, 0x00, 0x00, 0xF4, 0xF4, 0xF1, 0xF5, 0xF1, 0x00, 0x00, 0x00, 0x00, 0xF3, 0xF8, 0xF8, 0xF4, 0x00, 0x00, 0x00, 0x00, 0x00, 0xF8, 0xFA, 0xFA, 0xF6, 0x00, 0x00, 0x00, 0x00, 0xF3, 0xFA, 0xF6, 0xFA, 0xF8, 0x00, 0x00, 0x00, 0x00, 0xF9, 0xFA, 0xF1, 0xF9, 0xF9, 0x00, 0x00, 0x00, 0xF4, 0xFA, 0xF6, 0x00, 0xF8, 0xFA, 0x00, 0x00, 0x00, 0xF9, 0xFA, 0xF6, 0xF5, 0xF8, 0xFA, 0xF3, 0x00, 0xF4, 0xFA, 0xFA, 0xFA, 0xFA, 0xFA, 0xFA, 0xF4, 0x00, 0xF9, 0xFA, 0xF1, 0x00, 0x00, 0xF3, 0xFA, 0xF5, 0xF4, 0xFA, 0xF5, 0x00, 0x00, 0x00, 0xF1, 0xFA, 0xF8, 0x09, 0x00, 0x0B, 0x00, 0x00, 0x00, 0x01, 0x00, 0x00, 0x00, 0x00, 0x00, 0x00, 0xF3, 0xF4, 0xF1, 0x00, 0x00, 0x00, 0x00, 0x00, 0x00, 0xF8, 0xF5, 0xF4, 0x00, 0x00, 0x00, 0x00, 0x00, 0xF1, 0xFA, 0xF9, 0xF7, 0x00, 0x00, 0x00, 0x00, 0x00, 0xF5, 0xFA, 0xFA, 0xF8, 0x00, 0x00, 0x00, 0x00, 0xF1, 0xFA, 0xF9, 0xF8, 0xFA, 0x00, 0x00, 0x00, 0x00, 0xF6, 0xFA, 0xF4, 0xF6, 0xFA, 0xF1, 0x00, 0x00, 0xF1, 0xFA, 0xF9, 0x00, 0xF5, 0xFA, 0xF3, 0x00, 0x00, 0xF6, 0xFA, 0xF8, 0xF5, 0xF6, 0xFA, 0xF5, 0x00, 0xF1, 0xFA, 0xFA, 0xFA, 0xFA, 0xFA, 0xFA, 0xF6, 0x00, 0xF6, 0xFA, 0xF3, 0x00, 0x00, 0x00, 0xFA, 0xF8, 0xF1, 0xFA, 0xF8, 0x00, 0x00, 0x00, 0x00, 0xF8, 0xFA, 0x07, 0x00, 0x09, 0x00, 0x00, 0x00, 0xFF, 0xFF, 0x00, 0x00, 0xF2, 0xF8, 0xF2, 0xF6, 0xF6, 0x00, 0x00, 0xF4, 0xF8, 0x00, 0xF8, 0xF4, 0x00, 0x00, 0xF4, 0xF8, 0xF8, 0xF4, 0x00, 0x00, 0xF6, 0xFA, 0xF6, 0xF6, 0xFA, 0xF6, 0xF2, 0xFA, 0xF6, 0x00, 0x00, 0xF8, 0xFA, 0xF5, 0xFA, 0xF3, 0x00, 0x00, 0xF8, 0xFA, 0xF5, 0xFA, 0xF3, 0x00, 0xF1, 0xFA, 0xF8, 0xF2, 0xFA, 0xF8, 0xF3, 0xF8, 0xFA, 0xF3, 0x00, 0xF4, 0xF9, 0xFA, 0xF9, 0xF3, 0x00, 0x09, 0x00, 0x0B, 0x00, 0x00, 0x00, 0x01, 0x00, 0x00, 0x00, 0x00, 0xF3, 0xFA, 0xF2, 0xF8, 0xF7, 0x00, 0x00, 0x00, 0x00, 0xF3, 0xF5, 0x00, 0xF5, 0xF3, 0x00, 0x00, 0x00, 0xF3, 0xF7, 0xFA, 0xFA, 0xF7, 0xF1, 0x00, 0x00, 0xF4, 0xFA, 0xF9, 0xF5, 0xF6, 0xFA, 0xF8, 0x00, 0xF1, 0xFA, 0xFA, 0xF1, 0x00, 0x00, 0xF5, 0xFA, 0xF3, 0xF4, 0xFA, 0xF4, 0x00, 0x00, 0x00, 0xF3, 0xFA, 0xF5, 0xF7, 0xFA, 0xF1, 0x00, 0x00, 0x00, 0xF3, 0xFA, 0xF5, 0xF8, 0xFA, 0x00, 0x00, 0x00, 0x00, 0xF6, 0xFA, 0xF3, 0xF6, 0xFA, 0xF1, 0x00, 0x00, 0xF1, 0xFA, 0xF9, 0x00, 0xF3, 0xFA, 0xF8, 0xF3, 0xF4, 0xF9, 0xFA, 0xF3, 0x00, 0x00, 0xF5, 0xFA, 0xFA, 0xFA, 0xF9, 0xF3, 0x00, 0x00
//};
//char numbers_gob[] = {
//	0x0A, 0x00, 0x2A, 0x00, 0x00, 0x00, 0x92, 0x01, 0x00, 0x00, 0xFA, 0x02, 0x00, 0x00, 0x62, 0x04, 0x00, 0x00, 0xCA, 0x05, 0x00, 0x00, 0x32, 0x07, 0x00, 0x00, 0x9A, 0x08, 0x00, 0x00, 0x02, 0x0A, 0x00, 0x00, 0x6A, 0x0B, 0x00, 0x00, 0xD2, 0x0C, 0x00, 0x00, 0x10, 0x00, 0x16, 0x00, 0x00, 0x00, 0x00, 0x00, 0x19, 0x19, 0x19, 0x19, 0x19, 0x19, 0x19, 0x19, 0x19, 0x19, 0x19, 0x19, 0x19, 0x19, 0x19, 0x19, 0x19, 0x19, 0x14, 0x15, 0x15, 0x14, 0x15, 0x15, 0x14, 0x14, 0x19, 0x1B, 0x1B, 0x19, 0x19, 0x19, 0x19, 0x14, 0x14, 0x14, 0x14, 0x14, 0x14, 0x14, 0x15, 0x15, 0x16, 0x19, 0x1B, 0x1B, 0x19, 0x19, 0x19, 0x14, 0x15, 0x19, 0x1B, 0x1B, 0x1B, 0x1B, 0x19, 0x16, 0x16, 0x16, 0x1B, 0x1B, 0x1F, 0x19, 0x19, 0x14, 0x16, 0x1B, 0x1B, 0x1B, 0x1B, 0x1B, 0x1B, 0x19, 0x16, 0x16, 0x1B, 0x1B, 0x1F, 0x19, 0x19, 0x14, 0x16, 0x1B, 0x1B, 0x1F, 0x1F, 0x1F, 0x1F, 0x1B, 0x15, 0x16, 0x1B, 0x1B, 0x1F, 0x19, 0x19, 0x14, 0x16, 0x1B, 0x1B, 0x1F, 0x19, 0x19, 0x19, 0x19, 0x14, 0x16, 0x1B, 0x1B, 0x1F, 0x19, 0x19, 0x14, 0x16, 0x19, 0x1B, 0x1B, 0x19, 0x19, 0x19, 0x19, 0x14, 0x16, 0x1B, 0x1B, 0x1F, 0x19, 0x19, 0x19, 0x15, 0x19, 0x1B, 0x1B, 0x1F, 0x19, 0x19, 0x19, 0x14, 0x16, 0x1B, 0x1B, 0x1F, 0x19, 0x19, 0x19, 0x14, 0x16, 0x1B, 0x1B, 0x1F, 0x19, 0x19, 0x19, 0x14, 0x15, 0x19, 0x1B, 0x1F, 0x19, 0x19, 0x19, 0x14, 0x16, 0x19, 0x1B, 0x1F, 0x19, 0x19, 0x19, 0x15, 0x14, 0x16, 0x1B, 0x1B, 0x19, 0x19, 0x19, 0x14, 0x16, 0x16, 0x1B, 0x1F, 0x19, 0x19, 0x19, 0x19, 0x14, 0x16, 0x1B, 0x1B, 0x1F, 0x19, 0x19, 0x14, 0x16, 0x19, 0x1B, 0x1F, 0x19, 0x19, 0x19, 0x19, 0x14, 0x16, 0x1B, 0x1B, 0x1F, 0x19, 0x15, 0x14, 0x16, 0x1B, 0x1F, 0x1F, 0x19, 0x19, 0x19, 0x19, 0x14, 0x16, 0x1B, 0x1B, 0x1F, 0x19, 0x14, 0x15, 0x16, 0x1B, 0x1F, 0x19, 0x19, 0x19, 0x19, 0x19, 0x14, 0x16, 0x1B, 0x1B, 0x1F, 0x19, 0x14, 0x16, 0x16, 0x1B, 0x1F, 0x19, 0x19, 0x19, 0x19, 0x19, 0x14, 0x16, 0x1B, 0x1B, 0x1F, 0x19, 0x14, 0x16, 0x16, 0x19, 0x1B, 0x19, 0x19, 0x19, 0x19, 0x14, 0x15, 0x16, 0x1B, 0x1B, 0x1F, 0x19, 0x14, 0x16, 0x16, 0x16, 0x15, 0x14, 0x14, 0x14, 0x14, 0x15, 0x16, 0x19, 0x1B, 0x1B, 0x1F, 0x19, 0x14, 0x15, 0x16, 0x16, 0x16, 0x16, 0x15, 0x15, 0x16, 0x19, 0x19, 0x1B, 0x1B, 0x1B, 0x1F, 0x19, 0x19, 0x19, 0x16, 0x16, 0x19, 0x1B, 0x1B, 0x1B, 0x1B, 0x1B, 0x1B, 0x1B, 0x1B, 0x1B, 0x1F, 0x19, 0x19, 0x1B, 0x1B, 0x1B, 0x1B, 0x1B, 0x1B, 0x1B, 0x1B, 0x1B, 0x1B, 0x1B, 0x1B, 0x1F, 0x1F, 0x19, 0x19, 0x19, 0x1F, 0x1F, 0x1F, 0x1F, 0x1F, 0x1F, 0x1F, 0x1F, 0x1F, 0x1F, 0x1F, 0x1F, 0x19, 0x10, 0x00, 0x16, 0x00, 0x00, 0x00, 0x00, 0x00, 0x19, 0x19, 0x19, 0x19, 0x19, 0x19, 0x19, 0x19, 0x19, 0x19, 0x19, 0x19, 0x19, 0x19, 0x19, 0x19, 0x19, 0x19, 0x19, 0x19, 0x15, 0x14, 0x14, 0x14, 0x15, 0x16, 0x19, 0x19, 0x19, 0x19, 0x19, 0x19, 0x19, 0x19, 0x19, 0x19, 0x14, 0x16, 0x16, 0x16, 0x16, 0x19, 0x1F, 0x19, 0x19, 0x19, 0x19, 0x19, 0x19, 0x19, 0x19, 0x16, 0x14, 0x15, 0x16, 0x16, 0x16, 0x1B, 0x1F, 0x19, 0x19, 0x19, 0x19, 0x19, 0x19, 0x19, 0x19, 0x19, 0x16, 0x14, 0x15, 0x16, 0x19, 0x1B, 0x1F, 0x19, 0x19, 0x19, 0x19, 0x19, 0x19, 0x19, 0x19, 0x1B, 0x1B, 0x1B, 0x14, 0x16, 0x1B, 0x1B, 0x1F, 0x19, 0x19, 0x19, 0x19, 0x19, 0x19, 0x19, 0x19, 0x19, 0x1F, 0x19, 0x14, 0x16, 0x1B, 0x1B, 0x1F, 0x19, 0x19, 0x19, 0x19, 0x19, 0x19, 0x19, 0x19, 0x19, 0x19, 0x19, 0x14, 0x16, 0x1B, 0x1B, 0x1F, 0x19, 0x19, 0x19, 0x19, 0x19, 0x19, 0x19, 0x19, 0x19, 0x19, 0x19, 0x14, 0x16, 0x1B, 0x1B, 0x1F, 0x19, 0x19, 0x19, 0x19, 0x19, 0x19, 0x19, 0x19, 0x19, 0x19, 0x19, 0x14, 0x16, 0x1B, 0x1B, 0x1F, 0x19, 0x19, 0x19, 0x19, 0x19, 0x19, 0x19, 0x19, 0x19, 0x19, 0x19, 0x14, 0x16, 0x1B, 0x1B, 0x1F, 0x19, 0x19, 0x19, 0x19, 0x19, 0x19, 0x19, 0x19, 0x19, 0x19, 0x19, 0x14, 0x16, 0x1B, 0x1B, 0x1F, 0x19, 0x19, 0x19, 0x19, 0x19, 0x19, 0x19, 0x19, 0x19, 0x19, 0x19, 0x14, 0x16, 0x1B, 0x1B, 0x1F, 0x19, 0x19, 0x19, 0x19, 0x19, 0x19, 0x19, 0x19, 0x19, 0x19, 0x19, 0x14, 0x16, 0x19, 0x1B, 0x1F, 0x19, 0x19, 0x19, 0x19, 0x19, 0x19, 0x19, 0x19, 0x19, 0x19, 0x19, 0x14, 0x16, 0x16, 0x1B, 0x1B, 0x19, 0x19, 0x19, 0x19, 0x19, 0x19, 0x19, 0x19, 0x19, 0x19, 0x19, 0x14, 0x16, 0x16, 0x1B, 0x1B, 0x1F, 0x19, 0x19, 0x19, 0x19, 0x19, 0x19, 0x19, 0x19, 0x19, 0x14, 0x15, 0x16, 0x16, 0x1B, 0x1B, 0x1F, 0x19, 0x19, 0x19, 0x19, 0x19, 0x19, 0x19, 0x14, 0x14, 0x15, 0x16, 0x16, 0x16, 0x19, 0x1B, 0x1B, 0x19, 0x19, 0x19, 0x19, 0x19, 0x19, 0x19, 0x15, 0x16, 0x16, 0x16, 0x16, 0x16, 0x19, 0x1B, 0x1B, 0x1B, 0x1F, 0x19, 0x19, 0x19, 0x19, 0x19, 0x19, 0x16, 0x16, 0x19, 0x1B, 0x1B, 0x1B, 0x1B, 0x1B, 0x1B, 0x1F, 0x19, 0x19, 0x19, 0x19, 0x19, 0x1B, 0x1B, 0x1B, 0x1B, 0x1B, 0x1B, 0x1B, 0x1B, 0x1B, 0x1B, 0x1F, 0x19, 0x19, 0x19, 0x19, 0x19, 0x19, 0x1F, 0x1F, 0x1F, 0x1F, 0x1F, 0x1F, 0x1F, 0x1F, 0x1F, 0x1F, 0x19, 0x19, 0x10, 0x00, 0x16, 0x00, 0x00, 0x00, 0x00, 0x00, 0x19, 0x19, 0x19, 0x19, 0x19, 0x19, 0x19, 0x19, 0x19, 0x19, 0x19, 0x19, 0x19, 0x19, 0x19, 0x19, 0x19, 0x19, 0x19, 0x19, 0x19, 0x19, 0x14, 0x14, 0x14, 0x14, 0x15, 0x16, 0x19, 0x1B, 0x19, 0x19, 0x19, 0x19, 0x14, 0x14, 0x14, 0x15, 0x16, 0x16, 0x16, 0x15, 0x14, 0x16, 0x16, 0x19, 0x1B, 0x19, 0x19, 0x14, 0x15, 0x16, 0x16, 0x19, 0x1B, 0x1B, 0x1B, 0x19, 0x14, 0x16, 0x16, 0x16, 0x1B, 0x1F, 0x19, 0x15, 0x16, 0x16, 0x16, 0x1B, 0x1B, 0x1B, 0x1B, 0x1B, 0x14, 0x16, 0x16, 0x16, 0x1B, 0x1F, 0x19, 0x19, 0x16, 0x16, 0x19, 0x1B, 0x1B, 0x1F, 0x1F, 0x19, 0x14, 0x16, 0x16, 0x19, 0x1B, 0x1F, 0x19, 0x1B, 0x19, 0x19, 0x1B, 0x1B, 0x1F, 0x1F, 0x19, 0x19, 0x14, 0x16, 0x16, 0x1B, 0x1B, 0x1F, 0x19, 0x19, 0x1B, 0x1B, 0x1B, 0x1F, 0x1F, 0x19, 0x19, 0x19, 0x14, 0x16, 0x16, 0x1B, 0x1B, 0x1F, 0x19, 0x19, 0x19, 0x1F, 0x1F, 0x1F, 0x19, 0x19, 0x19, 0x14, 0x15, 0x16, 0x19, 0x1B, 0x1F, 0x1F, 0x19, 0x19, 0x19, 0x19, 0x19, 0x19, 0x19, 0x19, 0x14, 0x15, 0x16, 0x19, 0x1B, 0x1B, 0x1F, 0x19, 0x19, 0x19, 0x19, 0x19, 0x19, 0x19, 0x19, 0x14, 0x15, 0x16, 0x19, 0x1B, 0x1B, 0x1F, 0x1F, 0x19, 0x19, 0x19, 0x19, 0x19, 0x19, 0x19, 0x14, 0x15, 0x16, 0x19, 0x1B, 0x1B, 0x1B, 0x1F, 0x19, 0x19, 0x19, 0x19, 0x19, 0x19, 0x15, 0x14, 0x15, 0x19, 0x1B, 0x1B, 0x1B, 0x1B, 0x1F, 0x1F, 0x19, 0x19, 0x19, 0x19, 0x19, 0x15, 0x14, 0x15, 0x19, 0x1B, 0x1B, 0x1B, 0x1F, 0x1F, 0x1F, 0x19, 0x19, 0x19, 0x19, 0x19, 0x15, 0x14, 0x15, 0x19, 0x1B, 0x1B, 0x1F, 0x1F, 0x1F, 0x19, 0x19, 0x19, 0x19, 0x19, 0x19, 0x14, 0x14, 0x15, 0x19, 0x1B, 0x1B, 0x1F, 0x1F, 0x19, 0x19, 0x19, 0x19, 0x19, 0x19, 0x19, 0x19, 0x14, 0x15, 0x16, 0x16, 0x1B, 0x1F, 0x1F, 0x19, 0x19, 0x19, 0x15, 0x14, 0x15, 0x19, 0x19, 0x19, 0x15, 0x16, 0x16, 0x15, 0x14, 0x14, 0x14, 0x14, 0x14, 0x15, 0x16, 0x16, 0x19, 0x1B, 0x1F, 0x19, 0x14, 0x14, 0x14, 0x14, 0x15, 0x16, 0x16, 0x16, 0x16, 0x16, 0x16, 0x19, 0x1B, 0x1B, 0x1F, 0x19, 0x16, 0x16, 0x16, 0x16, 0x16, 0x16, 0x19, 0x1B, 0x1B, 0x1B, 0x1B, 0x1B, 0x1B, 0x1B, 0x1F, 0x19, 0x19, 0x1B, 0x1B, 0x1B, 0x1B, 0x1B, 0x1B, 0x1B, 0x1B, 0x1B, 0x1B, 0x1B, 0x1B, 0x1B, 0x1F, 0x19, 0x19, 0x1F, 0x1F, 0x1F, 0x1F, 0x1F, 0x1F, 0x1F, 0x1F, 0x1F, 0x1F, 0x1F, 0x1F, 0x1F, 0x1F, 0x10, 0x00, 0x16, 0x00, 0x00, 0x00, 0x00, 0x00, 0x19, 0x19, 0x19, 0x19, 0x19, 0x19, 0x19, 0x19, 0x19, 0x19, 0x19, 0x19, 0x19, 0x19, 0x19, 0x19, 0x19, 0x19, 0x15, 0x14, 0x14, 0x14, 0x14, 0x14, 0x14, 0x14, 0x15, 0x16, 0x19, 0x1B, 0x19, 0x19, 0x19, 0x16, 0x14, 0x15, 0x16, 0x16, 0x16, 0x16, 0x16, 0x15, 0x14, 0x15, 0x16, 0x19, 0x1B, 0x19, 0x19, 0x16, 0x15, 0x16, 0x16, 0x19, 0x1B, 0x1B, 0x1B, 0x19, 0x19, 0x14, 0x16, 0x16, 0x1B, 0x1F, 0x19, 0x1B, 0x19, 0x19, 0x1B, 0x1B, 0x1B, 0x1B, 0x1B, 0x1B, 0x1B, 0x19, 0x15, 0x16, 0x1B, 0x1F, 0x19, 0x19, 0x1B, 0x1B, 0x1B, 0x1B, 0x1F, 0x1F, 0x1F, 0x1F, 0x1F, 0x1B, 0x15, 0x16, 0x1B, 0x1F, 0x19, 0x19, 0x19, 0x1F, 0x1F, 0x1F, 0x1F, 0x19, 0x19, 0x19, 0x19, 0x15, 0x16, 0x19, 0x1B, 0x1F, 0x19, 0x19, 0x19, 0x19, 0x19, 0x19, 0x19, 0x19, 0x19, 0x19, 0x19, 0x14, 0x16, 0x1B, 0x1B, 0x1F, 0x19, 0x19, 0x19, 0x19, 0x19, 0x16, 0x16, 0x16, 0x19, 0x19, 0x14, 0x15, 0x19, 0x1B, 0x1B, 0x1F, 0x19, 0x19, 0x19, 0x19, 0x16, 0x15, 0x14, 0x14, 0x14, 0x14, 0x15, 0x16, 0x1B, 0x1B, 0x1B, 0x1F, 0x19, 0x19, 0x19, 0x19, 0x1B, 0x16, 0x16, 0x16, 0x16, 0x15, 0x14, 0x16, 0x1B, 0x1B, 0x1F, 0x1F, 0x19, 0x19, 0x19, 0x19, 0x1B, 0x1B, 0x1B, 0x1B, 0x1B, 0x16, 0x14, 0x15, 0x1B, 0x1B, 0x1F, 0x19, 0x19, 0x19, 0x19, 0x19, 0x19, 0x1F, 0x1F, 0x1B, 0x1B, 0x1B, 0x15, 0x14, 0x19, 0x1B, 0x1B, 0x19, 0x19, 0x19, 0x19, 0x19, 0x19, 0x19, 0x19, 0x19, 0x1F, 0x1F, 0x1B, 0x14, 0x16, 0x1B, 0x1B, 0x1F, 0x19, 0x19, 0x19, 0x19, 0x19, 0x19, 0x19, 0x19, 0x19, 0x19, 0x19, 0x14, 0x15, 0x19, 0x1B, 0x1F, 0x19, 0x15, 0x14, 0x14, 0x15, 0x19, 0x19, 0x19, 0x19, 0x19, 0x19, 0x14, 0x15, 0x19, 0x1B, 0x1F, 0x19, 0x14, 0x15, 0x15, 0x14, 0x15, 0x16, 0x19, 0x19, 0x19, 0x14, 0x15, 0x16, 0x1B, 0x1B, 0x1F, 0x19, 0x19, 0x16, 0x16, 0x15, 0x14, 0x14, 0x14, 0x14, 0x14, 0x15, 0x16, 0x19, 0x1B, 0x1B, 0x1F, 0x19, 0x1B, 0x19, 0x16, 0x16, 0x16, 0x16, 0x16, 0x16, 0x16, 0x19, 0x1B, 0x1B, 0x1B, 0x1B, 0x1F, 0x19, 0x19, 0x1B, 0x1B, 0x1B, 0x1B, 0x1B, 0x1B, 0x1B, 0x1B, 0x1B, 0x1B, 0x1B, 0x1B, 0x1F, 0x1F, 0x19, 0x19, 0x19, 0x1B, 0x1B, 0x1B, 0x1B, 0x1B, 0x1B, 0x1B, 0x1B, 0x1B, 0x1F, 0x1F, 0x1F, 0x19, 0x19, 0x19, 0x19, 0x19, 0x1F, 0x1F, 0x1F, 0x1F, 0x1F, 0x1F, 0x1F, 0x1F, 0x1F, 0x19, 0x19, 0x19, 0x10, 0x00, 0x16, 0x00, 0x00, 0x00, 0x00, 0x00, 0x19, 0x19, 0x19, 0x19, 0x19, 0x19, 0x19, 0x19, 0x19, 0x19, 0x19, 0x19, 0x19, 0x19, 0x19, 0x19, 0x19, 0x19, 0x19, 0x15, 0x16, 0x16, 0x19, 0x19, 0x19, 0x19, 0x19, 0x15, 0x15, 0x16, 0x19, 0x19, 0x19, 0x19, 0x19, 0x14, 0x16, 0x16, 0x1B, 0x1F, 0x19, 0x19, 0x19, 0x14, 0x16, 0x16, 0x1B, 0x1F, 0x19, 0x19, 0x16, 0x14, 0x16, 0x19, 0x1B, 0x1F, 0x19, 0x19, 0x19, 0x14, 0x16, 0x19, 0x1B, 0x1F, 0x19, 0x19, 0x15, 0x14, 0x16, 0x1B, 0x1B, 0x1F, 0x19, 0x19, 0x19, 0x14, 0x16, 0x1B, 0x1B, 0x1F, 0x19, 0x19, 0x14, 0x15, 0x19, 0x1B, 0x1B, 0x1F, 0x19, 0x19, 0x14, 0x14, 0x16, 0x1B, 0x1B, 0x1F, 0x19, 0x19, 0x14, 0x16, 0x1B, 0x1B, 0x1F, 0x1F, 0x19, 0x19, 0x14, 0x14, 0x19, 0x1B, 0x1F, 0x1F, 0x19, 0x16, 0x14, 0x16, 0x1B, 0x1B, 0x1F, 0x19, 0x19, 0x19, 0x14, 0x14, 0x1B, 0x1B, 0x1F, 0x19, 0x19, 0x15, 0x14, 0x19, 0x1B, 0x1F, 0x1F, 0x19, 0x19, 0x19, 0x14, 0x14, 0x1B, 0x1B, 0x1F, 0x19, 0x19, 0x14, 0x14, 0x16, 0x1B, 0x1F, 0x38, 0x14, 0x14, 0x14, 0x15, 0x14, 0x1B, 0x1B, 0x1B, 0x19, 0x19, 0x14, 0x15, 0x16, 0x19, 0x14, 0x14, 0x15, 0x16, 0x16, 0x14, 0x15, 0x1B, 0x1B, 0x1B, 0x1F, 0x19, 0x19, 0x14, 0x14, 0x14, 0x15, 0x19, 0x1B, 0x1B, 0x19, 0x14, 0x16, 0x1B, 0x1B, 0x1B, 0x1F, 0x19, 0x19, 0x19, 0x19, 0x19, 0x19, 0x1B, 0x1B, 0x1B, 0x1B, 0x14, 0x16, 0x19, 0x1B, 0x1B, 0x1F, 0x19, 0x19, 0x19, 0x1B, 0x1B, 0x1B, 0x1B, 0x1F, 0x1F, 0x1F, 0x14, 0x16, 0x1B, 0x1B, 0x1F, 0x1F, 0x19, 0x19, 0x19, 0x19, 0x1F, 0x1F, 0x1F, 0x1F, 0x19, 0x19, 0x14, 0x16, 0x1B, 0x1B, 0x1F, 0x19, 0x19, 0x19, 0x19, 0x19, 0x19, 0x19, 0x19, 0x19, 0x19, 0x14, 0x15, 0x16, 0x1B, 0x1B, 0x1F, 0x19, 0x19, 0x19, 0x19, 0x19, 0x19, 0x19, 0x19, 0x19, 0x19, 0x14, 0x16, 0x19, 0x1B, 0x1B, 0x1F, 0x19, 0x19, 0x19, 0x19, 0x19, 0x19, 0x19, 0x19, 0x19, 0x19, 0x14, 0x16, 0x1B, 0x1B, 0x1F, 0x1F, 0x19, 0x19, 0x19, 0x19, 0x19, 0x19, 0x19, 0x19, 0x19, 0x19, 0x15, 0x16, 0x1B, 0x1B, 0x1F, 0x19, 0x19, 0x19, 0x19, 0x19, 0x19, 0x19, 0x19, 0x19, 0x19, 0x19, 0x16, 0x19, 0x1B, 0x1B, 0x1F, 0x19, 0x19, 0x19, 0x19, 0x19, 0x19, 0x19, 0x19, 0x19, 0x19, 0x19, 0x19, 0x1B, 0x1B, 0x1B, 0x1F, 0x19, 0x19, 0x19, 0x19, 0x19, 0x19, 0x19, 0x19, 0x19, 0x19, 0x19, 0x19, 0x1F, 0x1F, 0x1F, 0x1F, 0x19, 0x19, 0x10, 0x00, 0x16, 0x00, 0x00, 0x00, 0x00, 0x00, 0x19, 0x19, 0x19, 0x19, 0x19, 0x19, 0x19, 0x19, 0x19, 0x19, 0x19, 0x19, 0x19, 0x19, 0x19, 0x19, 0x19, 0x19, 0x19, 0x19, 0x19, 0x19, 0x19, 0x15, 0x14, 0x14, 0x14, 0x15, 0x16, 0x19, 0x19, 0x19, 0x19, 0x16, 0x14, 0x14, 0x14, 0x14, 0x15, 0x15, 0x16, 0x16, 0x16, 0x16, 0x19, 0x1B, 0x1B, 0x1F, 0x19, 0x15, 0x14, 0x15, 0x16, 0x16, 0x16, 0x19, 0x1B, 0x1B, 0x1B, 0x1B, 0x1B, 0x1B, 0x1B, 0x1F, 0x19, 0x14, 0x15, 0x16, 0x19, 0x1B, 0x1B, 0x1B, 0x1B, 0x1B, 0x1B, 0x1F, 0x1F, 0x1F, 0x1F, 0x1F, 0x19, 0x14, 0x16, 0x16, 0x1B, 0x1B, 0x1F, 0x1F, 0x1F, 0x1F, 0x1F, 0x1F, 0x19, 0x19, 0x19, 0x19, 0x19, 0x14, 0x15, 0x16, 0x19, 0x1F, 0x1F, 0x19, 0x19, 0x19, 0x19, 0x19, 0x19, 0x19, 0x19, 0x19, 0x19, 0x15, 0x14, 0x14, 0x14, 0x14, 0x15, 0x19, 0x19, 0x19, 0x19, 0x19, 0x19, 0x19, 0x19, 0x19, 0x19, 0x19, 0x16, 0x16, 0x16, 0x16, 0x15, 0x15, 0x14, 0x14, 0x15, 0x19, 0x1B, 0x19, 0x19, 0x19, 0x19, 0x19, 0x19, 0x16, 0x16, 0x16, 0x16, 0x16, 0x16, 0x15, 0x14, 0x15, 0x19, 0x1B, 0x19, 0x19, 0x19, 0x19, 0x1B, 0x1B, 0x1B, 0x1B, 0x1B, 0x1B, 0x1B, 0x19, 0x16, 0x14, 0x16, 0x19, 0x1B, 0x19, 0x19, 0x19, 0x19, 0x1F, 0x1F, 0x1F, 0x1B, 0x1B, 0x1B, 0x1B, 0x1B, 0x14, 0x16, 0x16, 0x1B, 0x1F, 0x19, 0x19, 0x19, 0x19, 0x19, 0x19, 0x19, 0x1F, 0x1F, 0x1F, 0x19, 0x14, 0x16, 0x16, 0x1B, 0x1F, 0x19, 0x19, 0x19, 0x19, 0x19, 0x19, 0x19, 0x19, 0x19, 0x19, 0x19, 0x14, 0x15, 0x19, 0x1B, 0x1F, 0x19, 0x19, 0x14, 0x14, 0x14, 0x19, 0x19, 0x19, 0x19, 0x19, 0x19, 0x14, 0x15, 0x1B, 0x1B, 0x1F, 0x19, 0x14, 0x15, 0x15, 0x14, 0x1F, 0x19, 0x19, 0x19, 0x19, 0x19, 0x14, 0x16, 0x1B, 0x1B, 0x1F, 0x19, 0x14, 0x16, 0x16, 0x14, 0x1F, 0x19, 0x19, 0x19, 0x14, 0x14, 0x15, 0x19, 0x1B, 0x1B, 0x1F, 0x19, 0x15, 0x16, 0x16, 0x15, 0x14, 0x14, 0x14, 0x14, 0x15, 0x19, 0x1B, 0x1B, 0x1B, 0x1B, 0x1F, 0x19, 0x16, 0x16, 0x16, 0x16, 0x16, 0x16, 0x16, 0x16, 0x19, 0x1B, 0x1B, 0x1B, 0x1B, 0x1B, 0x1F, 0x19, 0x19, 0x19, 0x19, 0x1B, 0x1B, 0x1B, 0x1B, 0x1B, 0x1B, 0x1B, 0x1B, 0x1B, 0x1B, 0x1F, 0x1F, 0x19, 0x19, 0x1B, 0x1B, 0x1B, 0x1B, 0x1B, 0x1B, 0x1B, 0x1B, 0x1B, 0x1B, 0x1F, 0x1F, 0x1F, 0x19, 0x19, 0x19, 0x19, 0x1F, 0x1F, 0x1F, 0x1F, 0x1F, 0x1F, 0x1F, 0x1F, 0x1F, 0x1F, 0x19, 0x19, 0x19, 0x10, 0x00, 0x16, 0x00, 0x00, 0x00, 0x00, 0x00, 0x19, 0x19, 0x19, 0x19, 0x19, 0x19, 0x19, 0x19, 0x19, 0x19, 0x19, 0x19, 0x19, 0x19, 0x19, 0x19, 0x19, 0x19, 0x19, 0x19, 0x15, 0x14, 0x14, 0x14, 0x14, 0x14, 0x14, 0x14, 0x14, 0x15, 0x19, 0x19, 0x19, 0x19, 0x19, 0x15, 0x14, 0x15, 0x15, 0x16, 0x16, 0x16, 0x16, 0x16, 0x15, 0x14, 0x15, 0x19, 0x19, 0x19, 0x15, 0x14, 0x15, 0x16, 0x19, 0x1B, 0x1B, 0x1B, 0x1B, 0x1B, 0x19, 0x16, 0x14, 0x1F, 0x19, 0x19, 0x14, 0x15, 0x19, 0x1B, 0x1B, 0x1B, 0x1B, 0x1B, 0x1B, 0x1B, 0x1B, 0x19, 0x15, 0x1F, 0x19, 0x19, 0x14, 0x16, 0x1B, 0x1B, 0x1B, 0x1F, 0x1F, 0x1F, 0x1F, 0x1B, 0x1B, 0x1B, 0x19, 0x1F, 0x19, 0x19, 0x14, 0x16, 0x1B, 0x1B, 0x1F, 0x1F, 0x19, 0x19, 0x19, 0x19, 0x1F, 0x1F, 0x1F, 0x1F, 0x19, 0x19, 0x15, 0x16, 0x19, 0x1B, 0x1F, 0x19, 0x19, 0x19, 0x19, 0x19, 0x19, 0x19, 0x19, 0x19, 0x19, 0x15, 0x16, 0x16, 0x15, 0x14, 0x14, 0x14, 0x14, 0x14, 0x14, 0x14, 0x19, 0x19, 0x19, 0x19, 0x19, 0x14, 0x16, 0x16, 0x16, 0x16, 0x16, 0x16, 0x16, 0x16, 0x16, 0x15, 0x14, 0x19, 0x19, 0x19, 0x19, 0x14, 0x16, 0x16, 0x19, 0x1B, 0x1B, 0x1B, 0x1B, 0x19, 0x16, 0x16, 0x14, 0x19, 0x1B, 0x19, 0x19, 0x14, 0x16, 0x19, 0x1B, 0x1B, 0x1B, 0x1B, 0x1B, 0x1B, 0x19, 0x15, 0x14, 0x16, 0x1B, 0x1F, 0x19, 0x14, 0x16, 0x1B, 0x1B, 0x1B, 0x1F, 0x1F, 0x1F, 0x1F, 0x1B, 0x14, 0x15, 0x16, 0x1B, 0x1F, 0x19, 0x14, 0x16, 0x1B, 0x1B, 0x1F, 0x1F, 0x19, 0x19, 0x19, 0x19, 0x14, 0x15, 0x19, 0x1B, 0x1F, 0x19, 0x14, 0x16, 0x19, 0x1B, 0x1F, 0x19, 0x19, 0x19, 0x19, 0x19, 0x14, 0x15, 0x1B, 0x1B, 0x1F, 0x19, 0x14, 0x16, 0x16, 0x1B, 0x1B, 0x19, 0x19, 0x19, 0x19, 0x19, 0x14, 0x16, 0x1B, 0x1B, 0x1F, 0x19, 0x14, 0x16, 0x16, 0x19, 0x1B, 0x1F, 0x19, 0x19, 0x19, 0x14, 0x15, 0x19, 0x1B, 0x1B, 0x1F, 0x19, 0x14, 0x15, 0x16, 0x16, 0x16, 0x15, 0x14, 0x14, 0x14, 0x15, 0x19, 0x1B, 0x1B, 0x1B, 0x1F, 0x19, 0x19, 0x14, 0x14, 0x14, 0x14, 0x14, 0x15, 0x16, 0x19, 0x1B, 0x1B, 0x1B, 0x1B, 0x1B, 0x1F, 0x19, 0x19, 0x19, 0x19, 0x16, 0x16, 0x19, 0x1B, 0x1B, 0x1B, 0x1B, 0x1B, 0x1B, 0x1B, 0x1B, 0x1F, 0x19, 0x19, 0x19, 0x1B, 0x1B, 0x1B, 0x1B, 0x1B, 0x1B, 0x1B, 0x1B, 0x1B, 0x1B, 0x1B, 0x1F, 0x1F, 0x19, 0x19, 0x19, 0x19, 0x1F, 0x1F, 0x1F, 0x1F, 0x1F, 0x1F, 0x1F, 0x1F, 0x1F, 0x1F, 0x1F, 0x19, 0x10, 0x00, 0x16, 0x00, 0x00, 0x00, 0x00, 0x00, 0x19, 0x19, 0x19, 0x19, 0x19, 0x19, 0x19, 0x19, 0x19, 0x19, 0x19, 0x19, 0x19, 0x19, 0x19, 0x19, 0x19, 0x19, 0x19, 0x19, 0x19, 0x19, 0x15, 0x14, 0x14, 0x14, 0x14, 0x14, 0x15, 0x16, 0x19, 0x19, 0x19, 0x14, 0x14, 0x14, 0x15, 0x15, 0x16, 0x16, 0x16, 0x16, 0x16, 0x15, 0x14, 0x16, 0x1B, 0x1F, 0x19, 0x14, 0x16, 0x16, 0x16, 0x16, 0x16, 0x19, 0x1B, 0x1B, 0x1B, 0x16, 0x14, 0x16, 0x1B, 0x1F, 0x19, 0x15, 0x16, 0x19, 0x1B, 0x1B, 0x1B, 0x1B, 0x1B, 0x1B, 0x1B, 0x19, 0x14, 0x16, 0x1B, 0x1F, 0x19, 0x19, 0x1B, 0x1B, 0x1B, 0x1B, 0x1B, 0x1F, 0x1F, 0x1F, 0x1F, 0x14, 0x14, 0x19, 0x1B, 0x1F, 0x19, 0x19, 0x1F, 0x1F, 0x1F, 0x1F, 0x1F, 0x1F, 0x19, 0x19, 0x19, 0x14, 0x15, 0x1B, 0x1B, 0x1F, 0x19, 0x19, 0x19, 0x19, 0x19, 0x19, 0x19, 0x19, 0x19, 0x19, 0x19, 0x14, 0x16, 0x1B, 0x1B, 0x1F, 0x19, 0x19, 0x19, 0x19, 0x19, 0x19, 0x19, 0x19, 0x19, 0x19, 0x19, 0x14, 0x16, 0x1B, 0x1B, 0x1F, 0x19, 0x19, 0x19, 0x19, 0x19, 0x19, 0x19, 0x19, 0x19, 0x14, 0x14, 0x15, 0x19, 0x1B, 0x1B, 0x1F, 0x19, 0x19, 0x19, 0x19, 0x19, 0x19, 0x19, 0x14, 0x14, 0x15, 0x16, 0x19, 0x1B, 0x1B, 0x1B, 0x1F, 0x19, 0x19, 0x19, 0x19, 0x19, 0x15, 0x14, 0x15, 0x15, 0x19, 0x1B, 0x1B, 0x1B, 0x1B, 0x1F, 0x1F, 0x19, 0x19, 0x19, 0x19, 0x19, 0x14, 0x15, 0x19, 0x1B, 0x1B, 0x1B, 0x1B, 0x1F, 0x1F, 0x1F, 0x19, 0x19, 0x19, 0x19, 0x19, 0x19, 0x14, 0x16, 0x1B, 0x1B, 0x1B, 0x1F, 0x1F, 0x1F, 0x19, 0x19, 0x19, 0x19, 0x19, 0x19, 0x19, 0x19, 0x14, 0x16, 0x1B, 0x1B, 0x1F, 0x1F, 0x19, 0x19, 0x19, 0x19, 0x19, 0x19, 0x19, 0x19, 0x19, 0x19, 0x15, 0x19, 0x1B, 0x1B, 0x1F, 0x19, 0x19, 0x19, 0x19, 0x19, 0x19, 0x19, 0x19, 0x19, 0x19, 0x15, 0x16, 0x1B, 0x1B, 0x1F, 0x1F, 0x19, 0x19, 0x19, 0x19, 0x19, 0x19, 0x19, 0x19, 0x19, 0x19, 0x14, 0x16, 0x1B, 0x1B, 0x1F, 0x19, 0x19, 0x19, 0x19, 0x19, 0x19, 0x19, 0x19, 0x19, 0x19, 0x19, 0x16, 0x19, 0x1B, 0x1B, 0x1F, 0x19, 0x19, 0x19, 0x19, 0x19, 0x19, 0x19, 0x19, 0x19, 0x19, 0x19, 0x19, 0x1B, 0x1B, 0x1B, 0x1F, 0x19, 0x19, 0x19, 0x19, 0x19, 0x19, 0x19, 0x19, 0x19, 0x19, 0x19, 0x19, 0x1B, 0x1B, 0x1B, 0x1F, 0x19, 0x19, 0x19, 0x19, 0x19, 0x19, 0x19, 0x19, 0x19, 0x19, 0x19, 0x19, 0x1F, 0x1F, 0x1F, 0x1F, 0x19, 0x19, 0x19, 0x19, 0x19, 0x19, 0x19, 0x10, 0x00, 0x16, 0x00, 0x00, 0x00, 0x00, 0x00, 0x19, 0x19, 0x19, 0x19, 0x19, 0x19, 0x19, 0x19, 0x19, 0x19, 0x19, 0x19, 0x19, 0x19, 0x19, 0x19, 0x19, 0x19, 0x14, 0x14, 0x14, 0x14, 0x14, 0x14, 0x14, 0x14, 0x14, 0x19, 0x19, 0x19, 0x19, 0x19, 0x19, 0x14, 0x14, 0x15, 0x16, 0x16, 0x16, 0x16, 0x16, 0x16, 0x15, 0x14, 0x16, 0x19, 0x19, 0x19, 0x19, 0x14, 0x15, 0x19, 0x1B, 0x1B, 0x1B, 0x1B, 0x19, 0x16, 0x16, 0x16, 0x15, 0x19, 0x1B, 0x19, 0x19, 0x14, 0x16, 0x1B, 0x1B, 0x1B, 0x1B, 0x1B, 0x1B, 0x1B, 0x19, 0x16, 0x16, 0x19, 0x1B, 0x1F, 0x19, 0x14, 0x16, 0x1B, 0x1B, 0x1F, 0x1F, 0x1F, 0x1F, 0x1F, 0x1B, 0x15, 0x16, 0x1B, 0x1B, 0x1F, 0x19, 0x14, 0x16, 0x19, 0x1B, 0x1F, 0x19, 0x19, 0x19, 0x19, 0x19, 0x14, 0x16, 0x1B, 0x1B, 0x1F, 0x19, 0x14, 0x15, 0x16, 0x19, 0x1B, 0x19, 0x19, 0x19, 0x19, 0x19, 0x14, 0x19, 0x1B, 0x1B, 0x1F, 0x19, 0x14, 0x14, 0x15, 0x16, 0x15, 0x14, 0x14, 0x14, 0x14, 0x14, 0x15, 0x1B, 0x1B, 0x1B, 0x1F, 0x19, 0x19, 0x14, 0x14, 0x16, 0x16, 0x15, 0x15, 0x15, 0x15, 0x16, 0x16, 0x1B, 0x1B, 0x1F, 0x1F, 0x19, 0x19, 0x19, 0x14, 0x15, 0x16, 0x16, 0x16, 0x16, 0x16, 0x16, 0x16, 0x1B, 0x1B, 0x1F, 0x19, 0x19, 0x19, 0x15, 0x14, 0x19, 0x1B, 0x1B, 0x1B, 0x1B, 0x1B, 0x19, 0x16, 0x1B, 0x1B, 0x1B, 0x19, 0x19, 0x19, 0x14, 0x14, 0x1B, 0x1B, 0x1B, 0x1F, 0x1F, 0x1F, 0x1B, 0x16, 0x19, 0x1B, 0x1B, 0x1F, 0x19, 0x15, 0x14, 0x15, 0x1B, 0x1B, 0x1F, 0x1F, 0x19, 0x19, 0x19, 0x15, 0x16, 0x1B, 0x1B, 0x1F, 0x19, 0x14, 0x14, 0x16, 0x1B, 0x1F, 0x1F, 0x19, 0x19, 0x19, 0x19, 0x14, 0x16, 0x1B, 0x1B, 0x1F, 0x19, 0x14, 0x15, 0x16, 0x1B, 0x1F, 0x19, 0x19, 0x19, 0x19, 0x19, 0x15, 0x19, 0x1B, 0x1B, 0x1F, 0x19, 0x14, 0x16, 0x16, 0x19, 0x1B, 0x19, 0x19, 0x19, 0x19, 0x14, 0x16, 0x1B, 0x1B, 0x1B, 0x1F, 0x19, 0x15, 0x16, 0x16, 0x16, 0x16, 0x15, 0x14, 0x14, 0x14, 0x15, 0x19, 0x1B, 0x1B, 0x1B, 0x1F, 0x19, 0x19, 0x16, 0x16, 0x16, 0x16, 0x16, 0x16, 0x16, 0x16, 0x19, 0x1B, 0x1B, 0x1B, 0x1F, 0x1F, 0x19, 0x19, 0x1B, 0x19, 0x16, 0x19, 0x1B, 0x1B, 0x1B, 0x1B, 0x1B, 0x1B, 0x1B, 0x1B, 0x1F, 0x19, 0x19, 0x19, 0x19, 0x1B, 0x1B, 0x1B, 0x1B, 0x1B, 0x1B, 0x1B, 0x1B, 0x1B, 0x1B, 0x1F, 0x1F, 0x19, 0x19, 0x19, 0x19, 0x19, 0x1F, 0x1F, 0x1F, 0x1F, 0x1F, 0x1F, 0x1F, 0x1F, 0x1F, 0x1F, 0x19, 0x19, 0x10, 0x00, 0x16, 0x00, 0x00, 0x00, 0x00, 0x00, 0x19, 0x19, 0x19, 0x19, 0x19, 0x19, 0x19, 0x19, 0x19, 0x19, 0x19, 0x19, 0x19, 0x19, 0x19, 0x19, 0x19, 0x19, 0x19, 0x14, 0x14, 0x14, 0x14, 0x14, 0x14, 0x14, 0x14, 0x14, 0x15, 0x19, 0x19, 0x19, 0x19, 0x19, 0x14, 0x14, 0x15, 0x16, 0x16, 0x16, 0x16, 0x16, 0x16, 0x16, 0x16, 0x16, 0x19, 0x19, 0x19, 0x19, 0x14, 0x15, 0x19, 0x1B, 0x1B, 0x1B, 0x1B, 0x19, 0x16, 0x16, 0x16, 0x16, 0x1B, 0x1F, 0x19, 0x14, 0x14, 0x16, 0x1B, 0x1B, 0x1B, 0x1B, 0x1B, 0x1B, 0x19, 0x15, 0x16, 0x16, 0x1B, 0x1F, 0x19, 0x14, 0x15, 0x16, 0x1B, 0x1B, 0x1F, 0x1F, 0x1F, 0x1F, 0x1B, 0x15, 0x16, 0x16, 0x1B, 0x1F, 0x19, 0x14, 0x16, 0x16, 0x1B, 0x1B, 0x1F, 0x19, 0x19, 0x19, 0x19, 0x14, 0x16, 0x16, 0x1B, 0x1F, 0x19, 0x14, 0x16, 0x16, 0x1B, 0x1F, 0x1F, 0x19, 0x19, 0x19, 0x19, 0x14, 0x16, 0x19, 0x1B, 0x1F, 0x19, 0x15, 0x16, 0x16, 0x19, 0x1B, 0x19, 0x19, 0x19, 0x19, 0x19, 0x14, 0x16, 0x1B, 0x1B, 0x1F, 0x19, 0x19, 0x16, 0x16, 0x16, 0x15, 0x14, 0x14, 0x14, 0x14, 0x14, 0x15, 0x16, 0x1B, 0x1B, 0x1F, 0x19, 0x1B, 0x19, 0x16, 0x16, 0x16, 0x19, 0x1B, 0x1B, 0x1B, 0x14, 0x16, 0x16, 0x1B, 0x1B, 0x1F, 0x19, 0x19, 0x1B, 0x1B, 0x1B, 0x1B, 0x1B, 0x1B, 0x1B, 0x1B, 0x14, 0x16, 0x19, 0x1B, 0x1F, 0x1F, 0x19, 0x19, 0x19, 0x1F, 0x1B, 0x1B, 0x1B, 0x1B, 0x1B, 0x1B, 0x14, 0x16, 0x1B, 0x1B, 0x1F, 0x19, 0x19, 0x19, 0x19, 0x19, 0x19, 0x1F, 0x1F, 0x1F, 0x1F, 0x1F, 0x15, 0x16, 0x1B, 0x1B, 0x1F, 0x19, 0x19, 0x19, 0x19, 0x19, 0x19, 0x19, 0x19, 0x19, 0x19, 0x19, 0x16, 0x16, 0x1B, 0x1B, 0x1F, 0x19, 0x19, 0x19, 0x19, 0x19, 0x19, 0x19, 0x19, 0x19, 0x19, 0x19, 0x16, 0x19, 0x1B, 0x1B, 0x1F, 0x19, 0x19, 0x19, 0x19, 0x19, 0x19, 0x19, 0x19, 0x19, 0x19, 0x15, 0x16, 0x1B, 0x1B, 0x1B, 0x1F, 0x19, 0x19, 0x19, 0x19, 0x19, 0x19, 0x19, 0x19, 0x19, 0x19, 0x15, 0x16, 0x1B, 0x1B, 0x1F, 0x1F, 0x19, 0x19, 0x19, 0x19, 0x19, 0x19, 0x19, 0x19, 0x19, 0x19, 0x14, 0x16, 0x1B, 0x1B, 0x1F, 0x19, 0x19, 0x19, 0x19, 0x19, 0x19, 0x19, 0x19, 0x19, 0x19, 0x19, 0x16, 0x19, 0x1B, 0x1B, 0x1F, 0x19, 0x19, 0x19, 0x19, 0x19, 0x19, 0x19, 0x19, 0x19, 0x19, 0x19, 0x19, 0x1B, 0x1B, 0x1B, 0x1F, 0x19, 0x19, 0x19, 0x19, 0x19, 0x19, 0x19, 0x19, 0x19, 0x19, 0x19, 0x19, 0x1F, 0x1F, 0x1F, 0x1F, 0x19, 0x19
//};
//char objects_gob[] = {
//	0x50, 0x00, 0x42, 0x01, 0x00, 0x00, 0xC1, 0x01, 0x00, 0x00, 0x51, 0x02, 0x00, 0x00, 0x25, 0x03, 0x00, 0x00, 0xD7, 0x03, 0x00, 0x00, 0x67, 0x04, 0x00, 0x00, 0xE6, 0x04, 0x00, 0x00, 0x36, 0x05, 0x00, 0x00, 0xBE, 0x05, 0x00, 0x00, 0x8E, 0x06, 0x00, 0x00, 0x93, 0x07, 0x00, 0x00, 0xC7, 0x08, 0x00, 0x00, 0xF8, 0x09, 0x00, 0x00, 0x22, 0x0B, 0x00, 0x00, 0xFC, 0x0B, 0x00, 0x00, 0x78, 0x0C, 0x00, 0x00, 0x84, 0x0C, 0x00, 0x00, 0x9C, 0x0C, 0x00, 0x00, 0xBD, 0x0C, 0x00, 0x00, 0xDE, 0x0C, 0x00, 0x00, 0xFF, 0x0C, 0x00, 0x00, 0x2A, 0x0D, 0x00, 0x00, 0x52, 0x0D, 0x00, 0x00, 0x75, 0x0D, 0x00, 0x00, 0x95, 0x0D, 0x00, 0x00, 0xBD, 0x0D, 0x00, 0x00, 0xE8, 0x0D, 0x00, 0x00, 0x13, 0x0E, 0x00, 0x00, 0x3B, 0x0E, 0x00, 0x00, 0x5E, 0x0E, 0x00, 0x00, 0x7E, 0x0E, 0x00, 0x00, 0xA6, 0x0E, 0x00, 0x00, 0xD1, 0x0E, 0x00, 0x00, 0xFC, 0x0E, 0x00, 0x00, 0x24, 0x0F, 0x00, 0x00, 0x47, 0x0F, 0x00, 0x00, 0x67, 0x0F, 0x00, 0x00, 0x8F, 0x0F, 0x00, 0x00, 0xBA, 0x0F, 0x00, 0x00, 0xE5, 0x0F, 0x00, 0x00, 0x0D, 0x10, 0x00, 0x00, 0x30, 0x10, 0x00, 0x00, 0x50, 0x10, 0x00, 0x00, 0x78, 0x10, 0x00, 0x00, 0xA3, 0x10, 0x00, 0x00, 0xC3, 0x10, 0x00, 0x00, 0xE9, 0x10, 0x00, 0x00, 0x09, 0x11, 0x00, 0x00, 0x2F, 0x11, 0x00, 0x00, 0x4F, 0x11, 0x00, 0x00, 0x75, 0x11, 0x00, 0x00, 0x95, 0x11, 0x00, 0x00, 0xBB, 0x11, 0x00, 0x00, 0xDB, 0x11, 0x00, 0x00, 0x01, 0x12, 0x00, 0x00, 0x21, 0x12, 0x00, 0x00, 0x47, 0x12, 0x00, 0x00, 0x67, 0x12, 0x00, 0x00, 0x8D, 0x12, 0x00, 0x00, 0xAD, 0x12, 0x00, 0x00, 0xD3, 0x12, 0x00, 0x00, 0xF3, 0x12, 0x00, 0x00, 0x19, 0x13, 0x00, 0x00, 0x39, 0x13, 0x00, 0x00, 0x5F, 0x13, 0x00, 0x00, 0x7F, 0x13, 0x00, 0x00, 0xA5, 0x13, 0x00, 0x00, 0xC5, 0x13, 0x00, 0x00, 0xEB, 0x13, 0x00, 0x00, 0x0B, 0x14, 0x00, 0x00, 0x31, 0x14, 0x00, 0x00, 0x51, 0x14, 0x00, 0x00, 0x77, 0x14, 0x00, 0x00, 0x97, 0x14, 0x00, 0x00, 0xBD, 0x14, 0x00, 0x00, 0xDD, 0x14, 0x00, 0x00, 0x03, 0x15, 0x00, 0x00, 0x1F, 0x15, 0x00, 0x00, 0x37, 0x15, 0x00, 0x00, 0x45, 0x15, 0x00, 0x00, 0x11, 0x00, 0x07, 0x00, 0x00, 0x00, 0x03, 0x00, 0x00, 0x00, 0x00, 0x00, 0x00, 0x00, 0x00, 0x00, 0x00, 0x00, 0x00, 0x00, 0x00, 0x00, 0x00, 0x00, 0x00, 0x00, 0x00, 0x00, 0x00, 0x00, 0x00, 0x00, 0x00, 0x00, 0x00, 0x00, 0x00, 0x00, 0x00, 0x00, 0x00, 0x00, 0x00, 0x00, 0x46, 0x46, 0x46, 0x46, 0x46, 0x46, 0x46, 0x48, 0x48, 0x48, 0x48, 0x48, 0x00, 0x00, 0x00, 0x46, 0x46, 0x4A, 0x4A, 0x4A, 0x4A, 0x4A, 0x48, 0x48, 0x48, 0x49, 0x4A, 0x4A, 0x4A, 0x49, 0x4A, 0x00, 0x49, 0x49, 0x49, 0x48, 0x48, 0x46, 0x46, 0x46, 0x45, 0x45, 0x45, 0x46, 0x46, 0x47, 0x4C, 0x4D, 0x00, 0x00, 0x00, 0x49, 0x49, 0x4B, 0x4B, 0x4B, 0x4B, 0x4B, 0x4D, 0x4E, 0x4E, 0x4F, 0x4E, 0x00, 0x00, 0x00, 0x00, 0x00, 0x00, 0x00, 0x00, 0x16, 0x16, 0x18, 0x18, 0x19, 0x1A, 0x00, 0x00, 0x00, 0x00, 0x00, 0x00, 0x11, 0x00, 0x08, 0x00, 0x00, 0x00, 0x04, 0x00, 0x00, 0x00, 0x46, 0x46, 0x46, 0x46, 0x46, 0x46, 0x46, 0x48, 0x48, 0x48, 0x48, 0x48, 0x00, 0x00, 0x00, 0x46, 0x46, 0x4A, 0x4A, 0x4A, 0x4A, 0x4A, 0x48, 0x48, 0x48, 0x49, 0x4A, 0x4A, 0x4A, 0x49, 0x4A, 0x00, 0x49, 0x49, 0x49, 0x48, 0x48, 0x46, 0x46, 0x46, 0x45, 0x45, 0x45, 0x46, 0x46, 0x47, 0x4C, 0x4D, 0x00, 0x00, 0x00, 0x49, 0x49, 0x4B, 0x4B, 0x4B, 0x4B, 0x4B, 0x4D, 0x4E, 0x4E, 0x4F, 0x4E, 0x00, 0x00, 0x00, 0x00, 0x00, 0x00, 0x00, 0x00, 0x16, 0x16, 0x18, 0x18, 0x19, 0x1A, 0x00, 0x00, 0x00, 0x00, 0x00, 0x00, 0x00, 0x00, 0x14, 0x16, 0x16, 0x18, 0x19, 0x1A, 0x1B, 0x1B, 0x00, 0x00, 0x00, 0x00, 0x00, 0x00, 0x00, 0x00, 0x16, 0x18, 0x18, 0x18, 0x19, 0x1B, 0x00, 0x00, 0x00, 0x00, 0x00, 0x00, 0x00, 0x00, 0x00, 0x00, 0x00, 0x00, 0x19, 0x1B, 0x1A, 0x19, 0x18, 0x18, 0x18, 0x18, 0x18, 0x00, 0x00, 0x00, 0x00, 0x00, 0x00, 0x11, 0x00, 0x0C, 0x00, 0x00, 0x00, 0x08, 0x00, 0x00, 0x00, 0x46, 0x46, 0x46, 0x46, 0x46, 0x46, 0x46, 0x48, 0x48, 0x48, 0x48, 0x48, 0x00, 0x00, 0x00, 0x46, 0x46, 0x4A, 0x4A, 0x4A, 0x4A, 0x4A, 0x48, 0x48, 0x48, 0x49, 0x4A, 0x4A, 0x4A, 0x49, 0x4A, 0x00, 0x49, 0x49, 0x49, 0x48, 0x48, 0x46, 0x46, 0x46, 0x45, 0x45, 0x45, 0x46, 0x46, 0x47, 0x4C, 0x4D, 0x00, 0x00, 0x00, 0x49, 0x49, 0x4B, 0x4B, 0x4B, 0x4B, 0x4B, 0x4D, 0x4E, 0x4E, 0x4F, 0x4E, 0x00, 0x00, 0x00, 0x00, 0x00, 0x00, 0x00, 0x00, 0x16, 0x16, 0x18, 0x18, 0x19, 0x1A, 0x00, 0x00, 0x00, 0x00, 0x00, 0x00, 0x00, 0x00, 0x14, 0x16, 0x16, 0x18, 0x19, 0x1A, 0x1B, 0x1B, 0x00, 0x00, 0x00, 0x00, 0x00, 0x00, 0x00, 0x00, 0x16, 0x18, 0x18, 0x18, 0x19, 0x1B, 0x00, 0x00, 0x00, 0x00, 0x00, 0x00, 0x00, 0x00, 0x00, 0x00, 0x00, 0x00, 0x19, 0x1B, 0x1A, 0x19, 0x18, 0x18, 0x18, 0x18, 0x18, 0x00, 0x00, 0x00, 0x00, 0x00, 0x00, 0x00, 0x00, 0x00, 0x00, 0x00, 0x1A, 0x1B, 0x1B, 0x1A, 0x19, 0x18, 0x18, 0x19, 0x19, 0x00, 0x00, 0x00, 0x00, 0x00, 0x00, 0x00, 0x00, 0x00, 0x00, 0x00, 0x00, 0x16, 0x18, 0x18, 0x18, 0x19, 0x1A, 0x00, 0x00, 0x00, 0x00, 0x00, 0x00, 0x00, 0x16, 0x16, 0x16, 0x16, 0x14, 0x19, 0x1A, 0x1B, 0x1A, 0x00, 0x00, 0x00, 0x00, 0x00, 0x14, 0x16, 0x16, 0x18, 0x19, 0x1A, 0x1B, 0x1B, 0x1B, 0x00, 0x00, 0x00, 0x00, 0x00, 0x00, 0x11, 0x00, 0x0A, 0x00, 0x00, 0x00, 0x06, 0x00, 0x00, 0x00, 0x46, 0x46, 0x46, 0x46, 0x46, 0x46, 0x46, 0x48, 0x48, 0x48, 0x48, 0x48, 0x00, 0x00, 0x00, 0x46, 0x46, 0x4A, 0x4A, 0x4A, 0x4A, 0x4A, 0x48, 0x48, 0x48, 0x49, 0x4A, 0x4A, 0x4A, 0x49, 0x4A, 0x00, 0x49, 0x49, 0x49, 0x48, 0x48, 0x46, 0x46, 0x46, 0x45, 0x45, 0x45, 0x46, 0x46, 0x47, 0x4C, 0x4D, 0x00, 0x00, 0x00, 0x49, 0x49, 0x4B, 0x4B, 0x4B, 0x4B, 0x4B, 0x4D, 0x4E, 0x4E, 0x4F, 0x4E, 0x00, 0x00, 0x00, 0x00, 0x00, 0x00, 0x00, 0x00, 0x16, 0x16, 0x18, 0x18, 0x19, 0x1A, 0x00, 0x00, 0x00, 0x00, 0x00, 0x00, 0x00, 0x00, 0x14, 0x16, 0x16, 0x18, 0x19, 0x1A, 0x1B, 0x1B, 0x00, 0x00, 0x00, 0x00, 0x00, 0x00, 0x00, 0x00, 0x16, 0x18, 0x18, 0x18, 0x19, 0x1B, 0x00, 0x00, 0x00, 0x00, 0x00, 0x00, 0x00, 0x00, 0x00, 0x00, 0x00, 0x00, 0x19, 0x1B, 0x1A, 0x19, 0x18, 0x18, 0x18, 0x18, 0x18, 0x00, 0x00, 0x00, 0x00, 0x00, 0x00, 0x00, 0x00, 0x00, 0x00, 0x00, 0x1A, 0x1B, 0x1B, 0x1A, 0x19, 0x18, 0x18, 0x19, 0x19, 0x00, 0x00, 0x00, 0x00, 0x00, 0x00, 0x00, 0x00, 0x00, 0x00, 0x00, 0x00, 0x16, 0x18, 0x18, 0x18, 0x19, 0x1A, 0x00, 0x00, 0x11, 0x00, 0x08, 0x00, 0x00, 0x00, 0x04, 0x00, 0x00, 0x00, 0x46, 0x46, 0x46, 0x46, 0x46, 0x46, 0x46, 0x48, 0x48, 0x48, 0x48, 0x48, 0x00, 0x00, 0x00, 0x46, 0x46, 0x4A, 0x4A, 0x4A, 0x4A, 0x4A, 0x48, 0x48, 0x48, 0x49, 0x4A, 0x4A, 0x4A, 0x49, 0x4A, 0x00, 0x49, 0x49, 0x49, 0x48, 0x48, 0x46, 0x46, 0x46, 0x45, 0x45, 0x45, 0x46, 0x46, 0x47, 0x4C, 0x4D, 0x00, 0x00, 0x00, 0x49, 0x49, 0x4B, 0x4B, 0x4B, 0x4B, 0x4B, 0x4D, 0x4E, 0x4E, 0x4F, 0x4E, 0x00, 0x00, 0x00, 0x00, 0x00, 0x00, 0x00, 0x00, 0x16, 0x16, 0x18, 0x18, 0x19, 0x1A, 0x00, 0x00, 0x00, 0x00, 0x00, 0x00, 0x00, 0x00, 0x14, 0x16, 0x16, 0x18, 0x19, 0x1A, 0x1B, 0x1B, 0x00, 0x00, 0x00, 0x00, 0x00, 0x00, 0x00, 0x00, 0x16, 0x18, 0x18, 0x18, 0x19, 0x1B, 0x00, 0x00, 0x00, 0x00, 0x00, 0x00, 0x00, 0x00, 0x00, 0x00, 0x00, 0x00, 0x19, 0x1B, 0x1A, 0x19, 0x18, 0x18, 0x18, 0x18, 0x18, 0x00, 0x00, 0x00, 0x00, 0x00, 0x00, 0x11, 0x00, 0x07, 0x00, 0x00, 0x00, 0x03, 0x00, 0x00, 0x00, 0x00, 0x00, 0x00, 0x00, 0x00, 0x00, 0x00, 0x00, 0x00, 0x00, 0x00, 0x00, 0x00, 0x00, 0x00, 0x00, 0x00, 0x46, 0x46, 0x46, 0x46, 0x46, 0x46, 0x46, 0x48, 0x48, 0x48, 0x48, 0x48, 0x00, 0x00, 0x00, 0x46, 0x46, 0x4A, 0x4A, 0x4A, 0x4A, 0x4A, 0x48, 0x48, 0x48, 0x49, 0x4A, 0x4A, 0x4A, 0x49, 0x4A, 0x00, 0x49, 0x49, 0x49, 0x48, 0x48, 0x46, 0x46, 0x46, 0x45, 0x45, 0x45, 0x46, 0x46, 0x47, 0x4C, 0x4D, 0x00, 0x00, 0x00, 0x49, 0x49, 0x4B, 0x4B, 0x4B, 0x4B, 0x4B, 0x4D, 0x4E, 0x4E, 0x4F, 0x4E, 0x00, 0x00, 0x00, 0x00, 0x00, 0x00, 0x00, 0x00, 0x16, 0x16, 0x18, 0x18, 0x19, 0x1A, 0x00, 0x00, 0x00, 0x00, 0x00, 0x00, 0x00, 0x00, 0x14, 0x16, 0x16, 0x18, 0x19, 0x1A, 0x1B, 0x1B, 0x00, 0x00, 0x00, 0x00, 0x00, 0x00, 0x00, 0x0C, 0x00, 0x06, 0x00, 0x05, 0x00, 0x05, 0x00, 0x00, 0x00, 0x00, 0x00, 0x00, 0x91, 0x00, 0x00, 0x00, 0x00, 0x00, 0x00, 0x00, 0x00, 0x91, 0x00, 0x91, 0x91, 0x91, 0x00, 0x91, 0x00, 0x00, 0x90, 0x91, 0x00, 0x91, 0x92, 0x90, 0x93, 0x91, 0x92, 0x90, 0x00, 0x91, 0x00, 0x90, 0x93, 0x91, 0x92, 0x91, 0x93, 0x93, 0x92, 0x93, 0x91, 0x91, 0x00, 0x00, 0x91, 0x93, 0x91, 0x90, 0x93, 0x92, 0x93, 0x90, 0x90, 0x00, 0x00, 0x00, 0x00, 0x93, 0x93, 0x93, 0x92, 0x93, 0x90, 0x91, 0x00, 0x00, 0x00, 0x10, 0x00, 0x08, 0x00, 0x07, 0x00, 0x07, 0x00, 0x00, 0x00, 0x00, 0x00, 0x00, 0x91, 0x00, 0x00, 0x00, 0x00, 0x91, 0x00, 0x00, 0x00, 0x00, 0x00, 0x00, 0x00, 0x00, 0x00, 0x00, 0x00, 0x00, 0x90, 0x00, 0x00, 0x00, 0x00, 0x00, 0x00, 0x00, 0x00, 0x00, 0x00, 0x00, 0x91, 0x00, 0x00, 0x90, 0x93, 0x91, 0x00, 0x00, 0x91, 0x00, 0x00, 0x00, 0x00, 0x91, 0x00, 0x00, 0x90, 0x91, 0x91, 0x91, 0x93, 0x91, 0x93, 0x92, 0x90, 0x00, 0x00, 0x91, 0x90, 0x90, 0x90, 0x90, 0x91, 0x93, 0x93, 0x91, 0x93, 0x93, 0x93, 0x92, 0x93, 0x90, 0x91, 0x00, 0x00, 0x00, 0x91, 0x93, 0x91, 0x91, 0x93, 0x90, 0x93, 0x93, 0x92, 0x92, 0x93, 0x91, 0x90, 0x00, 0x00, 0x00, 0x91, 0x93, 0x91, 0x90, 0x93, 0x91, 0x93, 0x92, 0x92, 0x90, 0x91, 0x90, 0x90, 0x00, 0x00, 0x00, 0x00, 0x91, 0x93, 0x91, 0x91, 0x93, 0x91, 0x93, 0x91, 0x91, 0x90, 0x90, 0x00, 0x00, 0x00, 0x14, 0x00, 0x0A, 0x00, 0x09, 0x00, 0x09, 0x00, 0x00, 0x00, 0x00, 0x00, 0x00, 0x00, 0x91, 0x00, 0x00, 0x00, 0x00, 0x00, 0x91, 0x00, 0x00, 0x00, 0x00, 0x00, 0x00, 0x00, 0x00, 0x00, 0x00, 0x00, 0x00, 0x00, 0x00, 0x00, 0x00, 0x91, 0x00, 0x00, 0x00, 0x00, 0x00, 0x00, 0x00, 0x00, 0x00, 0x00, 0x00, 0x00, 0x00, 0x00, 0x93, 0x00, 0x00, 0x00, 0x91, 0x90, 0x91, 0x00, 0x00, 0x00, 0x91, 0x00, 0x91, 0x00, 0x00, 0x00, 0x91, 0x00, 0x00, 0x00, 0x90, 0x91, 0x00, 0x91, 0x90, 0x90, 0x93, 0x91, 0x00, 0x93, 0x91, 0x00, 0x00, 0x00, 0x93, 0x00, 0x90, 0x91, 0x00, 0x00, 0x93, 0x91, 0x00, 0x91, 0x92, 0x93, 0x93, 0x91, 0x00, 0x90, 0x91, 0x00, 0x00, 0x90, 0x91, 0x00, 0x90, 0x93, 0x91, 0x00, 0x93, 0x91, 0x93, 0x91, 0x92, 0x93, 0x93, 0x92, 0x90, 0x93, 0x92, 0x00, 0x90, 0x91, 0x00, 0x90, 0x00, 0x00, 0x91, 0x93, 0x92, 0x93, 0x92, 0x93, 0x90, 0x92, 0x93, 0x92, 0x93, 0x93, 0x92, 0x92, 0x90, 0x00, 0x00, 0x00, 0x00, 0x00, 0x91, 0x93, 0x93, 0x90, 0x93, 0x91, 0x92, 0x92, 0x93, 0x92, 0x90, 0x92, 0x93, 0x90, 0x90, 0x00, 0x00, 0x00, 0x00, 0x00, 0x00, 0x91, 0x93, 0x93, 0x92, 0x93, 0x93, 0x92, 0x93, 0x93, 0x92, 0x93, 0x90, 0x90, 0x00, 0x00, 0x00, 0x00, 0x00, 0x00, 0x00, 0x91, 0x91, 0x91, 0x91, 0x91, 0x93, 0x92, 0x93, 0x92, 0x93, 0x90, 0x91, 0x90, 0x00, 0x00, 0x00, 0x00, 0x17, 0x00, 0x0B, 0x00, 0x0B, 0x00, 0x0A, 0x00, 0x00, 0x00, 0x00, 0x00, 0x00, 0x00, 0x00, 0x91, 0x00, 0x00, 0x00, 0x91, 0x00, 0x00, 0x91, 0x00, 0x00, 0x00, 0x00, 0x00, 0x00, 0x00, 0x00, 0x00, 0x00, 0x00, 0x00, 0x00, 0x00, 0x91, 0x00, 0x00, 0x00, 0x00, 0x91, 0x00, 0x00, 0x00, 0x00, 0x91, 0x00, 0x00, 0x00, 0x00, 0x00, 0x00, 0x00, 0x91, 0x00, 0x00, 0x00, 0x00, 0x91, 0x00, 0x00, 0x00, 0x00, 0x91, 0x00, 0x00, 0x00, 0x00, 0x91, 0x00, 0x00, 0x91, 0x00, 0x91, 0x00, 0x00, 0x91, 0x00, 0x00, 0x00, 0x00, 0x90, 0x00, 0x00, 0x00, 0x90, 0x90, 0x91, 0x00, 0x00, 0x91, 0x91, 0x00, 0x00, 0x00, 0x00, 0x91, 0x00, 0x00, 0x90, 0x00, 0x00, 0x00, 0x90, 0x90, 0x93, 0x00, 0x91, 0x90, 0x93, 0x91, 0x00, 0x00, 0x93, 0x91, 0x00, 0x00, 0x00, 0x91, 0x91, 0x00, 0x00, 0x91, 0x92, 0x00, 0x00, 0x91, 0x93, 0x93, 0x93, 0x91, 0x93, 0x93, 0x93, 0x91, 0x00, 0x93, 0x92, 0x93, 0x93, 0x91, 0x90, 0x00, 0x00, 0x90, 0x91, 0x92, 0x00, 0x93, 0x92, 0x92, 0x93, 0x93, 0x92, 0x90, 0x93, 0x92, 0x92, 0x93, 0x93, 0x92, 0x93, 0x91, 0x90, 0x90, 0x00, 0x00, 0x00, 0x91, 0x91, 0x93, 0x93, 0x90, 0x92, 0x92, 0x92, 0x93, 0x93, 0x93, 0x93, 0x92, 0x92, 0x92, 0x90, 0x93, 0x91, 0x90, 0x00, 0x00, 0x90, 0x00, 0x00, 0x91, 0x93, 0x93, 0x93, 0x93, 0x92, 0x90, 0x93, 0x93, 0x93, 0x93, 0x92, 0x92, 0x92, 0x93, 0x91, 0x90, 0x90, 0x00, 0x00, 0x00, 0x00, 0x00, 0x00, 0x91, 0x93, 0x93, 0x93, 0x92, 0x92, 0x93, 0x93, 0x93, 0x93, 0x92, 0x92, 0x93, 0x93, 0x91, 0x90, 0x00, 0x00, 0x00, 0x00, 0x00, 0x00, 0x00, 0x00, 0x91, 0x91, 0x91, 0x91, 0x91, 0x91, 0x93, 0x93, 0x92, 0x93, 0x93, 0x91, 0x91, 0x90, 0x90, 0x00, 0x00, 0x00, 0x00, 0x19, 0x00, 0x0C, 0x00, 0x0C, 0x00, 0x0B, 0x00, 0x00, 0x00, 0x00, 0x00, 0x00, 0x00, 0x00, 0x00, 0x00, 0x00, 0x00, 0x00, 0x00, 0x00, 0x00, 0x91, 0x00, 0x00, 0x00, 0x00, 0x00, 0x00, 0x00, 0x00, 0x00, 0x00, 0x00, 0x00, 0x00, 0x00, 0x00, 0x00, 0x91, 0x00, 0x00, 0x00, 0x00, 0x00, 0x00, 0x00, 0x00, 0x00, 0x00, 0x00, 0x00, 0x00, 0x00, 0x00, 0x00, 0x00, 0x00, 0x00, 0x00, 0x00, 0x00, 0x00, 0x00, 0x00, 0x00, 0x00, 0x00, 0x00, 0x91, 0x00, 0x00, 0x00, 0x00, 0x00, 0x00, 0x00, 0x00, 0x91, 0x00, 0x00, 0x00, 0x00, 0x00, 0x00, 0x00, 0x00, 0x00, 0x00, 0x91, 0x00, 0x00, 0x00, 0x00, 0x90, 0x00, 0x00, 0x00, 0x00, 0x91, 0x00, 0x00, 0x00, 0x00, 0x00, 0x00, 0x00, 0x00, 0x91, 0x00, 0x00, 0x00, 0x00, 0x90, 0x90, 0x00, 0x00, 0x00, 0x90, 0x93, 0x92, 0x00, 0x00, 0x00, 0x90, 0x00, 0x00, 0x00, 0x00, 0x00, 0x93, 0x00, 0x00, 0x90, 0x93, 0x00, 0x00, 0x00, 0x91, 0x92, 0x91, 0x93, 0x91, 0x93, 0x93, 0x93, 0x92, 0x00, 0x92, 0x90, 0x91, 0x00, 0x00, 0x93, 0x93, 0x91, 0x00, 0x00, 0x90, 0x93, 0x00, 0x00, 0x91, 0x93, 0x91, 0x91, 0x91, 0x93, 0x93, 0x90, 0x93, 0x91, 0x93, 0x91, 0x93, 0x91, 0x93, 0x93, 0x91, 0x90, 0x00, 0x00, 0x00, 0x91, 0x93, 0x91, 0x93, 0x91, 0x93, 0x93, 0x93, 0x93, 0x93, 0x93, 0x93, 0x93, 0x92, 0x93, 0x93, 0x93, 0x92, 0x93, 0x91, 0x91, 0x90, 0x00, 0x00, 0x90, 0x00, 0x91, 0x93, 0x90, 0x93, 0x92, 0x92, 0x90, 0x93, 0x93, 0x90, 0x93, 0x93, 0x92, 0x93, 0x92, 0x92, 0x92, 0x90, 0x91, 0x90, 0x00, 0x00, 0x00, 0x00, 0x00, 0x00, 0x91, 0x93, 0x93, 0x93, 0x92, 0x92, 0x92, 0x93, 0x93, 0x93, 0x92, 0x93, 0x92, 0x92, 0x93, 0x91, 0x91, 0x90, 0x00, 0x00, 0x00, 0x00, 0x00, 0x00, 0x00, 0x91, 0x91, 0x93, 0x93, 0x93, 0x92, 0x92, 0x93, 0x93, 0x93, 0x92, 0x92, 0x93, 0x93, 0x92, 0x90, 0x90, 0x90, 0x00, 0x00, 0x00, 0x90, 0x00, 0x00, 0x00, 0x00, 0x91, 0x91, 0x91, 0x91, 0x91, 0x91, 0x91, 0x93, 0x93, 0x92, 0x93, 0x91, 0x91, 0x91, 0x90, 0x91, 0x91, 0x00, 0x00, 0x00, 0x00, 0x1B, 0x00, 0x0B, 0x00, 0x0D, 0x00, 0x0A, 0x00, 0x00, 0x00, 0x00, 0x00, 0x00, 0x00, 0x00, 0x00, 0x00, 0x00, 0x00, 0x00, 0x00, 0x00, 0x00, 0x00, 0x91, 0x00, 0x00, 0x00, 0x00, 0x00, 0x00, 0x00, 0x00, 0x00, 0x00, 0x00, 0x00, 0x00, 0x00, 0x00, 0x00, 0x91, 0x00, 0x00, 0x00, 0x00, 0x00, 0x00, 0x00, 0x00, 0x00, 0x00, 0x00, 0x00, 0x00, 0x00, 0x00, 0x00, 0x91, 0x00, 0x00, 0x00, 0x00, 0x00, 0x00, 0x00, 0x00, 0x00, 0x00, 0x00, 0x00, 0x00, 0x00, 0x00, 0x00, 0x91, 0x00, 0x00, 0x00, 0x00, 0x00, 0x00, 0x00, 0x00, 0x00, 0x00, 0x00, 0x00, 0x00, 0x00, 0x00, 0x00, 0x00, 0x00, 0x00, 0x00, 0x91, 0x00, 0x00, 0x00, 0x00, 0x90, 0x90, 0x91, 0x00, 0x00, 0x00, 0x00, 0x91, 0x00, 0x00, 0x00, 0x00, 0x00, 0x00, 0x00, 0x00, 0x00, 0x93, 0x00, 0x00, 0x00, 0x91, 0x90, 0x91, 0x00, 0x00, 0x90, 0x90, 0x93, 0x93, 0x91, 0x91, 0x00, 0x93, 0x90, 0x00, 0x00, 0x00, 0x00, 0x91, 0x00, 0x00, 0x00, 0x00, 0x90, 0x00, 0x00, 0x91, 0x90, 0x93, 0x91, 0x91, 0x91, 0x91, 0x93, 0x93, 0x93, 0x93, 0x91, 0x92, 0x90, 0x91, 0x93, 0x93, 0x93, 0x00, 0x91, 0x00, 0x00, 0x00, 0x00, 0x90, 0x91, 0x91, 0x91, 0x93, 0x93, 0x91, 0x91, 0x91, 0x93, 0x93, 0x90, 0x93, 0x93, 0x91, 0x92, 0x93, 0x93, 0x92, 0x93, 0x93, 0x93, 0x90, 0x00, 0x00, 0x00, 0x00, 0x91, 0x93, 0x93, 0x92, 0x92, 0x93, 0x93, 0x91, 0x93, 0x93, 0x93, 0x93, 0x93, 0x92, 0x92, 0x92, 0x93, 0x93, 0x92, 0x90, 0x93, 0x91, 0x90, 0x00, 0x00, 0x00, 0x00, 0x00, 0x91, 0x90, 0x93, 0x92, 0x90, 0x92, 0x93, 0x93, 0x92, 0x93, 0x93, 0x93, 0x92, 0x92, 0x92, 0x92, 0x92, 0x93, 0x93, 0x91, 0x90, 0x00, 0x00, 0x00, 0x90, 0x00, 0x00, 0x91, 0x93, 0x93, 0x93, 0x92, 0x92, 0x93, 0x93, 0x93, 0x90, 0x93, 0x92, 0x92, 0x92, 0x92, 0x92, 0x92, 0x91, 0x91, 0x91, 0x90, 0x00, 0x00, 0x00, 0x00, 0x00, 0x00, 0x00, 0x91, 0x91, 0x91, 0x92, 0x92, 0x93, 0x93, 0x93, 0x93, 0x92, 0x92, 0x92, 0x92, 0x91, 0x91, 0x91, 0x91, 0x90, 0x90, 0x00, 0x00, 0x91, 0x91, 0x1D, 0x00, 0x0A, 0x00, 0x0E, 0x00, 0x08, 0x00, 0x00, 0x00, 0x00, 0x00, 0x00, 0x00, 0x00, 0x00, 0x00, 0x00, 0x00, 0x00, 0x00, 0x00, 0x00, 0x00, 0x00, 0x91, 0x00, 0x00, 0x00, 0x00, 0x00, 0x00, 0x00, 0x91, 0x00, 0x00, 0x00, 0x00, 0x00, 0x00, 0x00, 0x00, 0x00, 0x91, 0x00, 0x00, 0x00, 0x00, 0x00, 0x00, 0x00, 0x00, 0x00, 0x00, 0x00, 0x00, 0x00, 0x00, 0x00, 0x00, 0x00, 0x00, 0x00, 0x00, 0x00, 0x00, 0x00, 0x00, 0x00, 0x00, 0x00, 0x00, 0x00, 0x00, 0x00, 0x00, 0x00, 0x00, 0x00, 0x00, 0x91, 0x00, 0x00, 0x00, 0x00, 0x00, 0x00, 0x00, 0x00, 0x00, 0x00, 0x00, 0x00, 0x00, 0x00, 0x00, 0x00, 0x00, 0x00, 0x00, 0x00, 0x00, 0x00, 0x00, 0x00, 0x00, 0x00, 0x00, 0x00, 0x90, 0x91, 0x00, 0x00, 0x00, 0x00, 0x00, 0x91, 0x00, 0x00, 0x00, 0x00, 0x00, 0x00, 0x00, 0x00, 0x00, 0x93, 0x00, 0x00, 0x00, 0x00, 0x91, 0x00, 0x00, 0x00, 0x00, 0x00, 0x90, 0x90, 0x93, 0x91, 0x91, 0x91, 0x00, 0x90, 0x90, 0x00, 0x00, 0x00, 0x00, 0x90, 0x00, 0x00, 0x00, 0x00, 0x90, 0x00, 0x00, 0x00, 0x90, 0x90, 0x91, 0x00, 0x90, 0x90, 0x93, 0x93, 0x93, 0x93, 0x93, 0x92, 0x91, 0x91, 0x90, 0x93, 0x91, 0x93, 0x93, 0x90, 0x00, 0x00, 0x00, 0x00, 0x00, 0x91, 0x90, 0x93, 0x91, 0x90, 0x92, 0x91, 0x93, 0x93, 0x93, 0x93, 0x93, 0x90, 0x93, 0x93, 0x92, 0x92, 0x92, 0x92, 0x92, 0x92, 0x93, 0x90, 0x90, 0x00, 0x00, 0x00, 0x00, 0x00, 0x00, 0x90, 0x93, 0x93, 0x92, 0x92, 0x90, 0x93, 0x93, 0x90, 0x93, 0x93, 0x93, 0x93, 0x93, 0x92, 0x92, 0x92, 0x92, 0x92, 0x90, 0x91, 0x90, 0x00, 0x00, 0x00, 0x00, 0x91, 0x91, 0x00, 0x00, 0x91, 0x91, 0x91, 0x91, 0x91, 0x91, 0x91, 0x93, 0x93, 0x93, 0x93, 0x93, 0x91, 0x91, 0x91, 0x91, 0x91, 0x91, 0x90, 0x90, 0x90, 0x00, 0x91, 0x91, 0x91, 0x00, 0x00, 0x00, 0x00, 0x00, 0x00, 0x00, 0x00, 0x00, 0x00, 0x00, 0x00, 0x00, 0x91, 0x00, 0x00, 0x00, 0x00, 0x00, 0x00, 0x00, 0x00, 0x00, 0x00, 0x00, 0x00, 0x00, 0x00, 0x00, 0x1E, 0x00, 0x07, 0x00, 0x0F, 0x00, 0x05, 0x00, 0x00, 0x00, 0x00, 0x00, 0x00, 0x00, 0x91, 0x00, 0x00, 0x00, 0x00, 0x00, 0x00, 0x00, 0x00, 0x00, 0x00, 0x00, 0x91, 0x00, 0x00, 0x00, 0x00, 0x00, 0x00, 0x00, 0x00, 0x91, 0x00, 0x00, 0x00, 0x00, 0x00, 0x00, 0x00, 0x00, 0x00, 0x00, 0x00, 0x00, 0x00, 0x00, 0x00, 0x00, 0x00, 0x00, 0x00, 0x00, 0x00, 0x00, 0x00, 0x00, 0x00, 0x00, 0x00, 0x00, 0x00, 0x00, 0x00, 0x00, 0x00, 0x00, 0x00, 0x00, 0x00, 0x00, 0x00, 0x00, 0x00, 0x00, 0x00, 0x00, 0x00, 0x00, 0x00, 0x91, 0x00, 0x00, 0x00, 0x00, 0x00, 0x00, 0x00, 0x00, 0x00, 0x00, 0x00, 0x00, 0x00, 0x00, 0x00, 0x00, 0x00, 0x90, 0x00, 0x00, 0x00, 0x00, 0x91, 0x00, 0x00, 0x00, 0x00, 0x90, 0x90, 0x93, 0x91, 0x91, 0x00, 0x00, 0x00, 0x00, 0x00, 0x00, 0x00, 0x00, 0x00, 0x90, 0x00, 0x00, 0x00, 0x00, 0x00, 0x91, 0x93, 0x91, 0x93, 0x93, 0x90, 0x91, 0x90, 0x93, 0x91, 0x90, 0x93, 0x93, 0x92, 0x90, 0x92, 0x92, 0x92, 0x93, 0x93, 0x93, 0x93, 0x90, 0x90, 0x00, 0x00, 0x00, 0x91, 0x91, 0x91, 0x00, 0x91, 0x91, 0x91, 0x91, 0x93, 0x92, 0x93, 0x92, 0x92, 0x92, 0x93, 0x91, 0x91, 0x91, 0x91, 0x91, 0x91, 0x91, 0x91, 0x91, 0x91, 0x90, 0x91, 0x00, 0x00, 0x91, 0x00, 0x00, 0x00, 0x00, 0x00, 0x00, 0x00, 0x00, 0x00, 0x00, 0x00, 0x00, 0x00, 0x91, 0x91, 0x91, 0x00, 0x00, 0x00, 0x00, 0x00, 0x00, 0x00, 0x00, 0x00, 0x00, 0x00, 0x00, 0x00, 0x00, 0x1D, 0x00, 0x04, 0x00, 0x10, 0x00, 0x02, 0x00, 0x00, 0x00, 0x00, 0x00, 0x00, 0x91, 0x00, 0x00, 0x00, 0x00, 0x00, 0x00, 0x00, 0x00, 0x00, 0x90, 0x00, 0x00, 0x91, 0x00, 0x00, 0x00, 0x00, 0x00, 0x00, 0x00, 0x00, 0x00, 0x00, 0x00, 0x00, 0x00, 0x91, 0x00, 0x00, 0x00, 0x00, 0x00, 0x00, 0x00, 0x00, 0x91, 0x91, 0x90, 0x90, 0x93, 0x93, 0x93, 0x90, 0x00, 0x00, 0x00, 0x00, 0x00, 0x00, 0x00, 0x90, 0x91, 0x91, 0x00, 0x00, 0x91, 0x91, 0x91, 0x91, 0x91, 0x91, 0x91, 0x91, 0x91, 0x91, 0x91, 0x91, 0x91, 0x91, 0x91, 0x91, 0x91, 0x91, 0x91, 0x91, 0x91, 0x91, 0x91, 0x90, 0x91, 0x00, 0x00, 0x00, 0x00, 0x00, 0x00, 0x00, 0x00, 0x00, 0x00, 0x00, 0x00, 0x00, 0x00, 0x00, 0x91, 0x00, 0x00, 0x00, 0x00, 0x00, 0x00, 0x00, 0x00, 0x00, 0x00, 0x00, 0x00, 0x00, 0x00, 0x02, 0x00, 0x02, 0x00, 0x00, 0x00, 0x00, 0x00, 0x10, 0x12, 0x12, 0x14, 0x04, 0x00, 0x04, 0x00, 0x01, 0x00, 0x01, 0x00, 0x00, 0x12, 0x12, 0x00, 0x12, 0x10, 0x14, 0x14, 0x12, 0x14, 0x14, 0x16, 0x00, 0x14, 0x16, 0x00, 0x05, 0x00, 0x05, 0x00, 0x02, 0x00, 0x02, 0x00, 0x00, 0x12, 0x12, 0x12, 0x00, 0x12, 0x10, 0x16, 0x14, 0x14, 0x12, 0x16, 0x00, 0x12, 0x14, 0x12, 0x14, 0x12, 0x12, 0x16, 0x00, 0x14, 0x14, 0x16, 0x00, 0x05, 0x00, 0x05, 0x00, 0x02, 0x00, 0x02, 0x00, 0x00, 0x11, 0x12, 0x12, 0x00, 0x11, 0x13, 0x00, 0x14, 0x14, 0x12, 0x00, 0x00, 0x00, 0x16, 0x12, 0x14, 0x00, 0x14, 0x16, 0x00, 0x14, 0x16, 0x16, 0x00, 0x05, 0x00, 0x05, 0x00, 0x02, 0x00, 0x02, 0x00, 0x00, 0x10, 0x12, 0x12, 0x00, 0x11, 0x00, 0x00, 0x00, 0x14, 0x12, 0x00, 0x00, 0x00, 0x16, 0x14, 0x00, 0x00, 0x00, 0x16, 0x00, 0x14, 0x16, 0x16, 0x00, 0x07, 0x00, 0x05, 0x00, 0x04, 0x00, 0x04, 0x00, 0x00, 0x00, 0x9A, 0x9A, 0x00, 0x99, 0x00, 0x00, 0x9A, 0x9A, 0x9A, 0x99, 0x99, 0x00, 0x9A, 0x9A, 0x9A, 0x9A, 0x99, 0x99, 0x00, 0x00, 0x9A, 0x9A, 0x9A, 0x9A, 0xB6, 0x00, 0x00, 0x00, 0xB6, 0xB6, 0xB6, 0xB6, 0xB6, 0x08, 0x00, 0x04, 0x00, 0x05, 0x00, 0x03, 0x00, 0x00, 0x00, 0x9A, 0x9A, 0x00, 0x98, 0x98, 0x98, 0x9A, 0x9A, 0x9A, 0x9A, 0x9A, 0x98, 0x98, 0x00, 0x00, 0x9A, 0x9A, 0x9A, 0x9A, 0x9A, 0xB6, 0x00, 0x00, 0x00, 0x00, 0xB6, 0xB6, 0xB6, 0xB6, 0xB6, 0x09, 0x00, 0x03, 0x00, 0x05, 0x00, 0x02, 0x00, 0x9B, 0x9B, 0x9B, 0x9B, 0x98, 0x98, 0x98, 0x98, 0x98, 0x00, 0x9B, 0x9B, 0x9B, 0x9B, 0x9B, 0xB6, 0x98, 0x00, 0x00, 0x00, 0x00, 0xB6, 0xB6, 0xB6, 0xB6, 0xB6, 0x00, 0x08, 0x00, 0x03, 0x00, 0x05, 0x00, 0x01, 0x00, 0x00, 0x00, 0x00, 0xB6, 0xB6, 0xB6, 0xB6, 0x00, 0x00, 0x98, 0x98, 0x98, 0x98, 0x98, 0xB6, 0xB6, 0x98, 0x98, 0x98, 0x98, 0x9B, 0x9B, 0x9B, 0x9B, 0x08, 0x00, 0x04, 0x00, 0x05, 0x00, 0x01, 0x00, 0x00, 0x00, 0x00, 0xB6, 0xB6, 0xB6, 0xB6, 0x00, 0x00, 0x98, 0x98, 0x98, 0x98, 0x98, 0xB6, 0xB6, 0x98, 0x98, 0x98, 0x98, 0x98, 0x9A, 0x9A, 0x00, 0x00, 0x00, 0x98, 0x98, 0x00, 0x9A, 0x9A, 0x9A, 0x07, 0x00, 0x05, 0x00, 0x04, 0x00, 0x01, 0x00, 0x00, 0x00, 0xB6, 0xB6, 0xB6, 0xB6, 0x00, 0x00, 0x99, 0x99, 0x99, 0x99, 0xB6, 0xB6, 0x99, 0x99, 0x99, 0x99, 0x9A, 0x9A, 0x00, 0x00, 0x99, 0x99, 0x99, 0x9A, 0x9A, 0x00, 0x00, 0x00, 0x99, 0x99, 0x00, 0x9A, 0x00, 0x07, 0x00, 0x05, 0x00, 0x02, 0x00, 0x04, 0x00, 0x00, 0x99, 0x00, 0x9A, 0x9A, 0x00, 0x00, 0x00, 0x99, 0x99, 0x9A, 0x9A, 0x9A, 0x00, 0x00, 0x99, 0x99, 0x9A, 0x9A, 0x9A, 0x9A, 0x00, 0xB6, 0x9A, 0x9A, 0x9A, 0x9A, 0x00, 0xB6, 0xB6, 0xB6, 0xB6, 0xB6, 0x00, 0x00, 0x08, 0x00, 0x04, 0x00, 0x02, 0x00, 0x03, 0x00, 0x98, 0x98, 0x98, 0x00, 0x9A, 0x9A, 0x00, 0x00, 0x00, 0x98, 0x98, 0x9A, 0x9A, 0x9A, 0x9A, 0x9A, 0x00, 0xB6, 0x9A, 0x9A, 0x9A, 0x9A, 0x9A, 0x00, 0xB6, 0xB6, 0xB6, 0xB6, 0xB6, 0x00, 0x00, 0x00, 0x09, 0x00, 0x03, 0x00, 0x03, 0x00, 0x02, 0x00, 0x98, 0x98, 0x98, 0x98, 0x98, 0x9B, 0x9B, 0x9B, 0x9B, 0x00, 0x98, 0xB6, 0x9B, 0x9B, 0x9B, 0x9B, 0x9B, 0x00, 0x00, 0xB6, 0xB6, 0xB6, 0xB6, 0xB6, 0x00, 0x00, 0x00, 0x08, 0x00, 0x03, 0x00, 0x02, 0x00, 0x01, 0x00, 0x00, 0xB6, 0xB6, 0xB6, 0xB6, 0x00, 0x00, 0x00, 0xB6, 0xB6, 0x98, 0x98, 0x98, 0x98, 0x98, 0x00, 0x9B, 0x9B, 0x9B, 0x9B, 0x98, 0x98, 0x98, 0x98, 0x08, 0x00, 0x04, 0x00, 0x02, 0x00, 0x01, 0x00, 0x00, 0xB6, 0xB6, 0xB6, 0xB6, 0x00, 0x00, 0x00, 0xB6, 0xB6, 0x98, 0x98, 0x98, 0x98, 0x98, 0x00, 0x00, 0x9A, 0x9A, 0x98, 0x98, 0x98, 0x98, 0x98, 0x9A, 0x9A, 0x9A, 0x00, 0x98, 0x98, 0x00, 0x00, 0x07, 0x00, 0x05, 0x00, 0x02, 0x00, 0x01, 0x00, 0x00, 0xB6, 0xB6, 0xB6, 0xB6, 0x00, 0x00, 0xB6, 0xB6, 0x99, 0x99, 0x99, 0x99, 0x00, 0x00, 0x9A, 0x9A, 0x99, 0x99, 0x99, 0x99, 0x00, 0x9A, 0x9A, 0x99, 0x99, 0x99, 0x00, 0x00, 0x9A, 0x00, 0x99, 0x99, 0x00, 0x00, 0x07, 0x00, 0x05, 0x00, 0x04, 0x00, 0x04, 0x00, 0x00, 0x00, 0x9E, 0x9E, 0x00, 0x9D, 0x00, 0x00, 0x9E, 0x9E, 0x9E, 0x9D, 0x9D, 0x00, 0x9E, 0x9E, 0x9E, 0x9E, 0x9D, 0x9D, 0x00, 0x00, 0x9E, 0x9E, 0x9E, 0x9E, 0xB6, 0x00, 0x00, 0x00, 0xB6, 0xB6, 0xB6, 0xB6, 0xB6, 0x08, 0x00, 0x04, 0x00, 0x05, 0x00, 0x03, 0x00, 0x00, 0x00, 0x9E, 0x9E, 0x00, 0x9C, 0x9C, 0x9C, 0x9E, 0x9E, 0x9E, 0x9E, 0x9E, 0x9C, 0x9C, 0x00, 0x00, 0x9E, 0x9E, 0x9E, 0x9E, 0x9E, 0xB6, 0x00, 0x00, 0x00, 0x00, 0xB6, 0xB6, 0xB6, 0xB6, 0xB6, 0x09, 0x00, 0x03, 0x00, 0x05, 0x00, 0x02, 0x00, 0x9F, 0x9F, 0x9F, 0x9F, 0x9C, 0x9C, 0x9C, 0x9C, 0x9C, 0x00, 0x9F, 0x9F, 0x9F, 0x9F, 0x9F, 0xB6, 0x9C, 0x00, 0x00, 0x00, 0x00, 0xB6, 0xB6, 0xB6, 0xB6, 0xB6, 0x00, 0x08, 0x00, 0x03, 0x00, 0x05, 0x00, 0x01, 0x00, 0x00, 0x00, 0x00, 0xB6, 0xB6, 0xB6, 0xB6, 0x00, 0x00, 0x9C, 0x9C, 0x9C, 0x9C, 0x9C, 0xB6, 0xB6, 0x9C, 0x9C, 0x9C, 0x9C, 0x9F, 0x9F, 0x9F, 0x9F, 0x08, 0x00, 0x04, 0x00, 0x05, 0x00, 0x01, 0x00, 0x00, 0x00, 0x00, 0xB6, 0xB6, 0xB6, 0xB6, 0x00, 0x00, 0x9D, 0x9D, 0x9D, 0x9D, 0x9D, 0xB6, 0xB6, 0x9D, 0x9D, 0x9D, 0x9D, 0x9D, 0x9F, 0x9F, 0x00, 0x00, 0x00, 0x9D, 0x9D, 0x00, 0x9F, 0x9F, 0x9F, 0x07, 0x00, 0x05, 0x00, 0x04, 0x00, 0x01, 0x00, 0x00, 0x00, 0xB6, 0xB6, 0xB6, 0xB6, 0x00, 0x00, 0x9D, 0x9D, 0x9D, 0x9D, 0xB6, 0xB6, 0x9D, 0x9D, 0x9D, 0x9D, 0x9E, 0x9E, 0x00, 0x00, 0x9D, 0x9D, 0x9D, 0x9E, 0x9E, 0x00, 0x00, 0x00, 0x9D, 0x9D, 0x00, 0x9E, 0x00, 0x07, 0x00, 0x05, 0x00, 0x02, 0x00, 0x04, 0x00, 0x00, 0x9D, 0x00, 0x9E, 0x9E, 0x00, 0x00, 0x00, 0x9D, 0x9D, 0x9E, 0x9E, 0x9E, 0x00, 0x00, 0x9D, 0x9D, 0x9E, 0x9E, 0x9E, 0x9E, 0x00, 0xB6, 0x9E, 0x9E, 0x9E, 0x9E, 0x00, 0xB6, 0xB6, 0xB6, 0xB6, 0xB6, 0x00, 0x00, 0x08, 0x00, 0x04, 0x00, 0x02, 0x00, 0x03, 0x00, 0x9C, 0x9C, 0x9C, 0x00, 0x9E, 0x9E, 0x00, 0x00, 0x00, 0x9C, 0x9C, 0x9E, 0x9E, 0x9E, 0x9E, 0x9E, 0x00, 0xB6, 0x9E, 0x9E, 0x9E, 0x9E, 0x9E, 0x00, 0xB6, 0xB6, 0xB6, 0xB6, 0xB6, 0x00, 0x00, 0x00, 0x09, 0x00, 0x03, 0x00, 0x03, 0x00, 0x02, 0x00, 0x9C, 0x9C, 0x9C, 0x9C, 0x9C, 0x9F, 0x9F, 0x9F, 0x9F, 0x00, 0x9C, 0xB6, 0x9F, 0x9F, 0x9F, 0x9F, 0x9F, 0x00, 0x00, 0xB6, 0xB6, 0xB6, 0xB6, 0xB6, 0x00, 0x00, 0x00, 0x08, 0x00, 0x03, 0x00, 0x02, 0x00, 0x01, 0x00, 0x00, 0xB6, 0xB6, 0xB6, 0xB6, 0x00, 0x00, 0x00, 0xB6, 0xB6, 0x9C, 0x9C, 0x9C, 0x9C, 0x9C, 0x00, 0x9F, 0x9F, 0x9F, 0x9F, 0x9C, 0x9C, 0x9C, 0x9C, 0x08, 0x00, 0x04, 0x00, 0x02, 0x00, 0x01, 0x00, 0x00, 0xB6, 0xB6, 0xB6, 0xB6, 0x00, 0x00, 0x00, 0xB6, 0xB6, 0x9D, 0x9D, 0x9D, 0x9D, 0x9D, 0x00, 0x00, 0x9F, 0x9F, 0x9D, 0x9D, 0x9D, 0x9D, 0x9D, 0x9F, 0x9F, 0x9F, 0x00, 0x9D, 0x9D, 0x00, 0x00, 0x07, 0x00, 0x05, 0x00, 0x02, 0x00, 0x01, 0x00, 0x00, 0xB6, 0xB6, 0xB6, 0xB6, 0x00, 0x00, 0xB6, 0xB6, 0x9D, 0x9D, 0x9D, 0x9D, 0x00, 0x00, 0x9E, 0x9E, 0x9D, 0x9D, 0x9D, 0x9D, 0x00, 0x9E, 0x9E, 0x9D, 0x9D, 0x9D, 0x00, 0x00, 0x9E, 0x00, 0x9D, 0x9D, 0x00, 0x00, 0x06, 0x00, 0x04, 0x00, 0x03, 0x00, 0x02, 0x00, 0x00, 0x00, 0xB5, 0xB5, 0x12, 0x12, 0x00, 0xB3, 0xB3, 0x12, 0x10, 0x12, 0xB5, 0xB5, 0x12, 0x10, 0x10, 0x00, 0x00, 0xB3, 0xB4, 0x12, 0x12, 0x00, 0x06, 0x00, 0x05, 0x00, 0x03, 0x00, 0x03, 0x00, 0x00, 0x00, 0xB5, 0x00, 0x00, 0x00, 0x00, 0xB5, 0xB3, 0xB3, 0xB5, 0x00, 0xB5, 0xB3, 0x12, 0x10, 0x12, 0x12, 0x00, 0xB4, 0x10, 0x10, 0x12, 0x00, 0x00, 0x00, 0x12, 0x12, 0x00, 0x00, 0x04, 0x00, 0x06, 0x00, 0x02, 0x00, 0x03, 0x00, 0x00, 0xB5, 0x00, 0x00, 0xB3, 0xB5, 0xB3, 0x00, 0xB4, 0x12, 0xB3, 0xB5, 0x12, 0x10, 0x12, 0xB5, 0x12, 0x10, 0x10, 0x12, 0x00, 0x00, 0x12, 0x12, 0x05, 0x00, 0x06, 0x00, 0x02, 0x00, 0x03, 0x00, 0x00, 0x00, 0xB5, 0x00, 0x00, 0x00, 0xB4, 0xB3, 0xB5, 0x00, 0x12, 0x10, 0x12, 0xB3, 0xB5, 0x12, 0x10, 0x10, 0xB3, 0x00, 0x00, 0x12, 0x12, 0xB5, 0x00, 0x00, 0x00, 0x12, 0x00, 0x00, 0x06, 0x00, 0x04, 0x00, 0x02, 0x00, 0x02, 0x00, 0x00, 0x12, 0x12, 0xB4, 0xB3, 0x00, 0x00, 0x10, 0x10, 0x12, 0xB5, 0xB5, 0x12, 0x10, 0x12, 0xB3, 0xB3, 0x00, 0x12, 0x12, 0xB5, 0xB5, 0x00, 0x00, 0x06, 0x00, 0x05, 0x00, 0x02, 0x00, 0x02, 0x00, 0x00, 0x00, 0x12, 0x12, 0x00, 0x00, 0x00, 0x12, 0x10, 0x10, 0xB4, 0x00, 0x12, 0x12, 0x10, 0x12, 0xB3, 0xB5, 0x00, 0xB5, 0xB3, 0xB3, 0xB5, 0x00, 0x00, 0x00, 0x00, 0xB5, 0x00, 0x00, 0x04, 0x00, 0x06, 0x00, 0x01, 0x00, 0x02, 0x00, 0x12, 0x12, 0x00, 0x00, 0x12, 0x10, 0x10, 0x12, 0xB5, 0x12, 0x10, 0x12, 0xB5, 0xB3, 0x12, 0xB4, 0x00, 0xB3, 0xB5, 0xB3, 0x00, 0x00, 0xB5, 0x00, 0x05, 0x00, 0x06, 0x00, 0x02, 0x00, 0x03, 0x00, 0x00, 0x00, 0x12, 0x00, 0x00, 0x00, 0xB5, 0x12, 0x12, 0x00, 0x00, 0xB3, 0x10, 0x10, 0x12, 0xB5, 0xB3, 0x12, 0x10, 0x12, 0x00, 0xB5, 0xB3, 0xB4, 0x00, 0x00, 0x00, 0xB5, 0x00, 0x00, 0x06, 0x00, 0x04, 0x00, 0x03, 0x00, 0x02, 0x00, 0x00, 0x00, 0xB5, 0xB5, 0xCA, 0xCA, 0x00, 0xB3, 0xB3, 0xCA, 0xC8, 0xCA, 0xB5, 0xB5, 0xCA, 0xC8, 0xC8, 0x00, 0x00, 0xB3, 0xB4, 0xCA, 0xCA, 0x00, 0x06, 0x00, 0x05, 0x00, 0x03, 0x00, 0x02, 0x00, 0x00, 0x00, 0xB5, 0x00, 0x00, 0x00, 0x00, 0xB5, 0xB3, 0xB3, 0xB5, 0x00, 0xB5, 0xB3, 0xCA, 0xC8, 0xCA, 0xCA, 0x00, 0xB4, 0xC8, 0xC8, 0xCA, 0x00, 0x00, 0x00, 0xCA, 0xCA, 0x00, 0x00, 0x04, 0x00, 0x06, 0x00, 0x02, 0x00, 0x03, 0x00, 0x00, 0xB5, 0x00, 0x00, 0xB3, 0xB5, 0xB3, 0x00, 0xB4, 0xCA, 0xB3, 0xB5, 0xCA, 0xC8, 0xCA, 0xB5, 0xCA, 0xC8, 0xC8, 0xCA, 0x00, 0x00, 0xCA, 0xCA, 0x05, 0x00, 0x06, 0x00, 0x03, 0x00, 0x03, 0x00, 0x00, 0x00, 0xB5, 0x00, 0x00, 0x00, 0xB4, 0xB3, 0xB5, 0x00, 0xCA, 0xC8, 0xCA, 0xB3, 0xB5, 0xCA, 0xC8, 0xC8, 0xB3, 0x00, 0x00, 0xCA, 0xCA, 0xB5, 0x00, 0x00, 0x00, 0xCA, 0x00, 0x00, 0x06, 0x00, 0x04, 0x00, 0x04, 0x00, 0x02, 0x00, 0x00, 0xCA, 0xCA, 0xB4, 0xB3, 0x00, 0x00, 0xC8, 0xC8, 0xCA, 0xB5, 0xB5, 0xCA, 0xC8, 0xCA, 0xB3, 0xB3, 0x00, 0xCA, 0xCA, 0xB5, 0xB5, 0x00, 0x00, 0x06, 0x00, 0x05, 0x00, 0x04, 0x00, 0x03, 0x00, 0x00, 0x00, 0xCA, 0xCA, 0x00, 0x00, 0x00, 0xCA, 0xC8, 0xC8, 0xB4, 0x00, 0xCA, 0xCA, 0xC8, 0xCA, 0xB3, 0xB5, 0x00, 0xB5, 0xB3, 0xB3, 0xB5, 0x00, 0x00, 0x00, 0x00, 0xB5, 0x00, 0x00, 0x04, 0x00, 0x06, 0x00, 0x03, 0x00, 0x03, 0x00, 0xCA, 0xCA, 0x00, 0x00, 0xCA, 0xC8, 0xC8, 0xCA, 0xB5, 0xCA, 0xC8, 0xCA, 0xB5, 0xB3, 0xCA, 0xB4, 0x00, 0xB3, 0xB5, 0xB3, 0x00, 0x00, 0xB5, 0x00, 0x05, 0x00, 0x06, 0x00, 0x03, 0x00, 0x03, 0x00, 0x00, 0x00, 0xCA, 0x00, 0x00, 0x00, 0xB5, 0xCA, 0xCA, 0x00, 0x00, 0xB3, 0xC8, 0xC8, 0xCA, 0xB5, 0xB3, 0xCA, 0xC8, 0xCA, 0x00, 0xB5, 0xB3, 0xB4, 0x00, 0x00, 0x00, 0xB5, 0x00, 0x00, 0x06, 0x00, 0x04, 0x00, 0x03, 0x00, 0x02, 0x00, 0x00, 0x00, 0xB5, 0xB5, 0xD2, 0xD2, 0x00, 0xB3, 0xB3, 0xD2, 0xD0, 0xD2, 0xB5, 0xB5, 0xD2, 0xD0, 0xD0, 0x00, 0x00, 0xB3, 0xB4, 0xD2, 0xD2, 0x00, 0x06, 0x00, 0x05, 0x00, 0x03, 0x00, 0x02, 0x00, 0x00, 0x00, 0xB5, 0x00, 0x00, 0x00, 0x00, 0xB5, 0xB3, 0xB3, 0xB5, 0x00, 0xB5, 0xB3, 0xD2, 0xD0, 0xD2, 0xD2, 0x00, 0xB4, 0xD0, 0xD0, 0xD2, 0x00, 0x00, 0x00, 0xD2, 0xD2, 0x00, 0x00, 0x04, 0x00, 0x06, 0x00, 0x03, 0x00, 0x02, 0x00, 0x00, 0xB5, 0x00, 0x00, 0xB3, 0xB5, 0xB3, 0x00, 0xB4, 0xD2, 0xB3, 0xB5, 0xD2, 0xD0, 0xD2, 0xB5, 0xD2, 0xD0, 0xD0, 0xD2, 0x00, 0x00, 0xD2, 0xD2, 0x05, 0x00, 0x06, 0x00, 0x04, 0x00, 0x02, 0x00, 0x00, 0x00, 0xB5, 0x00, 0x00, 0x00, 0xB4, 0xB3, 0xB5, 0x00, 0xD2, 0xD0, 0xD2, 0xB3, 0xB5, 0xD2, 0xD0, 0xD0, 0xB3, 0x00, 0x00, 0xD2, 0xD2, 0xB5, 0x00, 0x00, 0x00, 0xD2, 0x00, 0x00, 0x06, 0x00, 0x04, 0x00, 0x05, 0x00, 0x01, 0x00, 0x00, 0xD2, 0xD2, 0xB4, 0xB3, 0x00, 0x00, 0xD0, 0xD0, 0xD2, 0xB5, 0xB5, 0xD2, 0xD0, 0xD2, 0xB3, 0xB3, 0x00, 0xD2, 0xD2, 0xB5, 0xB5, 0x00, 0x00, 0x06, 0x00, 0x05, 0x00, 0x05, 0x00, 0x02, 0x00, 0x00, 0x00, 0xD2, 0xD2, 0x00, 0x00, 0x00, 0xD2, 0xD0, 0xD0, 0xB4, 0x00, 0xD2, 0xD2, 0xD0, 0xD2, 0xB3, 0xB5, 0x00, 0xB5, 0xB3, 0xB3, 0xB5, 0x00, 0x00, 0x00, 0x00, 0xB5, 0x00, 0x00, 0x04, 0x00, 0x06, 0x00, 0x04, 0x00, 0x03, 0x00, 0xD2, 0xD2, 0x00, 0x00, 0xD2, 0xD0, 0xD0, 0xD2, 0xB5, 0xD2, 0xD0, 0xD2, 0xB5, 0xB3, 0xD2, 0xB4, 0x00, 0xB3, 0xB5, 0xB3, 0x00, 0x00, 0xB5, 0x00, 0x05, 0x00, 0x06, 0x00, 0x03, 0x00, 0x03, 0x00, 0x00, 0x00, 0xD2, 0x00, 0x00, 0x00, 0xB5, 0xD2, 0xD2, 0x00, 0x00, 0xB3, 0xD0, 0xD0, 0xD2, 0xB5, 0xB3, 0xD2, 0xD0, 0xD2, 0x00, 0xB5, 0xB3, 0xB4, 0x00, 0x00, 0x00, 0xB5, 0x00, 0x00, 0x06, 0x00, 0x04, 0x00, 0x03, 0x00, 0x02, 0x00, 0x00, 0x00, 0xB5, 0xB5, 0xDA, 0xDA, 0x00, 0xB3, 0xB3, 0xDA, 0xD8, 0xDA, 0xB5, 0xB5, 0xDA, 0xD8, 0xD8, 0x00, 0x00, 0xB3, 0xB4, 0xDA, 0xDA, 0x00, 0x06, 0x00, 0x05, 0x00, 0x03, 0x00, 0x02, 0x00, 0x00, 0x00, 0xB5, 0x00, 0x00, 0x00, 0x00, 0xB5, 0xB3, 0xB3, 0xB5, 0x00, 0xB5, 0xB3, 0xDA, 0xD8, 0xDA, 0xDA, 0x00, 0xB4, 0xD8, 0xD8, 0xDA, 0x00, 0x00, 0x00, 0xDA, 0xDA, 0x00, 0x00, 0x04, 0x00, 0x06, 0x00, 0x02, 0x00, 0x02, 0x00, 0x00, 0xB5, 0x00, 0x00, 0xB3, 0xB5, 0xB3, 0x00, 0xB4, 0xDA, 0xB3, 0xB5, 0xDA, 0xD8, 0xDA, 0xB5, 0xDA, 0xD8, 0xD8, 0xDA, 0x00, 0x00, 0xDA, 0xDA, 0x05, 0x00, 0x06, 0x00, 0x04, 0x00, 0x02, 0x00, 0x00, 0x00, 0xB5, 0x00, 0x00, 0x00, 0xB4, 0xB3, 0xB5, 0x00, 0xDA, 0xD8, 0xDA, 0xB3, 0xB5, 0xDA, 0xD8, 0xD8, 0xB3, 0x00, 0x00, 0xDA, 0xDA, 0xB5, 0x00, 0x00, 0x00, 0xDA, 0x00, 0x00, 0x06, 0x00, 0x04, 0x00, 0x05, 0x00, 0x01, 0x00, 0x00, 0xDA, 0xDA, 0xB4, 0xB3, 0x00, 0x00, 0xD8, 0xD8, 0xDA, 0xB5, 0xB5, 0xDA, 0xD8, 0xDA, 0xB3, 0xB3, 0x00, 0xDA, 0xDA, 0xB5, 0xB5, 0x00, 0x00, 0x06, 0x00, 0x05, 0x00, 0x05, 0x00, 0x02, 0x00, 0x00, 0x00, 0xDA, 0xDA, 0x00, 0x00, 0x00, 0xDA, 0xD8, 0xD8, 0xB4, 0x00, 0xDA, 0xDA, 0xD8, 0xDA, 0xB3, 0xB5, 0x00, 0xB5, 0xB3, 0xB3, 0xB5, 0x00, 0x00, 0x00, 0x00, 0xB5, 0x00, 0x00, 0x04, 0x00, 0x06, 0x00, 0x03, 0x00, 0x03, 0x00, 0xDA, 0xDA, 0x00, 0x00, 0xDA, 0xD8, 0xD8, 0xDA, 0xB5, 0xDA, 0xD8, 0xDA, 0xB5, 0xB3, 0xDA, 0xB4, 0x00, 0xB3, 0xB5, 0xB3, 0x00, 0x00, 0xB5, 0x00, 0x05, 0x00, 0x06, 0x00, 0x03, 0x00, 0x03, 0x00, 0x00, 0x00, 0xDA, 0x00, 0x00, 0x00, 0xB5, 0xDA, 0xDA, 0x00, 0x00, 0xB3, 0xD8, 0xD8, 0xDA, 0xB5, 0xB3, 0xDA, 0xD8, 0xDA, 0x00, 0xB5, 0xB3, 0xB4, 0x00, 0x00, 0x00, 0xB5, 0x00, 0x00, 0x05, 0x00, 0x04, 0x00, 0x02, 0x00, 0x01, 0x00, 0x00, 0x00, 0xB3, 0xB3, 0x00, 0xB3, 0xB2, 0xB2, 0xB3, 0xB4, 0xB3, 0xB2, 0xB3, 0xB4, 0xB5, 0x00, 0xB4, 0xB5, 0xB5, 0xB5, 0x04, 0x00, 0x04, 0x00, 0x02, 0x00, 0x01, 0x00, 0x00, 0x00, 0xB3, 0x00, 0x00, 0xB3, 0xB3, 0xB5, 0xB3, 0xB3, 0xB5, 0xB5, 0x00, 0xB5, 0xB5, 0x00, 0x02, 0x00, 0x03, 0x00, 0x01, 0x00, 0x01, 0x00, 0x00, 0xB5, 0xB3, 0xB5, 0xB4, 0xB5, 0x01, 0x00, 0x01, 0x00, 0x00, 0x00, 0x00, 0x00, 0xB4
//};
//
//#define GOBD 1;
//
//#endif


//n64
/* Audio definitions */
#define FREQUENCY 22050
#define MONO_PCM_SAMPLE_SIZE sizeof(signed short)
#define STEREO_PCM_SAMPLE_SIZE (MONO_PCM_SAMPLE_SIZE << 1)
/* Sound FX definitions */
#define SFX_NUM_CHANNELS    20
#define SFX_NUM_SOUNDS      5

typedef struct
{
	unsigned short sample_rate;
	unsigned char channels;
	unsigned long frames;
	unsigned long samples;
	signed char* data;
} pcm_sound_t;

typedef struct
{
	unsigned long cursor;
	pcm_sound_t* sfx;
} sfx_channel_t;

typedef struct
{
	// Setup state
	unsigned short sample_rate;
	unsigned long frames;
	signed short* buffer;
	//pcm_sound_t* sfx_cache[SFX_NUM_SOUNDS];
	// Playback state
	sfx_channel_t channels[SFX_NUM_CHANNELS];
} audio_t;

audio_t* JNBAudio;

void clear_screen();
unsigned short get_pad(int pad);
audio_t* audio_setup(const unsigned short sample_rate, const unsigned char buffers);
void read_dfs_pcm_sound(signed char* data, unsigned long size, unsigned short sample_rate, unsigned char soundeffect);
void audio_tick(audio_t* audio);
void audio_play_sfx(audio_t* audio, int sfx_sound);
void dj_ready_mod(int i);
void dj_load_sfx(char* file, int i);
void dj_play_sfx(int i);

// main.c
void steer_players(void);
void position_player(short player_num);
void fireworks(void);
void add_object(char type, short x, short y, long x_add, long y_add, short anim, short frame);
void update_objects(void);
char add_pob(char page, short x, short y, short image, char *pob_data);
void draw_pobs(char page); //, int offset
void redraw_pob_backgrounds(char page);
char add_leftovers(char page, short x, short y, short image, char *pob_data);
void draw_leftovers(char page);
char init_level(short level);
void deinit_level(void);
char init_program(int argc, char *argv[]);
void deinit_program(void);

void read_joy(void);
//char calib_joy(char type);
void read_mouse(void);

//unsigned short rnd(unsigned short max);
//char read_level(void);
int dat_open(char* file_name, char* dat_name, char* mode); //FILE *dat_open(char *file_name, char *dat_name, char *mode);
//int dat_filelen(char *file_name, char *dat_name);
unsigned short rnd(unsigned short max);

//void write_calib_data(void);


// menu.c

char menu(void);
char menu_init(void);
void menu_deinit(void);


// gfx.c
void drawpixel(int x, int y, unsigned char colour);
void open_screen(void);
void wait_vrt(void);
void get_block(char page, short x, short y, short width, short height, char *buffer);
void put_block(char page, short x, short y, short width, short height, sprite_t *buffer); //void put_block(char page, short x, short y, short width, short height, char *buffer);
void put_text(char page, int x, int y, char *text, char align);
void put_pob(char page, short x, short y, short image, char *pob_data, char mask, char *mask_pic);
void put_pob2(char page, short x, short y, short image, uint32_t* pob_data, char mask, char* mask_pic);
char pob_col(short x1, short y1, short image1, char *pob_data1, short x2, short y2, short image2, char *pob_data2);
short pob_width(short image, char *pob_data);
short pob_height(short image, char *pob_data);
short pob_hs_x(short image, char *pob_data);
short pob_hs_y(short image, char *pob_data);
char read_pcx(int handle, sprite_t* buffer, long buf_len, char* pal); //char read_pcx(int handle, char* buffer, long buf_len, char* pal);
void GOBStatistics(int Offset);
//char read_pcx(FILE *handle, char *buffer, long buf_len, char *pal);

// gfx.s

//void get_block(char page, long x, long y, long width, long height, char *buffer);
//void put_block(char page, long x, long y, long width, long height, char *buffer);


// interrpt.c

volatile char last_keys[50];

char hook_keyb_handler(void);
void remove_keyb_handler(void);
char key_pressed(unsigned char key);

